date,product_id,warehouse_id,demand,price,promotion_active,lead_time,supplier_delay,inventory_level,stockout
2026-01-01,1,1,52,394.74,0,4,0,148.57096417253751,0
2026-01-01,1,2,60,394.74,0,4,0,123.65310722006899,0
2026-01-01,1,3,57,394.74,0,4,0,154.36743689593874,0
2026-01-01,2,1,24,107.84,0,4,0,66.40970649274524,0
2026-01-01,2,2,26,107.84,0,12,8,47.71581225940373,0
2026-01-01,2,3,28,107.84,0,4,0,31.088786557344193,0
2026-01-01,3,1,43,261.97,0,2,0,48.795906997942055,0
2026-01-01,3,2,45,261.97,0,2,0,39.15977961975749,0
2026-01-01,3,3,44,261.97,0,2,0,59.95783728293513,0
2026-01-01,4,1,49,300.28,0,28,0,79.35343766020372,0
2026-01-01,4,2,43,300.28,0,28,0,107.8375238108388,0
2026-01-01,4,3,46,300.28,0,28,0,116.88966542022915,0
2026-01-01,5,1,27,32.76,0,6,0,35.50222610112722,0
2026-01-01,5,2,25,32.76,0,6,0,34.291624205733086,0
2026-01-01,5,3,29,32.76,0,6,0,63.48753348534786,0
2026-01-01,6,1,51,307.7,0,11,0,114.21251091649799,0
2026-01-01,6,2,42,307.7,0,11,0,125.60663847458204,0
2026-01-01,6,3,51,307.7,0,11,0,49.56015631352587,0
2026-01-01,7,1,28,93.56,0,8,0,76.14390691326719,0
2026-01-01,7,2,34,93.56,0,8,0,73.86400165070943,0
2026-01-01,7,3,28,93.56,0,8,0,45.38969000903732,0
2026-01-01,8,1,14,41.88,0,31,4,13.25879482274651,0
2026-01-01,8,2,26,41.88,0,27,0,46.0729149945194,0
2026-01-01,8,3,15,41.88,0,27,0,44.20848218531284,0
2026-01-01,9,1,74,474.95,0,10,0,160.75095103767345,0
2026-01-01,9,2,61,474.95,0,10,0,117.73064037940043,0
2026-01-01,9,3,58,474.95,0,10,0,157.10663322860756,0
2026-01-01,10,1,67,483.16,0,29,0,126.08813194494455,0
2026-01-01,10,2,63,483.16,0,29,0,73.7847899601997,0
2026-01-01,10,3,65,483.16,0,29,0,169.6846353680256,0
2026-01-01,11,1,55,406.11,0,8,0,62.44750174708907,0
2026-01-01,11,2,67,406.11,0,8,0,56.38407301653983,0
2026-01-01,11,3,53,406.11,0,8,0,107.52556668970267,0
2026-01-01,12,1,69,159.26,1,10,0,68.01225698082729,0
2026-01-01,12,2,28,159.26,0,10,0,61.041829470663956,0
2026-01-01,12,3,46,159.26,0,10,0,119.47735273797677,0
2026-01-01,13,1,16,57.86,0,14,5,41.114760151503546,0
2026-01-01,13,2,28,57.86,0,9,0,72.9416152508387,0
2026-01-01,13,3,25,57.86,0,9,0,39.595046098796374,0
2026-01-01,14,1,52,345.27,0,13,0,36.513485660235695,0
2026-01-01,14,2,54,345.27,0,13,0,59.371293486249435,0
2026-01-01,14,3,58,345.27,0,13,0,121.5492361072858,0
2026-01-01,15,1,36,225.67,0,3,0,28.814818302507796,0
2026-01-01,15,2,43,225.67,0,3,0,54.97693075956413,0
2026-01-01,15,3,26,225.67,0,12,9,24.25812154415099,0
2026-01-01,16,1,22,69.8,0,2,0,45.9301507977204,1
2026-01-01,16,2,33,69.8,0,2,0,70.84222460856297,0
2026-01-01,16,3,27,69.8,0,2,0,15.289513461559475,0
2026-01-01,17,1,53,252.64,0,17,0,87.21850799012596,0
2026-01-01,17,2,39,252.64,0,17,0,113.21607997283164,0
2026-01-01,17,3,46,252.64,0,17,0,31.18669457292633,0
2026-01-01,18,1,19,26.85,0,25,1,21.882990091205397,0
2026-01-01,18,2,25,26.85,0,24,0,46.74824270300546,0
2026-01-01,18,3,22,26.85,0,24,0,51.24062654148022,0
2026-01-01,19,1,66,455.57,0,24,0,72.36848186540612,0
2026-01-01,19,2,71,455.57,0,24,0,102.54687729629234,0
2026-01-01,19,3,62,455.57,0,24,0,39.29022099584218,0
2026-01-01,20,1,32,136.8,0,25,0,92.54407081011651,0
2026-01-01,20,2,39,136.8,0,25,0,40.24096976486233,0
2026-01-01,20,3,44,136.8,0,25,0,124.40220162560219,0
2026-01-01,21,1,55,334.64,0,6,0,124.55182903332049,0
2026-01-01,21,2,62,334.64,0,6,0,165.3646493231804,0
2026-01-01,21,3,58,334.64,0,6,0,50.25769914534369,0
2026-01-01,22,1,35,162.74,0,4,0,93.02462067403783,0
2026-01-01,22,2,27,162.74,0,4,0,61.30223070186599,0
2026-01-01,22,3,41,162.74,0,4,0,45.994225829104515,0
2026-01-01,23,1,53,264.83,0,13,0,124.67903657066354,0
2026-01-01,23,2,37,264.83,0,13,0,81.4961470064641,0
2026-01-01,23,3,47,264.83,0,13,0,74.76946021377032,0
2026-01-01,24,1,43,277.89,0,9,0,56.18878673984024,1
2026-01-01,24,2,52,277.89,0,9,0,35.80649112167001,0
2026-01-01,24,3,42,277.89,0,9,0,125.56229437808392,0
2026-01-01,25,1,29,100.58,0,23,0,22.23981478035162,0
2026-01-01,25,2,27,100.58,0,23,0,39.70811591931637,0
2026-01-01,25,3,28,100.58,0,23,0,16.26211657767553,0
2026-01-01,26,1,60,485.1,0,28,0,70.64364637726949,0
2026-01-01,26,2,77,485.1,0,28,0,215.4414862283452,0
2026-01-01,26,3,60,485.1,0,28,0,54.725139170550136,0
2026-01-01,27,1,56,389.82,0,4,0,144.08299089891204,0
2026-01-01,27,2,66,389.82,0,4,0,35.255874196454556,0
2026-01-01,27,3,60,389.82,0,4,0,117.77242984882079,0
2026-01-01,28,1,68,470.35,0,2,0,74.98442149603741,0
2026-01-01,28,2,68,470.35,0,2,0,162.6898524692789,1
2026-01-01,28,3,66,470.35,0,11,9,118.8507706491259,0
2026-01-01,29,1,75,448.47,0,4,0,201.8725504984397,0
2026-01-01,29,2,73,448.47,0,8,4,149.70649312200732,0
2026-01-01,29,3,56,448.47,0,4,0,89.24648908332207,0
2026-01-01,30,1,57,302.97,0,6,0,140.1705543156129,0
2026-01-01,30,2,50,302.97,0,6,0,57.28054853736979,0
2026-01-01,30,3,54,302.97,0,6,0,71.3814673888136,0
2026-01-01,31,1,60,461.72,0,16,0,81.85009249857949,0
2026-01-01,31,2,68,461.72,0,16,0,63.29437810427707,0
2026-01-01,31,3,62,461.72,0,16,0,44.74889273234362,0
2026-01-01,32,1,22,53.36,0,15,0,31.034842357644152,0
2026-01-01,32,2,35,53.36,0,23,8,62.26998868538536,0
2026-01-01,32,3,24,53.36,0,18,3,60.37207678758368,0
2026-01-01,33,1,29,106.03,0,4,0,59.32347093594646,0
2026-01-01,33,2,19,106.03,0,4,0,11.2424521373034,0
2026-01-01,33,3,46,106.03,0,4,0,35.32478130407424,0
2026-01-01,34,1,29,32.16,0,2,0,34.02013424383012,0
2026-01-01,34,2,20,32.16,0,2,0,15.98810659096256,0
2026-01-01,34,3,18,32.16,0,2,0,44.51270573733022,0
2026-01-01,35,1,44,169.41,0,6,0,69.48255008526473,0
2026-01-01,35,2,39,169.41,0,6,0,82.4769310298311,0
2026-01-01,35,3,30,169.41,0,6,0,22.63368544653028,0
2026-01-01,36,1,43,200.45,0,27,0,41.55595508551537,0
2026-01-01,36,2,40,200.45,0,27,0,61.03968269896615,0
2026-01-01,36,3,36,200.45,0,27,0,105.2523389947832,0
2026-01-01,37,1,37,142.96,0,24,0,104.4672789943017,0
2026-01-01,37,2,29,142.96,0,24,0,70.28823765641542,0
2026-01-01,37,3,26,142.96,0,24,0,20.46439360804823,0
2026-01-01,38,1,62,416.08,0,15,0,54.926220867501364,0
2026-01-01,38,2,57,416.08,0,15,0,37.530933292369404,0
2026-01-01,38,3,59,416.08,0,15,0,67.05949657765517,0
2026-01-01,39,1,26,184.81,0,8,0,35.67643732529469,0
2026-01-01,39,2,34,184.81,0,8,0,27.565263996271298,0
2026-01-01,39,3,39,184.81,0,8,0,75.51112853504141,0
2026-01-01,40,1,34,147.66,0,28,0,34.138322204058284,0
2026-01-01,40,2,36,147.66,0,28,0,50.29474357111522,0
2026-01-01,40,3,45,147.66,0,28,0,71.90267721414956,0
2026-01-01,41,1,47,275.92,0,10,0,50.78499167975103,0
2026-01-01,41,2,56,275.92,0,10,0,154.90609553503657,0
2026-01-01,41,3,40,275.92,0,10,0,33.927207266338726,0
2026-01-01,42,1,33,79.05,0,16,0,90.246138101704,0
2026-01-01,42,2,32,79.05,0,16,0,18.682594778862352,0
2026-01-01,42,3,23,79.05,0,16,0,31.169700551164677,0
2026-01-01,43,1,59,403.08,0,16,0,147.10106645248416,0
2026-01-01,43,2,55,403.08,0,16,0,126.50502377508523,0
2026-01-01,43,3,56,403.08,0,16,0,53.4236803521996,0
2026-01-01,44,1,18,46.53,0,27,0,29.79026116398597,0
2026-01-01,44,2,37,46.53,0,27,0,20.175192003427746,0
2026-01-01,44,3,25,46.53,0,27,0,56.040676492305764,0
2026-01-01,45,1,79,493.57,0,11,0,123.26580758222124,0
2026-01-01,45,2,76,493.57,0,11,0,123.6594805667851,0
2026-01-01,45,3,69,493.57,0,11,0,136.4950126660003,0
2026-01-01,46,1,64,388.4,0,29,0,160.45655177568182,1
2026-01-01,46,2,63,388.4,0,29,0,86.04949411263891,0
2026-01-01,46,3,59,388.4,0,29,0,62.629211383647345,0
2026-01-01,47,1,17,107.37,0,14,0,47.38095079539425,0
2026-01-01,47,2,30,107.37,0,14,0,15.982084244125021,0
2026-01-01,47,3,29,107.37,0,14,0,20.68785093570168,0
2026-01-01,48,1,15,12.71,0,20,0,10.015367902066032,0
2026-01-01,48,2,18,12.71,0,20,0,10.64473505316427,0
2026-01-01,48,3,18,12.71,0,20,0,43.89874275127548,0
2026-01-01,49,1,67,409.58,0,8,0,59.50274119339434,0
2026-01-01,49,2,50,409.58,0,8,0,71.66366453496912,0
2026-01-01,49,3,65,409.58,0,8,0,36.90309878181607,0
2026-01-01,50,1,62,356.36,0,18,0,34.05513335192644,0
2026-01-01,50,2,49,356.36,0,18,0,36.68157061301978,0
2026-01-01,50,3,59,356.36,0,18,0,151.95743002363128,0
2026-01-02,1,1,62,394.74,0,4,0,33.015298144164085,0
2026-01-02,1,2,58,394.74,0,6,2,113.54102634060537,0
2026-01-02,1,3,53,394.74,0,4,0,76.80924408216286,0
2026-01-02,2,1,27,107.84,0,4,0,41.13528652290873,0
2026-01-02,2,2,36,107.84,0,4,0,89.98697303525837,0
2026-01-02,2,3,31,107.84,0,4,0,57.47665163621719,0
2026-01-02,3,1,40,261.97,0,2,0,47.2307326519369,1
2026-01-02,3,2,47,261.97,0,2,0,91.24068587292479,0
2026-01-02,3,3,44,261.97,0,2,0,23.20954115243285,0
2026-01-02,4,1,53,300.28,0,28,0,105.65723603756585,0
2026-01-02,4,2,49,300.28,0,28,0,71.43446971056343,0
2026-01-02,4,3,54,300.28,0,28,0,126.63453821756,0
2026-01-02,5,1,16,32.76,0,6,0,22.226908658597964,0
2026-01-02,5,2,19,32.76,0,6,0,32.11239410445724,0
2026-01-02,5,3,26,32.76,0,6,0,16.342677876476273,0
2026-01-02,6,1,43,307.7,0,11,0,104.37306190267584,0
2026-01-02,6,2,61,307.7,0,11,0,96.8111691370713,0
2026-01-02,6,3,51,307.7,0,11,0,114.07380003393942,0
2026-01-02,7,1,23,93.56,0,8,0,42.65930447425559,0
2026-01-02,7,2,28,93.56,0,8,0,60.11483566975021,0
2026-01-02,7,3,22,93.56,0,8,0,65.32174043981558,0
2026-01-02,8,1,24,41.88,0,27,0,67.51489904493995,0
2026-01-02,8,2,26,41.88,0,27,0,76.11878593574892,0
2026-01-02,8,3,23,41.88,0,27,0,60.061590415766545,0
2026-01-02,9,1,65,474.95,0,17,7,45.00489526474649,0
2026-01-02,9,2,66,474.95,0,10,0,43.78379623182549,0
2026-01-02,9,3,73,474.95,0,10,0,198.19093905310413,0
2026-01-02,10,1,61,483.16,0,38,9,181.52705028462103,1
2026-01-02,10,2,81,483.16,0,29,0,95.51661164147333,0
2026-01-02,10,3,65,483.16,0,29,0,117.40936864061001,0
2026-01-02,11,1,126,406.11,1,8,0,288.39929429878623,0
2026-01-02,11,2,58,406.11,0,8,0,35.539598196946855,0
2026-01-02,11,3,63,406.11,0,8,0,186.21705612511286,0
2026-01-02,12,1,28,159.26,0,10,0,83.24294368693512,0
2026-01-02,12,2,34,159.26,0,10,0,87.60461400880308,0
2026-01-02,12,3,39,159.26,0,10,0,23.081363899094832,0
2026-01-02,13,1,20,57.86,0,9,0,35.91301833381961,0
2026-01-02,13,2,29,57.86,0,9,0,51.85547451281762,0
2026-01-02,13,3,37,57.86,0,9,0,87.67812337853115,1
2026-01-02,14,1,51,345.27,0,13,0,83.82259246614768,0
2026-01-02,14,2,54,345.27,0,13,0,152.76458092306362,0
2026-01-02,14,3,54,345.27,0,13,0,27.6860888754335,0
2026-01-02,15,1,47,225.67,0,3,0,90.62997567554996,0
2026-01-02,15,2,43,225.67,0,3,0,100.39531628752293,0
2026-01-02,15,3,41,225.67,0,3,0,54.73591007138688,0
2026-01-02,16,1,26,69.8,0,2,0,58.4343979725732,0
2026-01-02,16,2,32,69.8,0,2,0,16.41161366037718,0
2026-01-02,16,3,27,69.8,0,2,0,13.575607524907388,0
2026-01-02,17,1,49,252.64,0,17,0,38.69087245558157,0
2026-01-02,17,2,82,252.64,1,17,0,67.33198720910423,0
2026-01-02,17,3,89,252.64,1,17,0,84.43815446180294,0
2026-01-02,18,1,28,26.85,0,24,0,67.95978759786928,0
2026-01-02,18,2,22,26.85,0,24,0,14.185625330733908,0
2026-01-02,18,3,32,26.85,0,24,0,70.08418057494035,0
2026-01-02,19,1,62,455.57,0,24,0,158.33450684815335,0
2026-01-02,19,2,65,455.57,0,24,0,32.667290474915426,0
2026-01-02,19,3,72,455.57,0,24,0,89.70739757819867,0
2026-01-02,20,1,34,136.8,0,25,0,28.163485744797136,0
2026-01-02,20,2,24,136.8,0,29,4,31.244564426287646,0
2026-01-02,20,3,31,136.8,0,25,0,82.77951804551616,0
2026-01-02,21,1,47,334.64,0,6,0,47.43489678996221,0
2026-01-02,21,2,54,334.64,0,6,0,98.59784315331457,1
2026-01-02,21,3,53,334.64,0,6,0,26.663218159551434,0
2026-01-02,22,1,30,162.74,0,4,0,56.88095044373984,0
2026-01-02,22,2,41,162.74,0,4,0,64.90779176959471,0
2026-01-02,22,3,28,162.74,0,4,0,61.63196384515276,0
2026-01-02,23,1,53,264.83,0,13,0,152.72594454013,0
2026-01-02,23,2,50,264.83,0,13,0,43.24025925439318,0
2026-01-02,23,3,54,264.83,0,18,5,102.5525722707334,1
2026-01-02,24,1,52,277.89,0,9,0,37.42264488882834,0
2026-01-02,24,2,43,277.89,0,9,0,82.5106411881175,0
2026-01-02,24,3,46,277.89,0,9,0,42.260496959793024,0
2026-01-02,25,1,30,100.58,0,23,0,68.17953895881874,0
2026-01-02,25,2,27,100.58,0,23,0,36.412887996639405,0
2026-01-02,25,3,37,100.58,0,23,0,60.33944131794276,0
2026-01-02,26,1,70,485.1,0,28,0,49.28524685535318,0
2026-01-02,26,2,67,485.1,0,28,0,196.9574303497045,0
2026-01-02,26,3,71,485.1,0,28,0,152.4206301514055,0
2026-01-02,27,1,59,389.82,0,4,0,58.93251151204891,0
2026-01-02,27,2,60,389.82,0,4,0,156.06786094154003,0
2026-01-02,27,3,61,389.82,0,4,0,142.64092054652727,0
2026-01-02,28,1,72,470.35,0,2,0,128.51925620557049,0
2026-01-02,28,2,75,470.35,0,2,0,186.17926773855592,0
2026-01-02,28,3,75,470.35,0,2,0,104.8408180624184,0
2026-01-02,29,1,69,448.47,0,4,0,104.41600658229073,0
2026-01-02,29,2,61,448.47,0,4,0,108.67381879388529,0
2026-01-02,29,3,64,448.47,0,4,0,126.8669439730851,0
2026-01-02,30,1,46,302.97,0,6,0,97.99417323600035,0
2026-01-02,30,2,50,302.97,0,6,0,99.83924751251345,0
2026-01-02,30,3,50,302.97,0,6,0,135.46370870759407,0
2026-01-02,31,1,62,461.72,0,16,0,100.66224445812934,0
2026-01-02,31,2,68,461.72,0,16,0,95.07262714576174,0
2026-01-02,31,3,74,461.72,0,16,0,167.49633491075767,0
2026-01-02,32,1,26,53.36,0,15,0,48.09387956764382,1
2026-01-02,32,2,19,53.36,0,15,0,18.050495779954367,0
2026-01-02,32,3,28,53.36,0,15,0,62.174550610661676,0
2026-01-02,33,1,31,106.03,0,4,0,35.20240494205573,0
2026-01-02,33,2,33,106.03,0,4,0,26.873674724048527,0
2026-01-02,33,3,27,106.03,0,4,0,26.213563154178097,0
2026-01-02,34,1,26,32.16,0,2,0,75.61754413332594,0
2026-01-02,34,2,23,32.16,0,2,0,25.538469199286517,0
2026-01-02,34,3,23,32.16,0,2,0,18.00381459690295,0
2026-01-02,35,1,41,169.41,0,6,0,56.228800892301976,0
2026-01-02,35,2,46,169.41,0,6,0,122.64044676567921,0
2026-01-02,35,3,34,169.41,0,6,0,72.29349006229585,0
2026-01-02,36,1,38,200.45,0,27,0,104.63068671090221,0
2026-01-02,36,2,33,200.45,0,27,0,70.04865935053743,0
2026-01-02,36,3,36,200.45,0,27,0,68.7095034613613,0
2026-01-02,37,1,24,142.96,0,24,0,12.88002342277583,0
2026-01-02,37,2,43,142.96,0,24,0,103.1295152517081,0
2026-01-02,37,3,35,142.96,0,24,0,39.031095144824846,0
2026-01-02,38,1,56,416.08,0,15,0,132.56260025901517,0
2026-01-02,38,2,66,416.08,0,15,0,44.76124455910204,0
2026-01-02,38,3,61,416.08,0,15,0,60.566004302363794,0
2026-01-02,39,1,41,184.81,0,8,0,89.18484354762153,0
2026-01-02,39,2,50,184.81,0,8,0,36.203292394367764,0
2026-01-02,39,3,39,184.81,0,8,0,31.514208781786188,0
2026-01-02,40,1,41,147.66,0,28,0,50.766024645081785,0
2026-01-02,40,2,31,147.66,0,28,0,78.72051987158177,0
2026-01-02,40,3,34,147.66,0,28,0,17.2196412618235,0
2026-01-02,41,1,51,275.92,0,10,0,47.783613960490584,0
2026-01-02,41,2,53,275.92,0,10,0,100.25441017661502,0
2026-01-02,41,3,50,275.92,0,10,0,126.19124697105522,0
2026-01-02,42,1,32,79.05,0,16,0,28.238704066285013,0
2026-01-02,42,2,21,79.05,0,16,0,26.89426876756179,0
2026-01-02,42,3,29,79.05,0,16,0,33.12407895431432,0
2026-01-02,43,1,64,403.08,0,16,0,140.13459921398015,0
2026-01-02,43,2,53,403.08,0,16,0,28.596294658939676,0
2026-01-02,43,3,64,403.08,0,16,0,155.61963639190122,0
2026-01-02,44,1,23,46.53,0,27,0,34.5683050572415,0
2026-01-02,44,2,31,46.53,0,27,0,67.39420275038205,0
2026-01-02,44,3,24,46.53,0,27,0,47.56871949920536,0
2026-01-02,45,1,62,493.57,0,11,0,185.29947605915984,0
2026-01-02,45,2,63,493.57,0,11,0,45.480864571973534,0
2026-01-02,45,3,68,493.57,0,11,0,105.85714927735222,0
2026-01-02,46,1,112,388.4,1,29,0,330.74618481640505,0
2026-01-02,46,2,63,388.4,0,29,0,69.87593278005899,0
2026-01-02,46,3,63,388.4,0,29,0,155.59456315603174,0
2026-01-02,47,1,29,107.37,0,14,0,39.27140138752676,0
2026-01-02,47,2,29,107.37,0,14,0,51.45500788949811,0
2026-01-02,47,3,33,107.37,0,14,0,63.24246737914203,0
2026-01-02,48,1,28,12.71,0,20,0,51.781283313196,0
2026-01-02,48,2,18,12.71,0,20,0,18.539212090600735,0
2026-01-02,48,3,23,12.71,0,21,1,24.357829983537897,0
2026-01-02,49,1,57,409.58,0,8,0,73.20619599515868,0
2026-01-02,49,2,74,409.58,0,8,0,190.42649495113747,0
2026-01-02,49,3,57,409.58,0,8,0,96.6483482843503,0
2026-01-02,50,1,57,356.36,0,18,0,139.1831173422162,0
2026-01-02,50,2,54,356.36,0,18,0,141.94556606942083,1
2026-01-02,50,3,115,356.36,1,18,0,162.37948800405223,0
2026-01-03,1,1,64,394.74,0,4,0,152.6805670950181,0
2026-01-03,1,2,57,394.74,0,4,0,52.81972809337477,0
2026-01-03,1,3,67,394.74,0,4,0,137.02365544310365,0
2026-01-03,2,1,31,107.84,0,4,0,32.61220380838704,0
2026-01-03,2,2,40,107.84,0,4,0,60.479842908519984,0
2026-01-03,2,3,39,107.84,0,4,0,66.45939753714907,0
2026-01-03,3,1,49,261.97,0,2,0,75.77612614893208,0
2026-01-03,3,2,50,261.97,0,2,0,48.71185602183465,0
2026-01-03,3,3,45,261.97,0,2,0,29.76937648245969,1
2026-01-03,4,1,58,300.28,0,28,0,122.68306790206366,0
2026-01-03,4,2,59,300.28,0,28,0,149.07617437797427,0
2026-01-03,4,3,49,300.28,0,28,0,141.63721835449618,0
2026-01-03,5,1,28,32.76,0,6,0,79.12232193864766,0
2026-01-03,5,2,27,32.76,0,6,0,46.94301698361627,0
2026-01-03,5,3,28,32.76,0,6,0,75.77216083192698,0
2026-01-03,6,1,61,307.7,0,11,0,37.79420011010108,1
2026-01-03,6,2,55,307.7,0,11,0,32.3909942173879,0
2026-01-03,6,3,57,307.7,0,11,0,169.80134826401405,0
2026-01-03,7,1,29,93.56,0,8,0,54.34716316962202,0
2026-01-03,7,2,26,93.56,0,8,0,18.370148124852467,0
2026-01-03,7,3,30,93.56,0,8,0,20.194072971439496,0
2026-01-03,8,1,25,41.88,0,27,0,32.63846896528927,0
2026-01-03,8,2,34,41.88,0,27,0,61.265292055908084,0
2026-01-03,8,3,29,41.88,0,27,0,81.78606392363861,0
2026-01-03,9,1,83,474.95,0,10,0,237.1882363320268,0
2026-01-03,9,2,67,474.95,0,10,0,182.05992078505264,0
2026-01-03,9,3,72,474.95,0,10,0,171.90754717433012,0
2026-01-03,10,1,75,483.16,0,29,0,183.08389621869836,0
2026-01-03,10,2,76,483.16,0,29,0,193.37921267281956,0
2026-01-03,10,3,70,483.16,0,29,0,163.24027033409385,0
2026-01-03,11,1,69,406.11,0,8,0,153.33271460364065,0
2026-01-03,11,2,57,406.11,0,8,0,51.31020798102665,0
2026-01-03,11,3,131,406.11,1,8,0,327.5232422489747,0
2026-01-03,12,1,37,159.26,0,10,0,75.47865414906656,0
2026-01-03,12,2,41,159.26,0,10,0,98.50155290287961,1
2026-01-03,12,3,41,159.26,0,10,0,118.70253171223648,0
2026-01-03,13,1,35,57.86,0,9,0,104.67925454238414,0
2026-01-03,13,2,29,57.86,0,9,0,78.7491940837179,0
2026-01-03,13,3,23,57.86,0,9,0,57.166346548432344,0
2026-01-03,14,1,66,345.27,0,13,0,138.98371177436252,0
2026-01-03,14,2,70,345.27,0,13,0,153.3818890146134,0
2026-01-03,14,3,66,345.27,0,13,0,115.21218757346985,0
2026-01-03,15,1,51,225.67,0,3,0,126.04840799573182,0
2026-01-03,15,2,53,225.67,0,3,0,69.98553985323377,0
2026-01-03,15,3,55,225.67,0,3,0,164.7727828165306,0
2026-01-03,16,1,35,69.8,0,2,0,73.16551941197037,0
2026-01-03,16,2,30,69.8,0,2,0,57.890420342038986,0
2026-01-03,16,3,38,69.8,0,2,0,50.77857243048356,1
2026-01-03,17,1,51,252.64,0,17,0,63.587510632568566,0
2026-01-03,17,2,42,252.64,0,17,0,112.6366763008832,0
2026-01-03,17,3,45,252.64,0,17,0,37.516496896793676,0
2026-01-03,18,1,14,26.85,0,24,0,22.289774591531284,0
2026-01-03,18,2,23,26.85,0,24,0,54.70406744667013,0
2026-01-03,18,3,29,26.85,0,24,0,18.636467283465937,0
2026-01-03,19,1,70,455.57,0,24,0,82.59120207251043,0
2026-01-03,19,2,73,455.57,0,24,0,48.429323755500306,0
2026-01-03,19,3,59,455.57,0,24,0,80.7331406231793,0
2026-01-03,20,1,43,136.8,0,25,0,125.06490167795667,0
2026-01-03,20,2,31,136.8,0,25,0,72.13862478600656,0
2026-01-03,20,3,36,136.8,0,25,0,35.82878694837661,0
2026-01-03,21,1,51,334.64,0,6,0,40.0472125732115,0
2026-01-03,21,2,65,334.64,0,6,0,170.7251093991849,0
2026-01-03,21,3,61,334.64,0,6,0,40.81942518975024,0
2026-01-03,22,1,45,162.74,0,4,0,74.05882217197384,0
2026-01-03,22,2,44,162.74,0,4,0,72.85251171006679,0
2026-01-03,22,3,46,162.74,0,4,0,30.161407176416848,0
2026-01-03,23,1,49,264.83,0,13,0,44.676528295456244,0
2026-01-03,23,2,48,264.83,0,13,0,48.58575289808551,0
2026-01-03,23,3,50,264.83,0,13,0,148.1237070176094,0
2026-01-03,24,1,45,277.89,0,9,0,74.69227989138744,0
2026-01-03,24,2,55,277.89,0,9,0,140.539184582531,0
2026-01-03,24,3,49,277.89,0,9,0,49.46139124314191,0
2026-01-03,25,1,45,100.58,0,23,0,112.26534295678809,0
2026-01-03,25,2,41,100.58,0,23,0,36.69036934062317,0
2026-01-03,25,3,34,100.58,0,23,0,32.65911133523222,0
2026-01-03,26,1,72,485.1,0,28,0,115.25821530630282,0
2026-01-03,26,2,74,485.1,0,28,0,215.91842382294652,0
2026-01-03,26,3,81,485.1,0,28,0,169.02093283392313,0
2026-01-03,27,1,70,389.82,0,4,0,160.88688391460275,0
2026-01-03,27,2,77,389.82,0,4,0,74.57679923878459,0
2026-01-03,27,3,59,389.82,0,4,0,98.99726509259015,0
2026-01-03,28,1,78,470.35,0,2,0,135.3714272138085,0
2026-01-03,28,2,77,470.35,0,2,0,57.87271461578017,0
2026-01-03,28,3,75,470.35,0,2,0,121.94080854476486,0
2026-01-03,29,1,75,448.47,0,4,0,125.86634388715585,0
2026-01-03,29,2,68,448.47,0,4,0,148.9501855528238,0
2026-01-03,29,3,72,448.47,0,4,0,76.89232026423268,0
2026-01-03,30,1,54,302.97,0,6,0,120.7103274238272,0
2026-01-03,30,2,58,302.97,0,6,0,155.32464992814255,0
2026-01-03,30,3,56,302.97,0,6,0,64.44016005924041,0
2026-01-03,31,1,71,461.72,0,16,0,117.2135931383419,0
2026-01-03,31,2,67,461.72,0,16,0,197.11405502553544,0
2026-01-03,31,3,73,461.72,0,23,7,214.03167892780567,0
2026-01-03,32,1,27,53.36,0,15,0,79.77141179509236,0
2026-01-03,32,2,42,53.36,0,15,0,68.23343183711873,0
2026-01-03,32,3,33,53.36,0,15,0,38.223552159639006,1
2026-01-03,33,1,40,106.03,0,4,0,79.88082963834914,0
2026-01-03,33,2,31,106.03,0,4,0,41.10662030037247,0
2026-01-03,33,3,42,106.03,0,4,0,50.95548552751822,0
2026-01-03,34,1,29,32.16,0,2,0,56.067827558553304,0
2026-01-03,34,2,37,32.16,0,2,0,67.08467757061482,1
2026-01-03,34,3,28,32.16,0,2,0,80.90771386045266,1
2026-01-03,35,1,42,169.41,0,6,0,35.43999635578661,0
2026-01-03,35,2,47,169.41,0,6,0,134.90272762014447,0
2026-01-03,35,3,38,169.41,0,6,0,41.24752244747114,0
2026-01-03,36,1,47,200.45,0,27,0,55.409329858247176,0
2026-01-03,36,2,50,200.45,0,27,0,25.36512907767025,1
2026-01-03,36,3,44,200.45,0,27,0,48.27423264421204,0
2026-01-03,37,1,37,142.96,0,24,0,59.89080307232735,0
2026-01-03,37,2,51,142.96,0,24,0,134.40233970043928,1
2026-01-03,37,3,38,142.96,0,24,0,60.661156411056375,0
2026-01-03,38,1,58,416.08,0,23,8,86.56718097939279,0
2026-01-03,38,2,67,416.08,0,15,0,179.93227288476695,0
2026-01-03,38,3,56,416.08,0,15,0,46.408476785717426,0
2026-01-03,39,1,48,184.81,0,8,0,109.68391733602276,0
2026-01-03,39,2,43,184.81,0,8,0,124.1690049846363,0
2026-01-03,39,3,89,184.81,1,8,0,197.266255752105,0
2026-01-03,40,1,37,147.66,0,28,0,52.637404512884785,0
2026-01-03,40,2,43,147.66,0,28,0,93.37155952271327,0
2026-01-03,40,3,39,147.66,0,28,0,20.48779044270498,0
2026-01-03,41,1,55,275.92,0,10,0,44.0767822555074,0
2026-01-03,41,2,56,275.92,0,10,0,47.899197331084075,1
2026-01-03,41,3,66,275.92,0,10,0,40.21694693097631,0
2026-01-03,42,1,31,79.05,0,16,0,72.01094528508223,0
2026-01-03,42,2,42,79.05,0,16,0,49.915023296818944,0
2026-01-03,42,3,29,79.05,0,16,0,72.38257468758056,0
2026-01-03,43,1,56,403.08,0,16,0,109.50782452317594,0
2026-01-03,43,2,62,403.08,0,16,0,137.70277786628122,0
2026-01-03,43,3,61,403.08,0,16,0,34.38078338562701,0
2026-01-03,44,1,28,46.53,0,27,0,19.019832219335573,0
2026-01-03,44,2,22,46.53,0,27,0,22.984090484024456,0
2026-01-03,44,3,36,46.53,0,27,0,30.64976708205247,0
2026-01-03,45,1,74,493.57,0,11,0,44.21426232635864,1
2026-01-03,45,2,77,493.57,0,11,0,42.995278543175786,0
2026-01-03,45,3,74,493.57,0,11,0,201.354679377106,0
2026-01-03,46,1,65,388.4,0,29,0,79.36588364554618,0
2026-01-03,46,2,67,388.4,0,29,0,59.31929473239659,0
2026-01-03,46,3,54,388.4,0,29,0,139.54274486157405,0
2026-01-03,47,1,30,107.37,0,14,0,87.48130393998055,0
2026-01-03,47,2,32,107.37,0,14,0,27.13573610765564,0
2026-01-03,47,3,37,107.37,0,14,0,71.16740590936115,0
2026-01-03,48,1,31,12.71,0,20,0,18.558113799044698,0
2026-01-03,48,2,28,12.71,0,20,0,74.89784117533794,0
2026-01-03,48,3,35,12.71,0,20,0,86.99343297307297,0
2026-01-03,49,1,66,409.58,0,8,0,194.86291739684305,0
2026-01-03,49,2,60,409.58,0,8,0,86.29948618794029,0
2026-01-03,49,3,67,409.58,0,8,0,115.96451790019798,0
2026-01-03,50,1,49,356.36,0,18,0,74.42906555029258,0
2026-01-03,50,2,67,356.36,0,18,0,183.092609370232,0
2026-01-03,50,3,60,356.36,0,18,0,106.56487335063484,0
2026-01-04,1,1,71,394.74,0,9,5,158.42450659783668,0
2026-01-04,1,2,70,394.74,0,4,0,175.77651134391337,0
2026-01-04,1,3,70,394.74,0,4,0,86.5583943605838,1
2026-01-04,2,1,39,107.84,0,4,0,91.69642286546812,0
2026-01-04,2,2,42,107.84,0,4,0,109.82175116616187,0
2026-01-04,2,3,40,107.84,0,4,0,27.76493346716051,0
2026-01-04,3,1,48,261.97,0,2,0,120.98822520110664,0
2026-01-04,3,2,50,261.97,0,2,0,90.32207491709315,0
2026-01-04,3,3,55,261.97,0,2,0,34.40607657629639,0
2026-01-04,4,1,60,300.28,0,28,0,64.85764845840717,0
2026-01-04,4,2,60,300.28,0,28,0,78.2243551871823,0
2026-01-04,4,3,55,300.28,0,28,0,162.10990333653623,0
2026-01-04,5,1,14,32.76,0,6,0,27.50526759587317,0
2026-01-04,5,2,30,32.76,0,6,0,33.144876023664715,0
2026-01-04,5,3,34,32.76,0,6,0,29.144456713849998,0
2026-01-04,6,1,70,307.7,0,11,0,84.74796626231543,0
2026-01-04,6,2,52,307.7,0,11,0,26.017510090583094,0
2026-01-04,6,3,62,307.7,0,11,0,140.581355555636,0
2026-01-04,7,1,36,93.56,0,12,4,95.98931835741783,0
2026-01-04,7,2,30,93.56,0,8,0,46.678839163822936,0
2026-01-04,7,3,39,93.56,0,8,0,101.8142484845673,0
2026-01-04,8,1,30,41.88,0,27,0,80.66334199144622,0
2026-01-04,8,2,32,41.88,0,27,0,37.51744252763088,0
2026-01-04,8,3,31,41.88,0,27,0,23.62262503731184,0
2026-01-04,9,1,68,474.95,0,10,0,141.85210469871924,0
2026-01-04,9,2,146,474.95,1,10,0,140.89839500206796,0
2026-01-04,9,3,78,474.95,0,10,0,181.4467903869641,0
2026-01-04,10,1,72,483.16,0,29,0,42.4689614858796,0
2026-01-04,10,2,75,483.16,0,29,0,125.27890149394321,0
2026-01-04,10,3,72,483.16,0,37,8,184.19569736772922,0
2026-01-04,11,1,61,406.11,0,8,0,169.43797717202602,0
2026-01-04,11,2,70,406.11,0,8,0,40.498818764472766,0
2026-01-04,11,3,71,406.11,0,8,0,191.2823459880137,1
2026-01-04,12,1,37,159.26,0,10,0,60.5799972794518,0
2026-01-04,12,2,43,159.26,0,10,0,29.711381586581517,0
2026-01-04,12,3,47,159.26,0,10,0,74.67214599298241,0
2026-01-04,13,1,34,57.86,0,9,0,65.50521802987946,0
2026-01-04,13,2,25,57.86,0,9,0,67.45344467789904,0
2026-01-04,13,3,24,57.86,0,9,0,24.425695090594274,0
2026-01-04,14,1,64,345.27,0,13,0,181.98055010629133,0
2026-01-04,14,2,64,345.27,0,13,0,190.43342297401944,0
2026-01-04,14,3,69,345.27,0,13,0,145.69197764305426,0
2026-01-04,15,1,52,225.67,0,3,0,142.48976453329453,0
2026-01-04,15,2,55,225.67,0,3,0,162.47733202971156,0
2026-01-04,15,3,54,225.67,0,3,0,154.89835869417033,0
2026-01-04,16,1,35,69.8,0,2,0,22.805031030815968,0
2026-01-04,16,2,25,69.8,0,2,0,15.285238965542447,0
2026-01-04,16,3,32,69.8,0,2,0,44.34142118728373,0
2026-01-04,17,1,44,252.64,0,17,0,72.4457737865224,0
2026-01-04,17,2,52,252.64,0,17,0,142.69770744813437,0
2026-01-04,17,3,39,252.64,0,17,0,83.76359203577884,0
2026-01-04,18,1,31,26.85,0,24,0,47.01724042489019,0
2026-01-04,18,2,32,26.85,0,24,0,30.087637706447573,0
2026-01-04,18,3,57,26.85,1,26,2,132.8274714751212,0
2026-01-04,19,1,76,455.57,0,24,0,184.88691792251856,0
2026-01-04,19,2,70,455.57,0,24,0,171.73604710752107,0
2026-01-04,19,3,77,455.57,0,24,0,189.50101516565792,0
2026-01-04,20,1,41,136.8,0,25,0,25.22081525447053,0
2026-01-04,20,2,36,136.8,0,25,0,40.12266953755377,0
2026-01-04,20,3,43,136.8,0,28,3,52.55513093273532,0
2026-01-04,21,1,52,334.64,0,6,0,124.05444653511296,0
2026-01-04,21,2,51,334.64,0,6,0,71.03294781081411,0
2026-01-04,21,3,66,334.64,0,6,0,72.66582062742864,0
2026-01-04,22,1,36,162.74,0,4,0,63.53621169614385,0
2026-01-04,22,2,44,162.74,0,4,0,46.73792384975037,0
2026-01-04,22,3,37,162.74,0,4,0,58.04391939785033,0
2026-01-04,23,1,56,264.83,0,13,0,146.41893706439546,0
2026-01-04,23,2,51,264.83,0,13,0,138.8331465604628,0
2026-01-04,23,3,56,264.83,0,13,0,32.593347378005184,0
2026-01-04,24,1,45,277.89,0,9,0,121.44336420691423,0
2026-01-04,24,2,50,277.89,0,9,0,128.09848203472333,0
2026-01-04,24,3,59,277.89,0,12,3,92.22115735205985,1
2026-01-04,25,1,32,100.58,0,23,0,93.84625303778662,0
2026-01-04,25,2,36,100.58,0,23,0,38.73749959056149,1
2026-01-04,25,3,39,100.58,0,23,0,91.83489187847472,0
2026-01-04,26,1,68,485.1,0,28,0,89.30017278391529,0
2026-01-04,26,2,78,485.1,0,28,0,196.30523634047415,0
2026-01-04,26,3,73,485.1,0,28,0,144.2914047040214,0
2026-01-04,27,1,60,389.82,0,4,0,147.09475761383356,0
2026-01-04,27,2,67,389.82,0,12,8,94.08646768897975,0
2026-01-04,27,3,72,389.82,0,4,0,163.52814554870352,0
2026-01-04,28,1,74,470.35,0,2,0,66.41962569194834,0
2026-01-04,28,2,70,470.35,0,2,0,40.400133253912685,0
2026-01-04,28,3,77,470.35,0,2,0,166.54064239089303,0
2026-01-04,29,1,67,448.47,0,4,0,125.50938672291741,0
2026-01-04,29,2,80,448.47,0,4,0,117.44745423561918,0
2026-01-04,29,3,143,448.47,1,4,0,291.6885098544278,0
2026-01-04,30,1,54,302.97,0,6,0,94.6468638353966,0
2026-01-04,30,2,47,302.97,0,6,0,80.16606244713259,0
2026-01-04,30,3,53,302.97,0,6,0,152.7018929611397,0
2026-01-04,31,1,77,461.72,0,16,0,99.43581056406497,0
2026-01-04,31,2,79,461.72,0,16,0,101.29047426888819,0
2026-01-04,31,3,65,461.72,0,16,0,58.95744557249036,0
2026-01-04,32,1,66,53.36,1,15,0,64.58556728242452,0
2026-01-04,32,2,32,53.36,0,15,0,35.77052437291135,0
2026-01-04,32,3,36,53.36,0,15,0,78.97868509531807,0
2026-01-04,33,1,33,106.03,0,4,0,80.9321612232368,0
2026-01-04,33,2,38,106.03,0,4,0,49.899121062832435,0
2026-01-04,33,3,35,106.03,0,13,9,82.06493617302803,0
2026-01-04,34,1,24,32.16,0,2,0,35.85674271317223,0
2026-01-04,34,2,24,32.16,0,2,0,51.405363808473425,0
2026-01-04,34,3,24,32.16,0,2,0,16.53501683124402,0
2026-01-04,35,1,51,169.41,0,6,0,108.18436456513274,0
2026-01-04,35,2,92,169.41,1,6,0,103.70540050895357,0
2026-01-04,35,3,37,169.41,0,6,0,73.78431615000004,0
2026-01-04,36,1,41,200.45,0,27,0,36.36993279126629,0
2026-01-04,36,2,48,200.45,0,27,0,108.13675133009684,0
2026-01-04,36,3,39,200.45,0,30,3,110.78604609278888,0
2026-01-04,37,1,44,142.96,0,24,0,103.3349052814443,0
2026-01-04,37,2,47,142.96,0,24,0,110.78193455149216,0
2026-01-04,37,3,42,142.96,0,24,0,106.81149269351623,0
2026-01-04,38,1,69,416.08,0,15,0,74.03216158444296,0
2026-01-04,38,2,70,416.08,0,15,0,178.21467413423403,0
2026-01-04,38,3,61,416.08,0,15,0,63.19698865645759,0
2026-01-04,39,1,53,184.81,0,8,0,106.89195352506032,0
2026-01-04,39,2,43,184.81,0,8,0,111.63787213812516,0
2026-01-04,39,3,37,184.81,0,8,0,75.55248372636005,0
2026-01-04,40,1,41,147.66,0,28,0,27.517018731691753,0
2026-01-04,40,2,32,147.66,0,28,0,45.47591359332631,0
2026-01-04,40,3,42,147.66,0,28,0,68.70626942210379,0
2026-01-04,41,1,45,275.92,0,10,0,95.5487615148992,0
2026-01-04,41,2,43,275.92,0,10,0,52.93118436931076,0
2026-01-04,41,3,50,275.92,0,10,0,86.38696617289564,0
2026-01-04,42,1,33,79.05,0,16,0,50.2978619035194,0
2026-01-04,42,2,36,79.05,0,16,0,97.35215506591572,0
2026-01-04,42,3,28,79.05,0,16,0,34.243121240716484,0
2026-01-04,43,1,55,403.08,0,16,0,76.14600932625994,0
2026-01-04,43,2,69,403.08,0,16,0,192.12850656813723,0
2026-01-04,43,3,69,403.08,0,16,0,185.66510221704874,0
2026-01-04,44,1,30,46.53,0,27,0,52.7349354413655,0
2026-01-04,44,2,31,46.53,0,27,0,73.49757865909484,0
2026-01-04,44,3,31,46.53,0,27,0,67.70751985430535,0
2026-01-04,45,1,75,493.57,0,11,0,67.75552519788445,0
2026-01-04,45,2,159,493.57,1,11,0,433.6150751558008,0
2026-01-04,45,3,75,493.57,0,11,0,151.45362808043487,0
2026-01-04,46,1,57,388.4,0,29,0,61.873980357002615,0
2026-01-04,46,2,54,388.4,0,29,0,84.90748501306948,0
2026-01-04,46,3,71,388.4,0,29,0,65.9756686177173,0
2026-01-04,47,1,39,107.37,0,14,0,30.750977612444444,0
2026-01-04,47,2,47,107.37,0,14,0,40.28393086568399,0
2026-01-04,47,3,36,107.37,0,14,0,63.70245575629012,0
2026-01-04,48,1,55,12.71,1,20,0,36.993812118257466,0
2026-01-04,48,2,21,12.71,0,20,0,11.023885774568592,0
2026-01-04,48,3,31,12.71,0,20,0,79.15759812480381,0
2026-01-04,49,1,65,409.58,0,8,0,62.309356915558105,0
2026-01-04,49,2,74,409.58,0,8,0,51.00444955231068,0
2026-01-04,49,3,65,409.58,0,8,0,120.53615669347903,0
2026-01-04,50,1,66,356.36,0,18,0,45.22739472485306,0
2026-01-04,50,2,56,356.36,0,18,0,77.07287480006266,0
2026-01-04,50,3,58,356.36,0,18,0,96.31458536218761,0
2026-01-05,1,1,59,394.74,0,4,0,30.283737661081027,0
2026-01-05,1,2,71,394.74,0,4,0,47.2972403252883,0
2026-01-05,1,3,64,394.74,0,4,0,114.88129062473998,0
2026-01-05,2,1,35,107.84,0,4,0,82.44715387992012,0
2026-01-05,2,2,33,107.84,0,4,0,79.09401399602346,0
2026-01-05,2,3,33,107.84,0,4,0,64.2515572472351,0
2026-01-05,3,1,42,261.97,0,2,0,42.23668895507616,0
2026-01-05,3,2,52,261.97,0,2,0,81.23060957285131,0
2026-01-05,3,3,48,261.97,0,2,0,69.93585173236653,0
2026-01-05,4,1,48,300.28,0,28,0,56.63352473021385,0
2026-01-05,4,2,44,300.28,0,28,0,51.646304852149996,0
2026-01-05,4,3,56,300.28,0,28,0,111.34245722984848,0
2026-01-05,5,1,28,32.76,0,6,0,27.140568398457646,0
2026-01-05,5,2,28,32.76,0,6,0,44.264235848234314,1
2026-01-05,5,3,29,32.76,0,10,4,71.32349820375057,0
2026-01-05,6,1,53,307.7,0,11,0,124.0503269350329,0
2026-01-05,6,2,55,307.7,0,11,0,124.69020516982441,0
2026-01-05,6,3,55,307.7,0,11,0,155.86602397542663,0
2026-01-05,7,1,21,93.56,0,10,2,27.20048346243228,0
2026-01-05,7,2,33,93.56,0,8,0,49.99597364075413,1
2026-01-05,7,3,31,93.56,0,8,0,39.44408923028183,0
2026-01-05,8,1,27,41.88,0,29,2,55.66144824773088,0
2026-01-05,8,2,34,41.88,0,27,0,50.08459009380202,0
2026-01-05,8,3,23,41.88,0,27,0,64.92552240088911,0
2026-01-05,9,1,74,474.95,0,10,0,169.2935298374845,0
2026-01-05,9,2,71,474.95,0,10,0,155.27456863471537,0
2026-01-05,9,3,68,474.95,0,10,0,151.45027601363986,0
2026-01-05,10,1,63,483.16,0,29,0,56.10253456814296,0
2026-01-05,10,2,67,483.16,0,29,0,145.3498990935281,0
2026-01-05,10,3,78,483.16,0,29,0,157.8909979047601,0
2026-01-05,11,1,62,406.11,0,8,0,106.71682306228533,0
2026-01-05,11,2,64,406.11,0,8,0,76.3220038921566,0
2026-01-05,11,3,59,406.11,0,8,0,34.18220539251582,0
2026-01-05,12,1,36,159.26,0,10,0,97.28757050756917,0
2026-01-05,12,2,40,159.26,0,10,0,48.6519548927123,0
2026-01-05,12,3,33,159.26,0,19,9,73.52497427438958,0
2026-01-05,13,1,24,57.86,0,9,0,32.850424945510866,0
2026-01-05,13,2,28,57.86,0,9,0,76.43251722795938,0
2026-01-05,13,3,21,57.86,0,9,0,35.434925676346786,0
2026-01-05,14,1,54,345.27,0,13,0,86.19165655882806,0
2026-01-05,14,2,53,345.27,0,13,0,110.05197475975973,0
2026-01-05,14,3,53,345.27,0,13,0,74.94143038302559,0
2026-01-05,15,1,48,225.67,0,3,0,42.717703643871985,0
2026-01-05,15,2,51,225.67,0,3,0,65.24045313566778,1
2026-01-05,15,3,45,225.67,0,3,0,67.01714590205167,0
2026-01-05,16,1,28,69.8,0,2,0,27.350819131362627,0
2026-01-05,16,2,22,69.8,0,2,0,13.472879287535312,0
2026-01-05,16,3,31,69.8,0,2,0,88.38248856580788,1
2026-01-05,17,1,50,252.64,0,17,0,110.87989382281008,0
2026-01-05,17,2,56,252.64,0,17,0,45.25256060028548,0
2026-01-05,17,3,46,252.64,0,17,0,107.66757816539082,0
2026-01-05,18,1,30,26.85,0,24,0,87.76765083111576,0
2026-01-05,18,2,25,26.85,0,24,0,43.17281291952253,0
2026-01-05,18,3,22,26.85,0,24,0,42.71377039213448,0
2026-01-05,19,1,65,455.57,0,24,0,151.03786259764536,0
2026-01-05,19,2,70,455.57,0,24,0,39.416535523446235,0
2026-01-05,19,3,74,455.57,0,24,0,152.34339864606986,0
2026-01-05,20,1,37,136.8,0,25,0,39.965155922356935,0
2026-01-05,20,2,29,136.8,0,25,0,83.26646338331912,0
2026-01-05,20,3,31,136.8,0,25,0,76.40048002379892,0
2026-01-05,21,1,113,334.64,1,6,0,271.3198680502983,0
2026-01-05,21,2,62,334.64,0,6,0,89.24977745614338,0
2026-01-05,21,3,48,334.64,0,6,0,104.40390453690802,0
2026-01-05,22,1,40,162.74,0,4,0,82.6322351656195,0
2026-01-05,22,2,33,162.74,0,4,0,44.22058236668397,0
2026-01-05,22,3,41,162.74,0,4,0,39.88675775235592,0
2026-01-05,23,1,57,264.83,0,13,0,58.536356533043076,0
2026-01-05,23,2,52,264.83,0,13,0,146.55617347621865,0
2026-01-05,23,3,43,264.83,0,13,0,51.90112154707872,0
2026-01-05,24,1,48,277.89,0,9,0,59.25310874092689,1
2026-01-05,24,2,43,277.89,0,9,0,53.28286322334217,0
2026-01-05,24,3,51,277.89,0,9,0,70.17768937630018,0
2026-01-05,25,1,33,100.58,0,23,0,45.11809305006181,0
2026-01-05,25,2,41,100.58,0,23,0,35.08116207712358,0
2026-01-05,25,3,31,100.58,0,23,0,91.82554515744978,0
2026-01-05,26,1,70,485.1,0,28,0,63.854835898899225,0
2026-01-05,26,2,66,485.1,0,28,0,183.68339226954032,0
2026-01-05,26,3,129,485.1,1,28,0,356.287145191838,0
2026-01-05,27,1,57,389.82,0,4,0,162.66843971553286,0
2026-01-05,27,2,58,389.82,0,4,0,65.17143962251868,0
2026-01-05,27,3,56,389.82,0,4,0,69.83999893626431,0
2026-01-05,28,1,73,470.35,0,2,0,208.0902970167595,0
2026-01-05,28,2,68,470.35,0,2,0,53.87700103931655,0
2026-01-05,28,3,61,470.35,0,2,0,142.41717744738753,0
2026-01-05,29,1,64,448.47,0,4,0,66.86539332032216,1
2026-01-05,29,2,65,448.47,0,4,0,174.36565152982885,0
2026-01-05,29,3,69,448.47,0,4,0,48.77162183508321,0
2026-01-05,30,1,52,302.97,0,6,0,35.83594350753441,0
2026-01-05,30,2,53,302.97,0,6,0,130.3137607119965,0
2026-01-05,30,3,50,302.97,0,6,0,52.882757692844606,0
2026-01-05,31,1,59,461.72,0,16,0,91.9733176088047,0
2026-01-05,31,2,69,461.72,0,16,0,75.91220273410522,0
2026-01-05,31,3,59,461.72,0,16,0,120.06062018297182,0
2026-01-05,32,1,25,53.36,0,15,0,63.97201416323869,0
2026-01-05,32,2,32,53.36,0,15,0,42.25435862380896,0
2026-01-05,32,3,24,53.36,0,15,0,40.927925935190515,0
2026-01-05,33,1,34,106.03,0,4,0,49.691941458195295,0
2026-01-05,33,2,34,106.03,0,4,0,27.084720088034327,0
2026-01-05,33,3,31,106.03,0,4,0,47.100478137711754,0
2026-01-05,34,1,21,32.16,0,2,0,40.01491258088757,0
2026-01-05,34,2,25,32.16,0,2,0,71.15513488838467,0
2026-01-05,34,3,19,32.16,0,2,0,35.656510523440446,0
2026-01-05,35,1,30,169.41,0,6,0,34.15022803224331,0
2026-01-05,35,2,45,169.41,0,6,0,98.53007907420827,0
2026-01-05,35,3,36,169.41,0,6,0,92.45719347635213,1
2026-01-05,36,1,39,200.45,0,27,0,105.23469602865121,0
2026-01-05,36,2,43,200.45,0,27,0,121.9376922730052,0
2026-01-05,36,3,40,200.45,0,27,0,60.32106331838228,0
2026-01-05,37,1,43,142.96,0,24,0,110.13068814248902,0
2026-01-05,37,2,33,142.96,0,24,0,86.1849374999435,0
2026-01-05,37,3,38,142.96,0,24,0,64.98195438839339,0
2026-01-05,38,1,60,416.08,0,15,0,78.78167944143169,1
2026-01-05,38,2,57,416.08,0,15,0,61.830312734789,0
2026-01-05,38,3,68,416.08,0,15,0,108.89749976209224,0
2026-01-05,39,1,47,184.81,0,8,0,140.72068161453777,0
2026-01-05,39,2,38,184.81,0,8,0,47.92679061115033,0
2026-01-05,39,3,39,184.81,0,8,0,108.90184969958929,0
2026-01-05,40,1,22,147.66,0,28,0,35.32387520857575,0
2026-01-05,40,2,41,147.66,0,28,0,25.870107798473274,0
2026-01-05,40,3,33,147.66,0,28,0,35.887027896612054,0
2026-01-05,41,1,44,275.92,0,10,0,52.54909960859282,1
2026-01-05,41,2,44,275.92,0,10,0,68.20044814895455,1
2026-01-05,41,3,43,275.92,0,10,0,96.50450306197898,0
2026-01-05,42,1,25,79.05,0,25,9,29.70244881481302,0
2026-01-05,42,2,33,79.05,0,16,0,20.67228106549888,0
2026-01-05,42,3,18,79.05,0,16,0,19.094335148408682,0
2026-01-05,43,1,61,403.08,0,16,0,81.96177754204491,0
2026-01-05,43,2,57,403.08,0,16,0,135.72673810607543,0
2026-01-05,43,3,56,403.08,0,16,0,102.19168217023261,0
2026-01-05,44,1,17,46.53,0,27,0,40.80683951608175,0
2026-01-05,44,2,20,46.53,0,27,0,43.98486084166726,0
2026-01-05,44,3,17,46.53,0,27,0,38.12945691586417,0
2026-01-05,45,1,65,493.57,0,11,0,99.33689546076258,0
2026-01-05,45,2,66,493.57,0,11,0,144.06020160035078,0
2026-01-05,45,3,66,493.57,0,11,0,143.75968616280687,0
2026-01-05,46,1,66,388.4,0,29,0,58.77324880854888,0
2026-01-05,46,2,64,388.4,0,29,0,170.57624726045356,0
2026-01-05,46,3,69,388.4,0,29,0,105.43035708748721,0
2026-01-05,47,1,30,107.37,0,14,0,85.0824779065081,0
2026-01-05,47,2,34,107.37,0,14,0,83.2589196210454,1
2026-01-05,47,3,25,107.37,0,14,0,53.255816367603174,0
2026-01-05,48,1,22,12.71,0,20,0,39.14012203854577,0
2026-01-05,48,2,17,12.71,0,20,0,9.281411041442883,0
2026-01-05,48,3,20,12.71,0,20,0,43.05703392143482,0
2026-01-05,49,1,60,409.58,0,8,0,135.20749283395352,0
2026-01-05,49,2,60,409.58,0,8,0,119.12127941346863,0
2026-01-05,49,3,61,409.58,0,17,9,34.74746672521385,0
2026-01-05,50,1,55,356.36,0,18,0,51.51398806074532,0
2026-01-05,50,2,65,356.36,0,18,0,113.79526197126106,0
2026-01-05,50,3,66,356.36,0,18,0,89.25816428686711,0
2026-01-06,1,1,56,394.74,0,4,0,101.56584302982505,0
2026-01-06,1,2,66,394.74,0,4,0,144.59957619899947,0
2026-01-06,1,3,64,394.74,0,4,0,133.39385596248465,0
2026-01-06,2,1,58,107.84,1,4,0,75.91190981039627,0
2026-01-06,2,2,28,107.84,0,4,0,42.14190518217685,0
2026-01-06,2,3,33,107.84,0,4,0,16.502534304744053,0
2026-01-06,3,1,47,261.97,0,2,0,123.51021141255286,0
2026-01-06,3,2,46,261.97,0,2,0,32.78148433126273,0
2026-01-06,3,3,40,261.97,0,2,0,29.49652752283765,0
2026-01-06,4,1,48,300.28,0,28,0,142.48033902954552,0
2026-01-06,4,2,48,300.28,0,28,0,60.68927489367493,0
2026-01-06,4,3,56,300.28,0,28,0,72.1335208509231,0
2026-01-06,5,1,33,32.76,0,6,0,74.30044845254226,0
2026-01-06,5,2,28,32.76,0,6,0,65.11744326706999,0
2026-01-06,5,3,24,32.76,0,11,5,59.7905111834225,0
2026-01-06,6,1,42,307.7,0,11,0,75.97417585063486,0
2026-01-06,6,2,55,307.7,0,11,0,141.95736271890976,0
2026-01-06,6,3,58,307.7,0,11,0,35.97338500974514,0
2026-01-06,7,1,27,93.56,0,8,0,53.90516974981528,0
2026-01-06,7,2,23,93.56,0,8,0,42.82440305151036,0
2026-01-06,7,3,35,93.56,0,8,0,47.01399819090506,0
2026-01-06,8,1,29,41.88,0,27,0,81.49780940356776,0
2026-01-06,8,2,26,41.88,0,27,0,73.49176096287738,0
2026-01-06,8,3,27,41.88,0,27,0,50.65684495444849,0
2026-01-06,9,1,74,474.95,0,10,0,123.34469734707083,0
2026-01-06,9,2,66,474.95,0,10,0,115.38498609236366,0
2026-01-06,9,3,68,474.95,0,10,0,201.586904544535,1
2026-01-06,10,1,75,483.16,0,29,0,123.27057297560404,0
2026-01-06,10,2,66,483.16,0,29,0,65.61047139753647,0
2026-01-06,10,3,71,483.16,0,29,0,55.23955265253383,0
2026-01-06,11,1,61,406.11,0,8,0,125.04520614331004,0
2026-01-06,11,2,62,406.11,0,9,1,166.14652449847836,0
2026-01-06,11,3,58,406.11,0,8,0,111.04833124542077,0
2026-01-06,12,1,37,159.26,0,10,0,31.770924774166854,0
2026-01-06,12,2,40,159.26,0,10,0,102.84386709389908,0
2026-01-06,12,3,44,159.26,0,10,0,113.15181967301183,0
2026-01-06,13,1,29,57.86,0,9,0,56.596778878448475,0
2026-01-06,13,2,14,57.86,0,9,0,35.338626269306125,0
2026-01-06,13,3,23,57.86,0,9,0,36.791699283545505,0
2026-01-06,14,1,54,345.27,0,13,0,107.92725385392674,0
2026-01-06,14,2,53,345.27,0,13,0,135.2146049436364,0
2026-01-06,14,3,55,345.27,0,13,0,137.47021261129524,0
2026-01-06,15,1,46,225.67,0,3,0,70.62622284480162,0
2026-01-06,15,2,50,225.67,0,3,0,52.56095492684365,0
2026-01-06,15,3,44,225.67,0,3,0,106.00614962853525,0
2026-01-06,16,1,25,69.8,0,2,0,17.50660791310014,0
2026-01-06,16,2,26,69.8,0,2,0,16.324763365325847,0
2026-01-06,16,3,22,69.8,0,2,0,32.05312552216723,0
2026-01-06,17,1,55,252.64,0,17,0,148.22960801611282,0
2026-01-06,17,2,56,252.64,0,23,6,34.1692206198534,0
2026-01-06,17,3,44,252.64,0,17,0,30.490628324911476,0
2026-01-06,18,1,28,26.85,0,24,0,50.29931820660137,0
2026-01-06,18,2,25,26.85,0,24,0,21.409784689569726,0
2026-01-06,18,3,24,26.85,0,24,0,12.251246617677472,0
2026-01-06,19,1,53,455.57,0,24,0,29.680668441947777,0
2026-01-06,19,2,65,455.57,0,24,0,187.96707050701934,0
2026-01-06,19,3,60,455.57,0,24,0,44.544850644813714,0
2026-01-06,20,1,32,136.8,0,25,0,59.75431007883815,0
2026-01-06,20,2,30,136.8,0,25,0,73.68193591595909,0
2026-01-06,20,3,28,136.8,0,25,0,72.14359323022539,0
2026-01-06,21,1,52,334.64,0,6,0,121.01314495090085,0
2026-01-06,21,2,60,334.64,0,6,0,150.6248347475826,0
2026-01-06,21,3,53,334.64,0,6,0,99.18796499474622,0
2026-01-06,22,1,32,162.74,0,4,0,26.817385097028378,0
2026-01-06,22,2,44,162.74,0,4,0,75.21827938467119,0
2026-01-06,22,3,31,162.74,0,4,0,60.10849071960636,0
2026-01-06,23,1,41,264.83,0,13,0,96.58281770585938,1
2026-01-06,23,2,49,264.83,0,13,0,93.57688282928679,0
2026-01-06,23,3,51,264.83,0,13,0,103.28876005961993,0
2026-01-06,24,1,53,277.89,0,9,0,82.0306801615138,0
2026-01-06,24,2,49,277.89,0,9,0,59.48918359887478,0
2026-01-06,24,3,48,277.89,0,9,0,136.97690850072786,0
2026-01-06,25,1,35,100.58,0,23,0,53.14448336862283,0
2026-01-06,25,2,42,100.58,0,23,0,23.369273729061458,0
2026-01-06,25,3,37,100.58,0,23,0,58.244786110351185,0
2026-01-06,26,1,72,485.1,0,28,0,68.54132710122832,0
2026-01-06,26,2,72,485.1,0,28,0,141.83849330348988,0
2026-01-06,26,3,60,485.1,0,28,0,43.16823555872399,0
2026-01-06,27,1,56,389.82,0,4,0,141.66125736145318,1
2026-01-06,27,2,52,389.82,0,4,0,129.82525144636276,0
2026-01-06,27,3,59,389.82,0,4,0,112.77711924268587,0
2026-01-06,28,1,73,470.35,0,2,0,218.44326867762973,0
2026-01-06,28,2,67,470.35,0,2,0,70.45905248664288,0
2026-01-06,28,3,70,470.35,0,2,0,153.10631053447707,0
2026-01-06,29,1,62,448.47,0,4,0,63.50199300168113,0
2026-01-06,29,2,57,448.47,0,4,0,71.73243996715148,0
2026-01-06,29,3,65,448.47,0,4,0,53.741565083335566,0
2026-01-06,30,1,53,302.97,0,6,0,53.903370840175,0
2026-01-06,30,2,58,302.97,0,6,0,62.67258018069476,0
2026-01-06,30,3,55,302.97,0,6,0,135.21574274942776,0
2026-01-06,31,1,60,461.72,0,16,0,39.36469909166705,0
2026-01-06,31,2,61,461.72,0,16,0,78.8337498195104,0
2026-01-06,31,3,64,461.72,0,16,0,142.45165550411664,0
2026-01-06,32,1,28,53.36,0,15,0,49.04055222015819,0
2026-01-06,32,2,31,53.36,0,15,0,82.25989857240259,0
2026-01-06,32,3,23,53.36,0,15,0,49.5830399770164,0
2026-01-06,33,1,36,106.03,0,4,0,29.851821309258632,0
2026-01-06,33,2,30,106.03,0,4,0,33.92360521013647,0
2026-01-06,33,3,31,106.03,0,4,0,81.30509654679739,0
2026-01-06,34,1,33,32.16,0,2,0,61.78504461030592,0
2026-01-06,34,2,20,32.16,0,2,0,51.43544919090032,0
2026-01-06,34,3,36,32.16,0,2,0,93.49684757136619,0
2026-01-06,35,1,40,169.41,0,6,0,31.259046652919444,0
2026-01-06,35,2,41,169.41,0,11,5,56.35409633527817,0
2026-01-06,35,3,43,169.41,0,6,0,35.72095437248662,0
2026-01-06,36,1,43,200.45,0,27,0,119.48783303057897,0
2026-01-06,36,2,35,200.45,0,27,0,32.152727645324,0
2026-01-06,36,3,42,200.45,0,27,0,64.6654406378345,0
2026-01-06,37,1,41,142.96,0,24,0,74.83140164280258,0
2026-01-06,37,2,35,142.96,0,24,0,95.8174528499854,0
2026-01-06,37,3,36,142.96,0,24,0,85.17265958819173,0
2026-01-06,38,1,65,416.08,0,15,0,32.767110530773074,0
2026-01-06,38,2,66,416.08,0,15,0,79.4298420584069,0
2026-01-06,38,3,77,416.08,0,15,0,207.16705206688954,0
2026-01-06,39,1,34,184.81,0,8,0,23.205305396468322,0
2026-01-06,39,2,36,184.81,0,8,0,85.44411150517404,0
2026-01-06,39,3,35,184.81,0,8,0,72.15809774982522,0
2026-01-06,40,1,40,147.66,0,28,0,88.65139430432524,0
2026-01-06,40,2,35,147.66,0,28,0,64.30958392332636,1
2026-01-06,40,3,36,147.66,0,28,0,68.61864367061288,0
2026-01-06,41,1,54,275.92,0,10,0,63.05512600660488,0
2026-01-06,41,2,47,275.92,0,10,0,135.5999661466751,0
2026-01-06,41,3,91,275.92,1,10,0,142.90530186435225,0
2026-01-06,42,1,30,79.05,0,16,0,47.89856251845411,0
2026-01-06,42,2,35,79.05,0,16,0,47.19074811987472,0
2026-01-06,42,3,30,79.05,0,16,0,65.55131511629756,0
2026-01-06,43,1,57,403.08,0,16,0,31.4580195776649,0
2026-01-06,43,2,55,403.08,0,16,0,43.81583449024908,0
2026-01-06,43,3,60,403.08,0,16,0,102.42769116151571,0
2026-01-06,44,1,20,46.53,0,27,0,35.12328248813827,1
2026-01-06,44,2,26,46.53,0,27,0,70.09703109792251,0
2026-01-06,44,3,38,46.53,0,27,0,75.26103293648684,0
2026-01-06,45,1,73,493.57,0,11,0,111.54474226616337,0
2026-01-06,45,2,75,493.57,0,11,0,186.21160086807308,0
2026-01-06,45,3,67,493.57,0,11,0,195.91066976647662,0
2026-01-06,46,1,56,388.4,0,29,0,44.215231513151195,0
2026-01-06,46,2,72,388.4,0,29,0,121.99358275191646,0
2026-01-06,46,3,61,388.4,0,29,0,127.07263824543509,0
2026-01-06,47,1,34,107.37,0,14,0,95.54620405188307,0
2026-01-06,47,2,36,107.37,0,14,0,101.36774492290765,0
2026-01-06,47,3,24,107.37,0,14,0,37.55985116810569,0
2026-01-06,48,1,24,12.71,0,20,0,67.97739753169364,0
2026-01-06,48,2,18,12.71,0,20,0,30.208872355835453,0
2026-01-06,48,3,25,12.71,0,20,0,38.31921235794651,0
2026-01-06,49,1,68,409.58,0,8,0,157.2988043402744,0
2026-01-06,49,2,63,409.58,0,8,0,117.41472862793663,0
2026-01-06,49,3,60,409.58,0,8,0,66.83259389167365,0
2026-01-06,50,1,62,356.36,0,18,0,119.41347116756445,0
2026-01-06,50,2,48,356.36,0,18,0,33.71444833388257,0
2026-01-06,50,3,54,356.36,0,18,0,107.91535403771815,0
2026-01-07,1,1,61,394.74,0,4,0,119.42699307656257,0
2026-01-07,1,2,60,394.74,0,4,0,104.87984202619977,0
2026-01-07,1,3,71,394.74,0,4,0,81.96082027387062,0
2026-01-07,2,1,31,107.84,0,4,0,86.58459586642688,0
2026-01-07,2,2,38,107.84,0,4,0,94.64856302443755,0
2026-01-07,2,3,27,107.84,0,4,0,54.093424771478034,0
2026-01-07,3,1,45,261.97,0,7,5,67.7110805141332,0
2026-01-07,3,2,47,261.97,0,2,0,65.445435462568,0
2026-01-07,3,3,40,261.97,0,2,0,49.191117349780725,0
2026-01-07,4,1,52,300.28,0,28,0,151.7452547481387,0
2026-01-07,4,2,56,300.28,0,28,0,101.50690763435385,0
2026-01-07,4,3,51,300.28,0,28,0,41.239857890820275,0
2026-01-07,5,1,43,32.76,1,14,8,63.17722914519322,0
2026-01-07,5,2,19,32.76,0,6,0,54.08894518026666,0
2026-01-07,5,3,16,32.76,0,6,0,45.4689822341396,0
2026-01-07,6,1,48,307.7,0,11,0,36.97860174880281,0
2026-01-07,6,2,53,307.7,0,11,0,103.86930582710043,0
2026-01-07,6,3,45,307.7,0,11,0,62.56047208122244,0
2026-01-07,7,1,35,93.56,0,8,0,27.921821889212673,0
2026-01-07,7,2,34,93.56,0,8,0,80.5813665194492,0
2026-01-07,7,3,26,93.56,0,8,0,30.230283482007216,0
2026-01-07,8,1,31,41.88,0,27,0,56.747272801355024,0
2026-01-07,8,2,25,41.88,0,27,0,16.081894375655427,0
2026-01-07,8,3,32,41.88,0,27,0,87.86842201341322,0
2026-01-07,9,1,65,474.95,0,10,0,85.86264368769837,0
2026-01-07,9,2,72,474.95,0,10,0,109.42012953131041,0
2026-01-07,9,3,66,474.95,0,10,0,160.77921661004004,0
2026-01-07,10,1,73,483.16,0,29,0,173.36654692893944,0
2026-01-07,10,2,68,483.16,0,29,0,82.93954527184573,0
2026-01-07,10,3,74,483.16,0,29,0,95.45947110816707,0
2026-01-07,11,1,61,406.11,0,10,2,43.52396209981505,0
2026-01-07,11,2,70,406.11,0,8,0,76.40671197381378,0
2026-01-07,11,3,58,406.11,0,8,0,102.21216043127019,0
2026-01-07,12,1,34,159.26,0,10,0,27.132887641448736,1
2026-01-07,12,2,43,159.26,0,10,0,49.70890047259995,0
2026-01-07,12,3,36,159.26,0,10,0,69.98517725734203,0
2026-01-07,13,1,26,57.86,0,9,0,19.467153476742702,0
2026-01-07,13,2,23,57.86,0,9,0,61.24158821408514,0
2026-01-07,13,3,23,57.86,0,9,0,39.21599703717362,0
2026-01-07,14,1,67,345.27,0,13,0,188.37750001404663,0
2026-01-07,14,2,60,345.27,0,13,0,67.46162688440327,0
2026-01-07,14,3,67,345.27,0,13,0,119.71931745426063,0
2026-01-07,15,1,95,225.67,1,3,0,66.43232988198018,0
2026-01-07,15,2,36,225.67,0,3,0,29.350379013786952,0
2026-01-07,15,3,46,225.67,0,3,0,126.4136256032583,0
2026-01-07,16,1,32,69.8,0,2,0,32.143595860196555,0
2026-01-07,16,2,24,69.8,0,2,0,57.387065279334706,0
2026-01-07,16,3,25,69.8,0,2,0,15.02086575865325,0
2026-01-07,17,1,45,252.64,0,17,0,109.01937748046898,0
2026-01-07,17,2,45,252.64,0,25,8,23.487436344142065,0
2026-01-07,17,3,51,252.64,0,25,8,74.96652618573052,0
2026-01-07,18,1,24,26.85,0,24,0,57.08539905187816,0
2026-01-07,18,2,23,26.85,0,24,0,30.599920018549618,0
2026-01-07,18,3,25,26.85,0,24,0,25.30015056601309,0
2026-01-07,19,1,59,455.57,0,24,0,74.41233759221949,0
2026-01-07,19,2,63,455.57,0,24,0,185.31727787711395,0
2026-01-07,19,3,66,455.57,0,24,0,189.36821921560613,0
2026-01-07,20,1,36,136.8,0,25,0,53.437962740886604,0
2026-01-07,20,2,34,136.8,0,25,0,31.281704436377677,0
2026-01-07,20,3,26,136.8,0,25,0,50.91497113197329,0
2026-01-07,21,1,50,334.64,0,6,0,112.63719842053375,0
2026-01-07,21,2,64,334.64,0,13,7,52.96938092868646,0
2026-01-07,21,3,56,334.64,0,6,0,147.95694896124468,0
2026-01-07,22,1,28,162.74,0,4,0,64.21539271254568,0
2026-01-07,22,2,46,162.74,0,4,0,102.2489254070122,0
2026-01-07,22,3,37,162.74,0,4,0,28.781456379956346,1
2026-01-07,23,1,45,264.83,0,13,0,29.498072796640237,0
2026-01-07,23,2,46,264.83,0,13,0,80.81627203510541,0
2026-01-07,23,3,48,264.83,0,13,0,109.84572206143864,0
2026-01-07,24,1,43,277.89,0,13,4,57.268418724865754,0
2026-01-07,24,2,42,277.89,0,9,0,114.56970963831849,0
2026-01-07,24,3,49,277.89,0,9,0,30.646480414196816,0
2026-01-07,25,1,31,100.58,0,23,0,62.45700317640993,0
2026-01-07,25,2,26,100.58,0,23,0,13.683359595207477,0
2026-01-07,25,3,23,100.58,0,23,0,33.87949557084773,0
2026-01-07,26,1,83,485.1,0,28,0,169.1269739580498,0
2026-01-07,26,2,61,485.1,0,28,0,176.72796066153754,0
2026-01-07,26,3,68,485.1,0,28,0,81.43140935912542,0
2026-01-07,27,1,56,389.82,0,4,0,49.63291619867265,0
2026-01-07,27,2,61,389.82,0,4,0,78.75971245834846,0
2026-01-07,27,3,59,389.82,0,4,0,113.70095560111733,0
2026-01-07,28,1,139,470.35,1,2,0,399.0584195941493,0
2026-01-07,28,2,67,470.35,0,2,0,76.65335979289114,0
2026-01-07,28,3,68,470.35,0,2,0,203.22165719732752,0
2026-01-07,29,1,60,448.47,0,4,0,176.6184844775764,0
2026-01-07,29,2,64,448.47,0,4,0,68.36176856954597,0
2026-01-07,29,3,73,448.47,0,4,0,67.60940836364968,0
2026-01-07,30,1,49,302.97,0,6,0,120.26802867626898,0
2026-01-07,30,2,57,302.97,0,6,0,62.45627805381555,0
2026-01-07,30,3,49,302.97,0,6,0,25.613161781523996,0
2026-01-07,31,1,68,461.72,0,16,0,180.78336822419536,0
2026-01-07,31,2,70,461.72,0,16,0,137.04350752398216,0
2026-01-07,31,3,56,461.72,0,16,0,149.38842553305264,0
2026-01-07,32,1,22,53.36,0,15,0,24.61974036892913,0
2026-01-07,32,2,17,53.36,0,15,0,30.858995563190536,0
2026-01-07,32,3,24,53.36,0,15,0,15.099441426878462,1
2026-01-07,33,1,31,106.03,0,4,0,40.35685262914677,0
2026-01-07,33,2,22,106.03,0,4,0,33.61123793471668,0
2026-01-07,33,3,36,106.03,0,4,0,82.43862241875519,0
2026-01-07,34,1,19,32.16,0,2,0,12.544498774218336,0
2026-01-07,34,2,24,32.16,0,2,0,25.05527639589867,0
2026-01-07,34,3,31,32.16,0,2,0,30.929740045034237,0
2026-01-07,35,1,36,169.41,0,6,0,39.48765939774216,0
2026-01-07,35,2,35,169.41,0,6,0,36.52713156900815,0
2026-01-07,35,3,33,169.41,0,6,0,58.2388785120775,0
2026-01-07,36,1,37,200.45,0,27,0,51.76998941313377,0
2026-01-07,36,2,33,200.45,0,27,0,73.70364692780534,0
2026-01-07,36,3,37,200.45,0,27,0,45.68730034670638,0
2026-01-07,37,1,41,142.96,0,24,0,114.29759158522806,0
2026-01-07,37,2,44,142.96,0,24,0,52.213245676669594,0
2026-01-07,37,3,36,142.96,0,24,0,74.85501764939255,0
2026-01-07,38,1,68,416.08,0,15,0,117.64029400345407,0
2026-01-07,38,2,57,416.08,0,15,0,94.61792198525427,0
2026-01-07,38,3,59,416.08,0,15,0,133.87403639672897,0
2026-01-07,39,1,38,184.81,0,8,0,80.17125592143765,0
2026-01-07,39,2,41,184.81,0,8,0,67.48225664119639,0
2026-01-07,39,3,39,184.81,0,8,0,48.03387202257226,0
2026-01-07,40,1,32,147.66,0,28,0,79.60092295427762,0
2026-01-07,40,2,36,147.66,0,28,0,60.05348964067524,0
2026-01-07,40,3,41,147.66,0,28,0,105.38905160565392,0
2026-01-07,41,1,47,275.92,0,10,0,68.744321546978,0
2026-01-07,41,2,46,275.92,0,10,0,104.6904225819182,0
2026-01-07,41,3,42,275.92,0,10,0,125.75558764278921,0
2026-01-07,42,1,35,79.05,0,16,0,19.656385405678233,0
2026-01-07,42,2,36,79.05,0,16,0,29.55149339532253,0
2026-01-07,42,3,36,79.05,0,16,0,57.52175947243654,1
2026-01-07,43,1,60,403.08,0,16,0,38.26523027382466,0
2026-01-07,43,2,71,403.08,0,16,0,149.29278338583327,0
2026-01-07,43,3,61,403.08,0,16,0,103.37477162425321,0
2026-01-07,44,1,27,46.53,0,27,0,61.784255960716656,0
2026-01-07,44,2,24,46.53,0,27,0,47.860940131407546,0
2026-01-07,44,3,27,46.53,0,27,0,44.502998954382484,0
2026-01-07,45,1,68,493.57,0,11,0,176.60268725009595,0
2026-01-07,45,2,63,493.57,0,11,0,61.81767122514277,0
2026-01-07,45,3,70,493.57,0,11,0,94.91914657677543,0
2026-01-07,46,1,66,388.4,0,29,0,129.10178768656883,0
2026-01-07,46,2,61,388.4,0,29,0,158.65309708224748,1
2026-01-07,46,3,57,388.4,0,29,0,145.27813516751246,0
2026-01-07,47,1,36,107.37,0,14,0,70.26803991500933,0
2026-01-07,47,2,39,107.37,0,14,0,53.866902076976736,0
2026-01-07,47,3,26,107.37,0,14,0,19.867272454180494,0
2026-01-07,48,1,25,12.71,0,20,0,61.34138054716934,0
2026-01-07,48,2,26,12.71,0,20,0,31.598777759790433,0
2026-01-07,48,3,25,12.71,0,20,0,14.588973277218987,0
2026-01-07,49,1,60,409.58,0,8,0,104.15562165686372,0
2026-01-07,49,2,59,409.58,0,8,0,141.4490826984695,0
2026-01-07,49,3,56,409.58,0,8,0,49.946460011229505,0
2026-01-07,50,1,60,356.36,0,18,0,76.41938646692735,0
2026-01-07,50,2,52,356.36,0,18,0,72.09126714771895,0
2026-01-07,50,3,52,356.36,0,18,0,60.539123432614254,0
2026-01-08,1,1,61,394.74,0,4,0,174.72155403725625,0
2026-01-08,1,2,63,394.74,0,4,0,79.33826978045316,0
2026-01-08,1,3,68,394.74,0,4,0,58.035204216777835,0
2026-01-08,2,1,31,107.84,0,4,0,23.064777953446846,0
2026-01-08,2,2,39,107.84,0,4,0,71.88437818263371,0
2026-01-08,2,3,26,107.84,0,4,0,30.29658895492506,1
2026-01-08,3,1,54,261.97,0,2,0,160.8692862997658,0
2026-01-08,3,2,49,261.97,0,2,0,144.5445423013891,0
2026-01-08,3,3,47,261.97,0,2,0,115.23216824016636,0
2026-01-08,4,1,52,300.28,0,28,0,81.91855517258742,0
2026-01-08,4,2,52,300.28,0,28,0,121.86608738552589,0
2026-01-08,4,3,51,300.28,0,28,0,141.80655018964453,0
2026-01-08,5,1,32,32.76,0,6,0,27.687725243305618,0
2026-01-08,5,2,18,32.76,0,6,0,27.233871415889833,0
2026-01-08,5,3,24,32.76,0,7,1,52.733240231327095,0
2026-01-08,6,1,49,307.7,0,11,0,101.69644789866257,0
2026-01-08,6,2,53,307.7,0,11,0,54.7495209090604,0
2026-01-08,6,3,61,307.7,0,11,0,44.61060454092467,0
2026-01-08,7,1,34,93.56,0,8,0,28.707398405463735,0
2026-01-08,7,2,64,93.56,1,8,0,137.27191772506015,0
2026-01-08,7,3,30,93.56,0,8,0,19.738732264516987,0
2026-01-08,8,1,16,41.88,0,27,0,38.11389900365536,0
2026-01-08,8,2,31,41.88,0,27,0,42.21965693474025,0
2026-01-08,8,3,28,41.88,0,27,0,64.04669764862439,0
2026-01-08,9,1,68,474.95,0,10,0,143.4323670752408,0
2026-01-08,9,2,69,474.95,0,10,0,64.30054045247121,0
2026-01-08,9,3,72,474.95,0,10,0,155.58108598902282,0
2026-01-08,10,1,136,483.16,1,29,0,389.46825259023007,0
2026-01-08,10,2,73,483.16,0,29,0,172.72161897679743,0
2026-01-08,10,3,66,483.16,0,29,0,195.07225005454148,0
2026-01-08,11,1,58,406.11,0,8,0,112.84166527737698,0
2026-01-08,11,2,62,406.11,0,14,6,39.200652156952984,0
2026-01-08,11,3,63,406.11,0,8,0,101.03686791678506,0
2026-01-08,12,1,47,159.26,0,10,0,129.77320535859303,1
2026-01-08,12,2,34,159.26,0,10,0,35.50661639790669,0
2026-01-08,12,3,39,159.26,0,10,0,66.9657506642706,0
2026-01-08,13,1,21,57.86,0,9,0,59.321618688889494,0
2026-01-08,13,2,27,57.86,0,9,0,16.9291748040036,0
2026-01-08,13,3,26,57.86,0,9,0,68.58574742314573,0
2026-01-08,14,1,56,345.27,0,13,0,88.17825376404176,0
2026-01-08,14,2,55,345.27,0,13,0,161.2660718157531,1
2026-01-08,14,3,47,345.27,0,13,0,83.3260609536058,1
2026-01-08,15,1,45,225.67,0,3,0,112.5603118267591,0
2026-01-08,15,2,44,225.67,0,12,9,123.75710120917604,0
2026-01-08,15,3,39,225.67,0,3,0,116.80280191693038,0
2026-01-08,16,1,24,69.8,0,2,0,51.00679340515282,0
2026-01-08,16,2,32,69.8,0,2,0,65.89949808700766,0
2026-01-08,16,3,30,69.8,0,2,0,25.447675403093577,0
2026-01-08,17,1,53,252.64,0,17,0,71.74469637561862,0
2026-01-08,17,2,52,252.64,0,17,0,96.46351905662937,0
2026-01-08,17,3,48,252.64,0,17,0,69.24092543504935,0
2026-01-08,18,1,18,26.85,0,24,0,53.228705303493925,0
2026-01-08,18,2,25,26.85,0,24,0,33.854660863653386,0
2026-01-08,18,3,21,26.85,0,24,0,53.45264300920957,0
2026-01-08,19,1,64,455.57,0,24,0,163.07747393638724,0
2026-01-08,19,2,62,455.57,0,24,0,125.20565798406751,0
2026-01-08,19,3,59,455.57,0,24,0,34.12304365668284,0
2026-01-08,20,1,38,136.8,0,25,0,38.62076837734061,0
2026-01-08,20,2,40,136.8,0,25,0,46.06751577405936,0
2026-01-08,20,3,74,136.8,1,25,0,206.74580550032377,0
2026-01-08,21,1,57,334.64,0,6,0,157.1586933390814,0
2026-01-08,21,2,56,334.64,0,6,0,72.80794176394073,0
2026-01-08,21,3,52,334.64,0,6,0,63.587773394438926,0
2026-01-08,22,1,37,162.74,0,4,0,97.41876263384654,0
2026-01-08,22,2,27,162.74,0,4,0,37.71407381936167,0
2026-01-08,22,3,36,162.74,0,4,0,48.686990711623615,0
2026-01-08,23,1,59,264.83,0,13,0,167.34468622922435,0
2026-01-08,23,2,55,264.83,0,13,0,110.62894016050831,0
2026-01-08,23,3,46,264.83,0,13,0,112.519266779861,0
2026-01-08,24,1,51,277.89,0,9,0,113.42184085548679,0
2026-01-08,24,2,55,277.89,0,9,0,72.70451753873687,0
2026-01-08,24,3,43,277.89,0,9,0,51.16449902689767,0
2026-01-08,25,1,31,100.58,0,23,0,37.6719689574227,0
2026-01-08,25,2,24,100.58,0,23,0,47.00557290864547,0
2026-01-08,25,3,34,100.58,0,23,0,53.45517309855037,0
2026-01-08,26,1,68,485.1,0,28,0,122.26518568258822,0
2026-01-08,26,2,78,485.1,0,28,0,101.69893672347645,1
2026-01-08,26,3,73,485.1,0,28,0,126.57171787507518,0
2026-01-08,27,1,53,389.82,0,4,0,41.08477322399008,0
2026-01-08,27,2,61,389.82,0,4,0,122.43407301033454,0
2026-01-08,27,3,55,389.82,0,4,0,148.5212757751606,0
2026-01-08,28,1,72,470.35,0,2,0,150.90301172353156,0
2026-01-08,28,2,58,470.35,0,2,0,171.25915555445889,0
2026-01-08,28,3,80,470.35,0,2,0,59.0497867945739,1
2026-01-08,29,1,69,448.47,0,4,0,64.41082142055559,0
2026-01-08,29,2,62,448.47,0,4,0,62.44534226670636,0
2026-01-08,29,3,70,448.47,0,4,0,37.774072390578354,0
2026-01-08,30,1,52,302.97,0,6,0,84.50834215404856,0
2026-01-08,30,2,50,302.97,0,6,0,59.91743565956994,0
2026-01-08,30,3,43,302.97,0,6,0,22.576119135107163,0
2026-01-08,31,1,68,461.72,0,16,0,118.8484718782931,0
2026-01-08,31,2,77,461.72,0,16,0,41.52146182728384,0
2026-01-08,31,3,68,461.72,0,16,0,78.65385500618237,0
2026-01-08,32,1,32,53.36,0,15,0,41.24427795544887,0
2026-01-08,32,2,22,53.36,0,15,0,62.24125873674604,0
2026-01-08,32,3,31,53.36,0,15,0,59.345007020494855,1
2026-01-08,33,1,38,106.03,0,4,0,55.03192221411673,1
2026-01-08,33,2,30,106.03,0,4,0,20.280402180188563,0
2026-01-08,33,3,32,106.03,0,4,0,46.70179663819274,0
2026-01-08,34,1,24,32.16,0,2,0,37.168889105389184,0
2026-01-08,34,2,28,32.16,0,2,0,49.020336307472576,0
2026-01-08,34,3,20,32.16,0,2,0,10.527581840795026,0
2026-01-08,35,1,34,169.41,0,6,0,26.826476901978538,0
2026-01-08,35,2,32,169.41,0,6,0,69.8489078499623,0
2026-01-08,35,3,32,169.41,0,6,0,52.96314742716445,0
2026-01-08,36,1,42,200.45,0,27,0,56.79951917247403,0
2026-01-08,36,2,39,200.45,0,27,0,100.96517189301149,0
2026-01-08,36,3,52,200.45,0,27,0,104.8830764567738,0
2026-01-08,37,1,32,142.96,0,24,0,46.71576071233242,0
2026-01-08,37,2,36,142.96,0,24,0,66.19184546912587,0
2026-01-08,37,3,41,142.96,0,24,0,92.47106843268264,0
2026-01-08,38,1,121,416.08,1,15,0,67.06427882085134,0
2026-01-08,38,2,62,416.08,0,15,0,87.24420163424104,0
2026-01-08,38,3,63,416.08,0,15,0,107.70637028023266,0
2026-01-08,39,1,41,184.81,0,8,0,52.74282547005493,0
2026-01-08,39,2,33,184.81,0,8,0,46.19937454927227,0
2026-01-08,39,3,34,184.81,0,8,0,75.02093878141096,0
2026-01-08,40,1,42,147.66,0,28,0,61.568654399364725,0
2026-01-08,40,2,35,147.66,0,28,0,84.21389566967126,0
2026-01-08,40,3,31,147.66,0,28,0,67.58153156899147,0
2026-01-08,41,1,48,275.92,0,10,0,107.74372744225732,0
2026-01-08,41,2,54,275.92,0,10,0,28.36544827421283,0
2026-01-08,41,3,52,275.92,0,10,0,145.55253804364963,0
2026-01-08,42,1,29,79.05,0,16,0,80.18638265071633,0
2026-01-08,42,2,32,79.05,0,16,0,56.28108090383973,0
2026-01-08,42,3,35,79.05,0,16,0,34.360470785634696,0
2026-01-08,43,1,65,403.08,0,16,0,186.5125570802241,0
2026-01-08,43,2,70,403.08,0,16,0,155.7799373557581,0
2026-01-08,43,3,63,403.08,0,16,0,73.41200309666462,0
2026-01-08,44,1,26,46.53,0,27,0,60.272450579408215,0
2026-01-08,44,2,32,46.53,0,27,0,51.49165990388579,0
2026-01-08,44,3,27,46.53,0,27,0,67.24928359863907,0
2026-01-08,45,1,69,493.57,0,11,0,105.8689248326069,0
2026-01-08,45,2,71,493.57,0,11,0,71.92656549469774,0
2026-01-08,45,3,72,493.57,0,11,0,168.34521893522282,0
2026-01-08,46,1,62,388.4,0,29,0,52.28202314694868,0
2026-01-08,46,2,57,388.4,0,29,0,140.277807349197,0
2026-01-08,46,3,68,388.4,0,29,0,76.8644724926204,0
2026-01-08,47,1,27,107.37,0,14,0,77.92353767167248,0
2026-01-08,47,2,40,107.37,0,14,0,45.24017149421512,0
2026-01-08,47,3,24,107.37,0,14,0,48.235226619733645,1
2026-01-08,48,1,20,12.71,0,26,6,55.33266484759995,0
2026-01-08,48,2,22,12.71,0,20,0,25.5875687376471,0
2026-01-08,48,3,21,12.71,0,20,0,53.10196180546329,0
2026-01-08,49,1,68,409.58,0,8,0,144.07836524692772,0
2026-01-08,49,2,65,409.58,0,8,0,116.53393245172867,0
2026-01-08,49,3,60,409.58,0,8,0,123.38630967491724,1
2026-01-08,50,1,70,356.36,0,18,0,201.33812327809858,0
2026-01-08,50,2,49,356.36,0,18,0,74.8250084570099,0
2026-01-08,50,3,61,356.36,0,18,0,87.20510964637897,1
2026-01-09,1,1,60,394.74,0,4,0,42.714923163949976,0
2026-01-09,1,2,61,394.74,0,4,0,160.81360397638932,0
2026-01-09,1,3,63,394.74,0,4,0,111.5854480610141,0
2026-01-09,2,1,35,107.84,0,4,0,103.3166027590245,0
2026-01-09,2,2,30,107.84,0,4,0,19.999487236747957,0
2026-01-09,2,3,35,107.84,0,4,0,49.469598635682125,0
2026-01-09,3,1,47,261.97,0,2,0,102.14456142271145,0
2026-01-09,3,2,47,261.97,0,2,0,45.64873270347843,0
2026-01-09,3,3,44,261.97,0,2,0,83.50503221092653,0
2026-01-09,4,1,52,300.28,0,28,0,69.43360477125323,0
2026-01-09,4,2,55,300.28,0,29,1,109.12668045226211,0
2026-01-09,4,3,50,300.28,0,28,0,48.741595778794895,0
2026-01-09,5,1,31,32.76,0,6,0,58.10675272311655,0
2026-01-09,5,2,21,32.76,0,6,0,61.675416779571684,0
2026-01-09,5,3,25,32.76,0,6,0,53.881989113011194,0
2026-01-09,6,1,57,307.7,0,11,0,90.8645981287083,0
2026-01-09,6,2,49,307.7,0,11,0,46.20884446765202,0
2026-01-09,6,3,46,307.7,0,11,0,67.88746461507878,0
2026-01-09,7,1,31,93.56,0,8,0,58.17851308897512,0
2026-01-09,7,2,36,93.56,0,8,0,60.72490144153916,0
2026-01-09,7,3,28,93.56,0,8,0,20.07240448509671,0
2026-01-09,8,1,29,41.88,0,27,0,52.9557559737251,0
2026-01-09,8,2,23,41.88,0,27,0,41.65878301759115,0
2026-01-09,8,3,21,41.88,0,27,0,61.56615902120698,0
2026-01-09,9,1,67,474.95,0,10,0,170.47956212372776,0
2026-01-09,9,2,77,474.95,0,10,0,51.84111740860913,0
2026-01-09,9,3,78,474.95,0,10,0,83.21317424518048,0
2026-01-09,10,1,66,483.16,0,29,0,115.09233714452971,0
2026-01-09,10,2,69,483.16,0,29,0,68.65552272805299,0
2026-01-09,10,3,75,483.16,0,29,0,147.2927425307713,0
2026-01-09,11,1,65,406.11,0,8,0,90.83762481288035,0
2026-01-09,11,2,71,406.11,0,8,0,89.7717126334465,0
2026-01-09,11,3,59,406.11,0,8,0,124.83885403823925,0
2026-01-09,12,1,42,159.26,0,10,0,80.98996552205251,0
2026-01-09,12,2,39,159.26,0,10,0,21.22040311741407,0
2026-01-09,12,3,40,159.26,0,10,0,49.73933320619898,0
2026-01-09,13,1,26,57.86,0,9,0,31.430620709127098,0
2026-01-09,13,2,34,57.86,0,9,0,47.503838734477995,0
2026-01-09,13,3,25,57.86,0,9,0,65.70382296012876,0
2026-01-09,14,1,49,345.27,0,13,0,52.34695370607836,0
2026-01-09,14,2,54,345.27,0,13,0,28.69800468563638,0
2026-01-09,14,3,55,345.27,0,13,0,91.9327488917076,0
2026-01-09,15,1,51,225.67,0,3,0,27.70422570732881,0
2026-01-09,15,2,46,225.67,0,3,0,23.472213333206568,1
2026-01-09,15,3,51,225.67,0,3,0,48.17967392123015,0
2026-01-09,16,1,34,69.8,0,2,0,81.96138583589861,0
2026-01-09,16,2,32,69.8,0,2,0,50.71104387883835,0
2026-01-09,16,3,31,69.8,0,2,0,24.34924296837774,0
2026-01-09,17,1,43,252.64,0,17,0,85.80515624339182,0
2026-01-09,17,2,47,252.64,0,17,0,87.42352092211263,0
2026-01-09,17,3,43,252.64,0,17,0,76.46895215308427,0
2026-01-09,18,1,19,26.85,0,24,0,47.82196176904991,0
2026-01-09,18,2,44,26.85,1,24,0,68.87346080697341,0
2026-01-09,18,3,26,26.85,0,24,0,39.001926339108934,0
2026-01-09,19,1,57,455.57,0,24,0,75.9463175479271,0
2026-01-09,19,2,75,455.57,0,24,0,86.21145303209258,0
2026-01-09,19,3,77,455.57,0,24,0,108.80637580444977,0
2026-01-09,20,1,41,136.8,0,25,0,118.68598776085395,0
2026-01-09,20,2,41,136.8,0,25,0,72.6401049451181,0
2026-01-09,20,3,38,136.8,0,25,0,75.77325313858374,0
2026-01-09,21,1,59,334.64,0,6,0,64.03014308316948,0
2026-01-09,21,2,59,334.64,0,6,0,171.4238917510037,0
2026-01-09,21,3,58,334.64,0,6,0,81.68177295250247,0
2026-01-09,22,1,37,162.74,0,4,0,45.21764583917,0
2026-01-09,22,2,39,162.74,0,4,0,51.77171489133179,0
2026-01-09,22,3,47,162.74,0,4,0,70.64717852643804,0
2026-01-09,23,1,53,264.83,0,13,0,40.7102054381996,0
2026-01-09,23,2,56,264.83,0,13,0,116.08055675584467,0
2026-01-09,23,3,45,264.83,0,13,0,45.07111014148951,0
2026-01-09,24,1,53,277.89,0,9,0,46.678457736464324,0
2026-01-09,24,2,43,277.89,0,9,0,52.12817464938685,0
2026-01-09,24,3,44,277.89,0,9,0,99.45931118141588,1
2026-01-09,25,1,70,100.58,1,23,0,35.854781553544086,0
2026-01-09,25,2,32,100.58,0,23,0,54.62838119863574,0
2026-01-09,25,3,34,100.58,0,23,0,58.089190104455355,0
2026-01-09,26,1,74,485.1,0,28,0,134.9372649492937,0
2026-01-09,26,2,77,485.1,0,28,0,185.81457589251423,0
2026-01-09,26,3,74,485.1,0,28,0,106.77807648008505,0
2026-01-09,27,1,62,389.82,0,4,0,89.83790024949151,0
2026-01-09,27,2,64,389.82,0,4,0,47.81973482602422,0
2026-01-09,27,3,71,389.82,0,4,0,103.34712430257223,0
2026-01-09,28,1,72,470.35,0,2,0,153.73395953203456,0
2026-01-09,28,2,66,470.35,0,2,0,126.94021426469214,0
2026-01-09,28,3,68,470.35,0,2,0,134.80705916446345,0
2026-01-09,29,1,137,448.47,1,4,0,118.85262205317416,0
2026-01-09,29,2,65,448.47,0,4,0,71.97862127414464,0
2026-01-09,29,3,68,448.47,0,4,0,104.3195760037088,0
2026-01-09,30,1,56,302.97,0,6,0,72.66615018219304,0
2026-01-09,30,2,61,302.97,0,6,0,168.1814693229846,0
2026-01-09,30,3,49,302.97,0,6,0,33.76471956973231,0
2026-01-09,31,1,64,461.72,0,16,0,92.64093330851192,0
2026-01-09,31,2,65,461.72,0,16,0,115.16244036852359,0
2026-01-09,31,3,73,461.72,0,16,0,43.851338478951405,0
2026-01-09,32,1,27,53.36,0,15,0,67.64870309642032,0
2026-01-09,32,2,26,53.36,0,15,0,42.61566499808801,0
2026-01-09,32,3,32,53.36,0,15,0,68.90801119015964,0
2026-01-09,33,1,25,106.03,0,4,0,64.74302550789015,0
2026-01-09,33,2,27,106.03,0,4,0,14.546131323267844,0
2026-01-09,33,3,31,106.03,0,4,0,72.8513795122615,0
2026-01-09,34,1,27,32.16,0,2,0,40.62240845561442,0
2026-01-09,34,2,22,32.16,0,2,0,45.98735172504362,0
2026-01-09,34,3,29,32.16,0,2,0,86.76855916921691,0
2026-01-09,35,1,40,169.41,0,6,0,21.79881315723876,0
2026-01-09,35,2,52,169.41,0,6,0,128.05088870707405,0
2026-01-09,35,3,36,169.41,0,6,0,60.09738078371972,0
2026-01-09,36,1,46,200.45,0,27,0,75.33928656876849,0
2026-01-09,36,2,52,200.45,0,27,0,84.50675097200597,0
2026-01-09,36,3,37,200.45,0,27,0,104.0157211565999,0
2026-01-09,37,1,66,142.96,1,28,4,127.70590388023741,0
2026-01-09,37,2,36,142.96,0,24,0,48.20483198168112,0
2026-01-09,37,3,42,142.96,0,24,0,53.53394725909439,0
2026-01-09,38,1,71,416.08,0,15,0,157.8470795175861,0
2026-01-09,38,2,65,416.08,0,15,0,33.989401904870185,0
2026-01-09,38,3,62,416.08,0,15,0,71.5590618288135,0
2026-01-09,39,1,39,184.81,0,8,0,89.73250349368432,0
2026-01-09,39,2,45,184.81,0,8,0,80.67576722140343,0
2026-01-09,39,3,44,184.81,0,8,0,121.8209493981068,0
2026-01-09,40,1,45,147.66,0,28,0,68.62767600844609,0
2026-01-09,40,2,39,147.66,0,28,0,47.06006765276301,0
2026-01-09,40,3,36,147.66,0,28,0,61.7798148427687,0
2026-01-09,41,1,45,275.92,0,10,0,128.89985594021405,0
2026-01-09,41,2,51,275.92,0,10,0,144.53312582190958,0
2026-01-09,41,3,60,275.92,0,10,0,145.49604273099013,0
2026-01-09,42,1,25,79.05,0,16,0,29.39678690597402,0
2026-01-09,42,2,34,79.05,0,16,0,79.04057500480582,0
2026-01-09,42,3,21,79.05,0,16,0,47.83389539330251,0
2026-01-09,43,1,58,403.08,0,16,0,99.03704636237282,0
2026-01-09,43,2,58,403.08,0,16,0,43.038715993146695,0
2026-01-09,43,3,62,403.08,0,16,0,67.21183836552781,0
2026-01-09,44,1,19,46.53,0,27,0,20.334767950363297,0
2026-01-09,44,2,39,46.53,0,27,0,74.08932685496407,0
2026-01-09,44,3,27,46.53,0,27,0,68.35947104056586,0
2026-01-09,45,1,66,493.57,0,11,0,118.53593839445574,0
2026-01-09,45,2,69,493.57,0,11,0,78.10211084157581,0
2026-01-09,45,3,65,493.57,0,11,0,75.92160801648704,0
2026-01-09,46,1,60,388.4,0,29,0,114.86209598267189,0
2026-01-09,46,2,59,388.4,0,29,0,161.5250629830314,0
2026-01-09,46,3,57,388.4,0,29,0,163.5084897235205,0
2026-01-09,47,1,66,107.37,1,14,0,88.86141452711345,0
2026-01-09,47,2,30,107.37,0,14,0,64.64261823539465,0
2026-01-09,47,3,33,107.37,0,14,0,39.972236678751635,1
2026-01-09,48,1,18,12.71,0,20,0,16.330619451482733,0
2026-01-09,48,2,25,12.71,0,20,0,32.541422171027016,0
2026-01-09,48,3,22,12.71,0,24,4,35.44639878877851,0
2026-01-09,49,1,61,409.58,0,8,0,84.63675516162613,0
2026-01-09,49,2,51,409.58,0,8,0,28.487701809341996,0
2026-01-09,49,3,64,409.58,0,8,0,128.96221310977302,0
2026-01-09,50,1,56,356.36,0,18,0,115.15691546983592,0
2026-01-09,50,2,58,356.36,0,18,0,151.15729549115838,0
2026-01-09,50,3,57,356.36,0,18,0,98.72134178575618,0
2026-01-10,1,1,55,394.74,0,4,0,115.41563294993847,0
2026-01-10,1,2,65,394.74,0,4,0,176.7596227591493,1
2026-01-10,1,3,71,394.74,0,4,0,41.04040696012769,0
2026-01-10,2,1,34,107.84,0,4,0,47.81957307054755,0
2026-01-10,2,2,41,107.84,0,5,1,45.714973381446505,0
2026-01-10,2,3,37,107.84,0,4,0,24.790946455598895,0
2026-01-10,3,1,55,261.97,0,2,0,57.096025318881125,0
2026-01-10,3,2,47,261.97,0,2,0,64.89629389457845,0
2026-01-10,3,3,56,261.97,0,2,0,160.16577895932983,0
2026-01-10,4,1,68,300.28,0,28,0,121.13795670711598,0
2026-01-10,4,2,59,300.28,0,28,0,78.07488842866938,1
2026-01-10,4,3,58,300.28,0,28,0,53.42387991412771,0
2026-01-10,5,1,32,32.76,0,6,0,72.35949091293477,0
2026-01-10,5,2,29,32.76,0,6,0,49.309783123782054,0
2026-01-10,5,3,36,32.76,0,6,0,26.95466035625743,0
2026-01-10,6,1,65,307.7,0,11,0,118.1880205418889,0
2026-01-10,6,2,52,307.7,0,11,0,154.32301117013515,0
2026-01-10,6,3,57,307.7,0,11,0,42.00029535605655,0
2026-01-10,7,1,36,93.56,0,8,0,90.92332174655581,0
2026-01-10,7,2,37,93.56,0,8,0,33.53110343138583,0
2026-01-10,7,3,37,93.56,0,8,0,71.44771465201828,0
2026-01-10,8,1,29,41.88,0,27,0,63.046816098970034,0
2026-01-10,8,2,24,41.88,0,27,0,27.248836807668866,0
2026-01-10,8,3,21,41.88,0,27,0,26.4999479218596,0
2026-01-10,9,1,78,474.95,0,10,0,115.123406979156,0
2026-01-10,9,2,70,474.95,0,10,0,52.608496013953264,0
2026-01-10,9,3,73,474.95,0,10,0,71.80411911217858,0
2026-01-10,10,1,66,483.16,0,29,0,67.76659973735953,0
2026-01-10,10,2,72,483.16,0,29,0,60.156436738743054,0
2026-01-10,10,3,76,483.16,0,29,0,143.910701487327,0
2026-01-10,11,1,56,406.11,0,8,0,65.5023015944417,0
2026-01-10,11,2,75,406.11,0,8,0,151.4555191393921,0
2026-01-10,11,3,56,406.11,0,8,0,155.9340331674922,0
2026-01-10,12,1,41,159.26,0,10,0,106.25357156268495,0
2026-01-10,12,2,43,159.26,0,10,0,64.31190024781688,0
2026-01-10,12,3,48,159.26,0,12,2,35.411237725287535,0
2026-01-10,13,1,28,57.86,0,9,0,75.43990724878576,0
2026-01-10,13,2,37,57.86,0,9,0,104.83297126826213,0
2026-01-10,13,3,29,57.86,0,9,0,58.25996960521991,0
2026-01-10,14,1,58,345.27,0,13,0,87.70468399463094,0
2026-01-10,14,2,58,345.27,0,13,0,127.81171673666445,0
2026-01-10,14,3,65,345.27,0,13,0,62.71421664208749,0
2026-01-10,15,1,49,225.67,0,3,0,65.87059520887159,0
2026-01-10,15,2,57,225.67,0,3,0,74.75675372881462,0
2026-01-10,15,3,45,225.67,0,3,0,117.671091311085,0
2026-01-10,16,1,39,69.8,0,2,0,101.00371027660952,0
2026-01-10,16,2,36,69.8,0,2,0,44.31735754958232,0
2026-01-10,16,3,36,69.8,0,2,0,85.3565709964534,0
2026-01-10,17,1,53,252.64,0,17,0,40.44763402865635,0
2026-01-10,17,2,55,252.64,0,17,0,100.47058859248419,0
2026-01-10,17,3,54,252.64,0,17,0,137.90730301510763,1
2026-01-10,18,1,22,26.85,0,24,0,27.09692951676833,0
2026-01-10,18,2,34,26.85,0,24,0,24.99508471943004,0
2026-01-10,18,3,25,26.85,0,24,0,31.127458255903186,0
2026-01-10,19,1,84,455.57,0,24,0,196.19712641145023,0
2026-01-10,19,2,72,455.57,0,24,0,163.01868009731035,0
2026-01-10,19,3,75,455.57,0,24,0,120.81603676828031,0
2026-01-10,20,1,47,136.8,0,25,0,140.71595467115176,0
2026-01-10,20,2,45,136.8,0,25,0,56.76472870746394,0
2026-01-10,20,3,36,136.8,0,25,0,100.29975565386044,0
2026-01-10,21,1,61,334.64,0,6,0,122.38298294514613,0
2026-01-10,21,2,62,334.64,0,6,0,104.29629494263449,1
2026-01-10,21,3,63,334.64,0,6,0,46.032368218635135,0
2026-01-10,22,1,38,162.74,0,4,0,54.4232683742069,0
2026-01-10,22,2,41,162.74,0,4,0,74.55026715898562,0
2026-01-10,22,3,44,162.74,0,4,0,123.4253682339818,0
2026-01-10,23,1,53,264.83,0,13,0,54.708488742449134,0
2026-01-10,23,2,51,264.83,0,13,0,87.14906358903387,0
2026-01-10,23,3,60,264.83,0,18,5,151.1907045021425,0
2026-01-10,24,1,56,277.89,0,9,0,49.89976863502667,0
2026-01-10,24,2,50,277.89,0,9,0,108.9026945432897,1
2026-01-10,24,3,49,277.89,0,9,0,75.35753935900274,0
2026-01-10,25,1,41,100.58,0,23,0,74.07989450082759,0
2026-01-10,25,2,37,100.58,0,23,0,34.45129098008197,0
2026-01-10,25,3,28,100.58,0,23,0,25.8577549742105,0
2026-01-10,26,1,76,485.1,0,28,0,178.286742653027,0
2026-01-10,26,2,75,485.1,0,28,0,195.89845084985842,0
2026-01-10,26,3,70,485.1,0,28,0,52.49741830966092,1
2026-01-10,27,1,63,389.82,0,4,0,32.5277521425497,0
2026-01-10,27,2,138,389.82,1,4,0,181.70771277345318,0
2026-01-10,27,3,62,389.82,0,4,0,130.16515624341548,0
2026-01-10,28,1,76,470.35,0,2,0,58.830893681685424,0
2026-01-10,28,2,83,470.35,0,2,0,137.5077250752241,0
2026-01-10,28,3,71,470.35,0,2,0,103.86636642962594,0
2026-01-10,29,1,81,448.47,0,4,0,157.9164332519208,0
2026-01-10,29,2,73,448.47,0,4,0,183.5690312234663,0
2026-01-10,29,3,79,448.47,0,4,0,215.1404550858431,0
2026-01-10,30,1,56,302.97,0,6,0,162.59354582012014,0
2026-01-10,30,2,61,302.97,0,13,7,162.67043063090773,0
2026-01-10,30,3,58,302.97,0,6,0,150.85804806595436,0
2026-01-10,31,1,71,461.72,0,16,0,199.46440579983013,0
2026-01-10,31,2,77,461.72,0,16,0,182.79789241574673,0
2026-01-10,31,3,78,461.72,0,16,0,94.92907070537107,0
2026-01-10,32,1,25,53.36,0,15,0,43.768617149624504,0
2026-01-10,32,2,33,53.36,0,15,0,93.55098543307425,0
2026-01-10,32,3,35,53.36,0,15,0,77.08025610400951,0
2026-01-10,33,1,48,106.03,0,4,0,62.2022426563213,0
2026-01-10,33,2,35,106.03,0,4,0,61.81493299069498,0
2026-01-10,33,3,36,106.03,0,4,0,59.35520399132857,0
2026-01-10,34,1,42,32.16,0,2,0,89.59540179464308,0
2026-01-10,34,2,39,32.16,0,2,0,73.78140000652374,0
2026-01-10,34,3,32,32.16,0,2,0,50.948802924570124,0
2026-01-10,35,1,54,169.41,0,6,0,55.00837413794842,0
2026-01-10,35,2,46,169.41,0,6,0,70.28212721911595,0
2026-01-10,35,3,48,169.41,0,6,0,51.41658911004285,0
2026-01-10,36,1,49,200.45,0,27,0,38.99937291178401,0
2026-01-10,36,2,42,200.45,0,27,0,80.95411498922773,0
2026-01-10,36,3,47,200.45,0,27,0,71.60322291405167,0
2026-01-10,37,1,75,142.96,1,24,0,71.80037274078985,0
2026-01-10,37,2,35,142.96,0,24,0,69.97413617320876,0
2026-01-10,37,3,46,142.96,0,24,0,24.776454189303962,0
2026-01-10,38,1,70,416.08,0,15,0,107.79818139566729,0
2026-01-10,38,2,67,416.08,0,15,0,156.08876988800563,0
2026-01-10,38,3,83,416.08,0,15,0,160.0268862450705,0
2026-01-10,39,1,45,184.81,0,8,0,123.35672823288691,0
2026-01-10,39,2,55,184.81,0,8,0,83.59485780328738,0
2026-01-10,39,3,43,184.81,0,8,0,54.77762491265539,0
2026-01-10,40,1,42,147.66,0,28,0,105.59591479948394,0
2026-01-10,40,2,47,147.66,0,28,0,113.85517293936397,0
2026-01-10,40,3,50,147.66,0,28,0,38.50968670829854,0
2026-01-10,41,1,52,275.92,0,16,6,132.83418970304604,0
2026-01-10,41,2,57,275.92,0,10,0,65.90747610798253,0
2026-01-10,41,3,53,275.92,0,10,0,74.66566560142783,0
2026-01-10,42,1,24,79.05,0,16,0,34.88452859418741,0
2026-01-10,42,2,34,79.05,0,16,0,97.76795249856156,0
2026-01-10,42,3,37,79.05,0,16,0,101.1741123679799,0
2026-01-10,43,1,66,403.08,0,16,0,54.28151980798227,0
2026-01-10,43,2,71,403.08,0,25,9,201.6072732797284,0
2026-01-10,43,3,66,403.08,0,16,0,100.78348516659732,1
2026-01-10,44,1,35,46.53,0,27,0,71.35545897083793,0
2026-01-10,44,2,22,46.53,0,27,0,57.14341031707374,0
2026-01-10,44,3,31,46.53,0,27,0,68.73215326445552,0
2026-01-10,45,1,77,493.57,0,11,0,88.4634584050684,0
2026-01-10,45,2,78,493.57,0,11,0,98.18176519885796,0
2026-01-10,45,3,73,493.57,0,11,0,186.34680106467897,0
2026-01-10,46,1,65,388.4,0,29,0,141.83894364407482,0
2026-01-10,46,2,58,388.4,0,29,0,145.4731930909336,0
2026-01-10,46,3,62,388.4,0,29,0,69.72733839214108,0
2026-01-10,47,1,34,107.37,0,14,0,17.9071444671509,0
2026-01-10,47,2,41,107.37,0,14,0,83.11802102123563,0
2026-01-10,47,3,40,107.37,0,14,0,46.90522287421629,0
2026-01-10,48,1,31,12.71,0,20,0,50.912760867114294,0
2026-01-10,48,2,32,12.71,0,20,0,37.711055058941184,0
2026-01-10,48,3,31,12.71,0,20,0,24.241761212159712,0
2026-01-10,49,1,65,409.58,0,8,0,62.26971483307817,0
2026-01-10,49,2,74,409.58,0,8,0,59.68618924593122,0
2026-01-10,49,3,71,409.58,0,8,0,72.65462234834553,0
2026-01-10,50,1,60,356.36,0,18,0,40.37612857581257,0
2026-01-10,50,2,64,356.36,0,18,0,180.96415887601083,0
2026-01-10,50,3,71,356.36,0,18,0,166.63724553010366,0
2026-01-11,1,1,72,394.74,0,4,0,77.34641676518419,0
2026-01-11,1,2,65,394.74,0,4,0,123.66361091742462,0
2026-01-11,1,3,74,394.74,0,4,0,57.99050546571619,0
2026-01-11,2,1,35,107.84,0,4,0,51.28864287695935,0
2026-01-11,2,2,31,107.84,0,4,0,64.06604452957893,0
2026-01-11,2,3,37,107.84,0,4,0,20.17057032779635,0
2026-01-11,3,1,58,261.97,0,2,0,115.26825587321754,0
2026-01-11,3,2,51,261.97,0,2,0,151.08116533610962,1
2026-01-11,3,3,57,261.97,0,2,0,33.10606530896787,0
2026-01-11,4,1,55,300.28,0,28,0,92.85334765069766,0
2026-01-11,4,2,65,300.28,0,28,0,98.17412016377163,0
2026-01-11,4,3,62,300.28,0,28,0,36.61212553054467,0
2026-01-11,5,1,36,32.76,0,6,0,50.93274918722179,0
2026-01-11,5,2,27,32.76,0,6,0,73.95657207186444,0
2026-01-11,5,3,34,32.76,0,6,0,57.80766209040395,0
2026-01-11,6,1,67,307.7,0,11,0,48.78465290244055,1
2026-01-11,6,2,52,307.7,0,11,0,57.240600338567674,0
2026-01-11,6,3,61,307.7,0,11,0,60.69971936124178,0
2026-01-11,7,1,33,93.56,0,8,0,98.25635898347655,0
2026-01-11,7,2,31,93.56,0,8,0,41.09884578565808,1
2026-01-11,7,3,35,93.56,0,8,0,48.18951361037702,0
2026-01-11,8,1,29,41.88,0,27,0,55.608393592962486,0
2026-01-11,8,2,62,41.88,1,27,0,150.51094738795248,0
2026-01-11,8,3,27,41.88,0,27,0,72.55840987818031,0
2026-01-11,9,1,76,474.95,0,10,0,107.72964798096196,0
2026-01-11,9,2,77,474.95,0,10,0,178.37135418638476,0
2026-01-11,9,3,71,474.95,0,10,0,65.36622886999574,0
2026-01-11,10,1,70,483.16,0,29,0,109.09268108680584,1
2026-01-11,10,2,72,483.16,0,29,0,115.69769223514102,0
2026-01-11,10,3,74,483.16,0,29,0,46.09323631407142,1
2026-01-11,11,1,66,406.11,0,8,0,145.91422732511901,0
2026-01-11,11,2,76,406.11,0,10,2,189.5824507196355,0
2026-01-11,11,3,66,406.11,0,11,3,67.67901281359735,0
2026-01-11,12,1,39,159.26,0,10,0,22.88714487586619,0
2026-01-11,12,2,50,159.26,0,10,0,32.84027142680735,0
2026-01-11,12,3,43,159.26,0,10,0,116.71295570560135,0
2026-01-11,13,1,31,57.86,0,9,0,41.50568313149093,0
2026-01-11,13,2,33,57.86,0,9,0,64.9931209179757,0
2026-01-11,13,3,36,57.86,0,13,4,73.59251275697318,0
2026-01-11,14,1,64,345.27,0,13,0,158.12403330733275,0
2026-01-11,14,2,59,345.27,0,13,0,91.22130083338007,0
2026-01-11,14,3,57,345.27,0,13,0,32.656820271805614,0
2026-01-11,15,1,52,225.67,0,3,0,137.5095212884175,0
2026-01-11,15,2,53,225.67,0,3,0,53.80477584167572,0
2026-01-11,15,3,49,225.67,0,3,0,115.68510502723886,0
2026-01-11,16,1,40,69.8,0,2,0,98.580848424435,0
2026-01-11,16,2,42,69.8,0,2,0,107.26565763488799,0
2026-01-11,16,3,33,69.8,0,2,0,96.36598149004847,0
2026-01-11,17,1,52,252.64,0,23,6,151.09938781265595,0
2026-01-11,17,2,48,252.64,0,17,0,124.00531493179966,0
2026-01-11,17,3,51,252.64,0,17,0,26.81906355026924,0
2026-01-11,18,1,35,26.85,0,24,0,102.18795572678114,0
2026-01-11,18,2,40,26.85,0,24,0,80.77098082270047,0
2026-01-11,18,3,29,26.85,0,24,0,34.60764022503562,0
2026-01-11,19,1,77,455.57,0,24,0,51.33634281988223,0
2026-01-11,19,2,64,455.57,0,24,0,144.49502460150924,0
2026-01-11,19,3,69,455.57,0,24,0,45.63243996320666,0
2026-01-11,20,1,44,136.8,0,25,0,110.79320960679593,0
2026-01-11,20,2,39,136.8,0,25,0,100.6686233461317,0
2026-01-11,20,3,46,136.8,0,25,0,23.18223411362911,0
2026-01-11,21,1,64,334.64,0,6,0,184.83884292597497,0
2026-01-11,21,2,65,334.64,0,6,0,153.70749307314085,0
2026-01-11,21,3,60,334.64,0,6,0,147.49753353290419,0
2026-01-11,22,1,48,162.74,0,4,0,27.645549594535503,0
2026-01-11,22,2,30,162.74,0,4,0,29.387708595075793,0
2026-01-11,22,3,43,162.74,0,4,0,29.22006775462094,0
2026-01-11,23,1,57,264.83,0,13,0,65.73929642157852,0
2026-01-11,23,2,46,264.83,0,13,0,55.02350845526478,0
2026-01-11,23,3,50,264.83,0,13,0,130.4216650843757,0
2026-01-11,24,1,58,277.89,0,9,0,139.03888327036475,0
2026-01-11,24,2,54,277.89,0,9,0,109.53319676828163,0
2026-01-11,24,3,52,277.89,0,12,3,48.243322193742245,0
2026-01-11,25,1,44,100.58,0,23,0,127.18432910079905,1
2026-01-11,25,2,44,100.58,0,23,0,124.53473069381113,0
2026-01-11,25,3,30,100.58,0,23,0,28.591353271021294,0
2026-01-11,26,1,76,485.1,0,28,0,216.32986552134628,0
2026-01-11,26,2,70,485.1,0,28,0,90.31835538965673,0
2026-01-11,26,3,77,485.1,0,28,0,225.65421902414883,0
2026-01-11,27,1,68,389.82,0,8,4,190.8981132771031,0
2026-01-11,27,2,66,389.82,0,4,0,40.98532052105132,0
2026-01-11,27,3,62,389.82,0,4,0,56.23029565893216,0
2026-01-11,28,1,68,470.35,0,2,0,52.324682052142016,0
2026-01-11,28,2,82,470.35,0,2,0,239.57092638655647,0
2026-01-11,28,3,67,470.35,0,2,0,130.14202450345215,0
2026-01-11,29,1,77,448.47,0,4,0,63.05847026646339,0
2026-01-11,29,2,75,448.47,0,4,0,190.47286045231695,0
2026-01-11,29,3,69,448.47,0,4,0,63.31710298336553,0
2026-01-11,30,1,57,302.97,0,6,0,69.56888387363054,0
2026-01-11,30,2,54,302.97,0,6,0,37.69016522966449,0
2026-01-11,30,3,62,302.97,0,6,0,178.65953027413352,0
2026-01-11,31,1,69,461.72,0,16,0,148.23410207724024,0
2026-01-11,31,2,68,461.72,0,16,0,87.15605305472467,0
2026-01-11,31,3,149,461.72,1,16,0,371.58457342253075,0
2026-01-11,32,1,30,53.36,0,15,0,70.26038300407492,0
2026-01-11,32,2,32,53.36,0,19,4,48.216931972136024,1
2026-01-11,32,3,30,53.36,0,15,0,76.7451489836079,0
2026-01-11,33,1,38,106.03,0,4,0,33.70749671281485,0
2026-01-11,33,2,34,106.03,0,4,0,65.58911252780126,0
2026-01-11,33,3,38,106.03,0,4,0,80.18251152563468,0
2026-01-11,34,1,39,32.16,0,2,0,115.64157932043616,0
2026-01-11,34,2,24,32.16,0,2,0,37.8296150058906,0
2026-01-11,34,3,26,32.16,0,2,0,48.26561104954199,0
2026-01-11,35,1,44,169.41,0,6,0,119.58171637705375,0
2026-01-11,35,2,48,169.41,0,6,0,89.59507751318954,0
2026-01-11,35,3,45,169.41,0,6,0,68.37066182155442,0
2026-01-11,36,1,51,200.45,0,27,0,89.19251818911678,0
2026-01-11,36,2,46,200.45,0,27,0,132.63229046202093,0
2026-01-11,36,3,52,200.45,0,31,4,90.73691933636113,0
2026-01-11,37,1,39,142.96,0,24,0,98.54622035996523,0
2026-01-11,37,2,38,142.96,0,24,0,39.34674401026075,0
2026-01-11,37,3,43,142.96,0,24,0,36.96220563145842,1
2026-01-11,38,1,78,416.08,0,15,0,157.21224523304937,0
2026-01-11,38,2,69,416.08,0,15,0,66.94010271764054,0
2026-01-11,38,3,68,416.08,0,15,0,36.05188900110505,0
2026-01-11,39,1,42,184.81,0,8,0,81.2071707192589,0
2026-01-11,39,2,58,184.81,0,8,0,63.4018827302849,0
2026-01-11,39,3,42,184.81,0,8,0,96.975973546198,0
2026-01-11,40,1,42,147.66,0,28,0,65.7921496107113,0
2026-01-11,40,2,46,147.66,0,28,0,80.00745615900168,0
2026-01-11,40,3,44,147.66,0,28,0,64.73842628066463,0
2026-01-11,41,1,52,275.92,0,10,0,62.93353939956629,0
2026-01-11,41,2,49,275.92,0,10,0,80.13551509555107,0
2026-01-11,41,3,63,275.92,0,10,0,97.45454100101816,0
2026-01-11,42,1,43,79.05,0,16,0,75.75949360338781,0
2026-01-11,42,2,36,79.05,0,16,0,35.68343871626268,0
2026-01-11,42,3,31,79.05,0,16,0,81.73285339426725,0
2026-01-11,43,1,66,403.08,0,16,0,143.7757214679713,0
2026-01-11,43,2,68,403.08,0,16,0,170.69857183039238,0
2026-01-11,43,3,65,403.08,0,16,0,75.27750340996346,0
2026-01-11,44,1,28,46.53,0,27,0,22.845909936290358,0
2026-01-11,44,2,27,46.53,0,27,0,71.4075200041212,0
2026-01-11,44,3,30,46.53,0,27,0,50.38172320431558,0
2026-01-11,45,1,80,493.57,0,11,0,51.55763940397283,0
2026-01-11,45,2,78,493.57,0,11,0,117.69198105866923,0
2026-01-11,45,3,85,493.57,0,11,0,97.38117605102225,0
2026-01-11,46,1,65,388.4,0,29,0,169.22047533709477,0
2026-01-11,46,2,72,388.4,0,35,6,98.32788914182748,0
2026-01-11,46,3,65,388.4,0,29,0,90.55181982764714,0
2026-01-11,47,1,43,107.37,0,14,0,56.86811593869003,0
2026-01-11,47,2,31,107.37,0,14,0,47.32928104545709,0
2026-01-11,47,3,38,107.37,0,14,0,74.50135493901323,0
2026-01-11,48,1,26,12.71,0,20,0,68.48594535431721,0
2026-01-11,48,2,29,12.71,0,21,1,86.43753882743135,0
2026-01-11,48,3,22,12.71,0,20,0,38.31548668142274,0
2026-01-11,49,1,64,409.58,0,8,0,104.67645180909908,0
2026-01-11,49,2,69,409.58,0,8,0,176.67104993537433,0
2026-01-11,49,3,78,409.58,0,8,0,163.2915370973513,0
2026-01-11,50,1,61,356.36,0,18,0,170.3130031564034,0
2026-01-11,50,2,53,356.36,0,18,0,27.463647019456232,0
2026-01-11,50,3,66,356.36,0,18,0,63.477795079030734,0
2026-01-12,1,1,66,394.74,0,4,0,115.96910522984932,0
2026-01-12,1,2,54,394.74,0,4,0,70.88278185789507,0
2026-01-12,1,3,70,394.74,0,5,1,146.6505661628434,0
2026-01-12,2,1,40,107.84,0,4,0,93.22905674256961,0
2026-01-12,2,2,33,107.84,0,4,0,58.91165738859004,0
2026-01-12,2,3,29,107.84,0,4,0,52.71264304222573,1
2026-01-12,3,1,50,261.97,0,2,0,99.20131805580179,0
2026-01-12,3,2,43,261.97,0,2,0,63.82481073770153,0
2026-01-12,3,3,57,261.97,0,2,0,41.04085892038194,0
2026-01-12,4,1,59,300.28,0,28,0,97.69831346904154,0
2026-01-12,4,2,56,300.28,0,28,0,137.41323813462938,0
2026-01-12,4,3,51,300.28,0,28,0,60.50443455440669,0
2026-01-12,5,1,46,32.76,1,6,0,97.16422724446547,0
2026-01-12,5,2,20,32.76,0,6,0,23.2298555940515,0
2026-01-12,5,3,29,32.76,0,14,8,53.041054303797274,0
2026-01-12,6,1,56,307.7,0,11,0,122.97869523991973,0
2026-01-12,6,2,56,307.7,0,11,0,118.35581440374791,0
2026-01-12,6,3,49,307.7,0,11,0,117.56586276341336,0
2026-01-12,7,1,39,93.56,0,8,0,100.98285567316745,0
2026-01-12,7,2,27,93.56,0,8,0,56.85657644086274,0
2026-01-12,7,3,29,93.56,0,8,0,55.303914294138174,1
2026-01-12,8,1,33,41.88,0,27,0,73.40038549508141,0
2026-01-12,8,2,21,41.88,0,27,0,16.713590319645846,0
2026-01-12,8,3,25,41.88,0,27,0,53.71535366972739,0
2026-01-12,9,1,77,474.95,0,10,0,94.8140324827022,0
2026-01-12,9,2,78,474.95,0,10,0,143.03667904129185,0
2026-01-12,9,3,68,474.95,0,10,0,55.263298558775325,1
2026-01-12,10,1,77,483.16,0,29,0,146.36775499884266,1
2026-01-12,10,2,79,483.16,0,29,0,164.73315915326822,0
2026-01-12,10,3,74,483.16,0,29,0,115.59368627901257,0
2026-01-12,11,1,50,406.11,0,8,0,148.9624326273203,0
2026-01-12,11,2,67,406.11,0,8,0,174.16059127646596,0
2026-01-12,11,3,64,406.11,0,8,0,79.30213308474178,0
2026-01-12,12,1,40,159.26,0,10,0,94.18327137286596,0
2026-01-12,12,2,40,159.26,0,10,0,56.4639991013783,0
2026-01-12,12,3,38,159.26,0,10,0,29.154103071460753,0
2026-01-12,13,1,25,57.86,0,9,0,70.84006294817866,0
2026-01-12,13,2,29,57.86,0,9,0,68.71139837975177,0
2026-01-12,13,3,30,57.86,0,9,0,18.10307868504449,0
2026-01-12,14,1,59,345.27,0,13,0,118.20808149553267,0
2026-01-12,14,2,65,345.27,0,13,0,117.43773828223726,0
2026-01-12,14,3,58,345.27,0,13,0,79.88370377002353,0
2026-01-12,15,1,36,225.67,0,3,0,81.3917660824917,0
2026-01-12,15,2,45,225.67,0,10,7,90.31584738001042,0
2026-01-12,15,3,45,225.67,0,3,0,96.46248680746478,0
2026-01-12,16,1,35,69.8,0,2,0,53.88128043105351,0
2026-01-12,16,2,34,69.8,0,2,0,61.269324822246986,0
2026-01-12,16,3,25,69.8,0,2,0,53.810863790604735,0
2026-01-12,17,1,41,252.64,0,17,0,119.06815046231866,0
2026-01-12,17,2,46,252.64,0,17,0,63.84015286295738,0
2026-01-12,17,3,47,252.64,0,17,0,39.33732972779897,0
2026-01-12,18,1,41,26.85,0,24,0,116.0961860274697,0
2026-01-12,18,2,26,26.85,0,24,0,62.996041519033184,0
2026-01-12,18,3,29,26.85,0,24,0,76.41126356855442,0
2026-01-12,19,1,72,455.57,0,24,0,41.73926313754658,0
2026-01-12,19,2,66,455.57,0,24,0,71.25683629067,0
2026-01-12,19,3,66,455.57,0,24,0,62.89708581241514,0
2026-01-12,20,1,34,136.8,0,25,0,36.28530275825031,0
2026-01-12,20,2,49,136.8,0,25,0,127.78929527997295,0
2026-01-12,20,3,29,136.8,0,25,0,53.48850561748415,0
2026-01-12,21,1,56,334.64,0,6,0,84.61102019736067,0
2026-01-12,21,2,61,334.64,0,6,0,87.74504646964627,0
2026-01-12,21,3,48,334.64,0,6,0,78.17076043259644,0
2026-01-12,22,1,43,162.74,0,4,0,78.76649936919091,0
2026-01-12,22,2,39,162.74,0,4,0,70.2808012277223,0
2026-01-12,22,3,24,162.74,0,4,0,17.91223603006444,0
2026-01-12,23,1,47,264.83,0,13,0,96.9546657786691,0
2026-01-12,23,2,51,264.83,0,13,0,27.388129794409707,0
2026-01-12,23,3,48,264.83,0,13,0,46.66432593786584,0
2026-01-12,24,1,43,277.89,0,9,0,64.69776621166648,0
2026-01-12,24,2,53,277.89,0,9,0,73.79419197812788,0
2026-01-12,24,3,54,277.89,0,9,0,131.2549872281817,0
2026-01-12,25,1,36,100.58,0,23,0,68.99076029071264,0
2026-01-12,25,2,36,100.58,0,23,0,78.97200920410157,0
2026-01-12,25,3,26,100.58,0,23,0,77.78371955593148,0
2026-01-12,26,1,75,485.1,0,28,0,190.4663481118063,0
2026-01-12,26,2,68,485.1,0,28,0,140.50255879502876,0
2026-01-12,26,3,83,485.1,0,28,0,160.5330396201671,0
2026-01-12,27,1,62,389.82,0,4,0,44.715468833347174,1
2026-01-12,27,2,60,389.82,0,4,0,81.09826159309489,0
2026-01-12,27,3,67,389.82,0,4,0,100.0380570206949,0
2026-01-12,28,1,70,470.35,0,2,0,132.12599265853507,0
2026-01-12,28,2,63,470.35,0,2,0,128.5542399163269,0
2026-01-12,28,3,66,470.35,0,2,0,45.264705974457065,0
2026-01-12,29,1,66,448.47,0,4,0,95.22347744818335,0
2026-01-12,29,2,71,448.47,0,4,0,101.00746828317023,0
2026-01-12,29,3,62,448.47,0,4,0,138.55150674978998,0
2026-01-12,30,1,59,302.97,0,6,0,66.54586420034714,0
2026-01-12,30,2,45,302.97,0,6,0,85.59138844997068,0
2026-01-12,30,3,44,302.97,0,6,0,99.58989599863501,0
2026-01-12,31,1,65,461.72,0,16,0,50.93946611445886,0
2026-01-12,31,2,72,461.72,0,16,0,48.491156689297576,0
2026-01-12,31,3,64,461.72,0,16,0,133.23136662456207,0
2026-01-12,32,1,38,53.36,0,15,0,65.83776492949873,0
2026-01-12,32,2,32,53.36,0,15,0,19.763124273179834,0
2026-01-12,32,3,35,53.36,0,15,0,47.173946354911486,0
2026-01-12,33,1,34,106.03,0,4,0,41.34111577040848,0
2026-01-12,33,2,29,106.03,0,4,0,52.67265996065961,0
2026-01-12,33,3,32,106.03,0,4,0,63.73044258857129,0
2026-01-12,34,1,25,32.16,0,2,0,16.20680592506855,0
2026-01-12,34,2,23,32.16,0,2,0,59.46221241171664,1
2026-01-12,34,3,28,32.16,0,2,0,40.267248601583525,0
2026-01-12,35,1,44,169.41,0,6,0,28.54636868203718,0
2026-01-12,35,2,50,169.41,0,6,0,107.70665005840638,0
2026-01-12,35,3,35,169.41,0,6,0,30.508849323415934,0
2026-01-12,36,1,45,200.45,0,27,0,30.319736787965955,0
2026-01-12,36,2,80,200.45,1,27,0,70.18319654270596,0
2026-01-12,36,3,44,200.45,0,27,0,70.17603603588252,0
2026-01-12,37,1,34,142.96,0,24,0,101.16494245861105,0
2026-01-12,37,2,41,142.96,0,24,0,66.27669486343223,0
2026-01-12,37,3,32,142.96,0,24,0,82.82451686867601,0
2026-01-12,38,1,69,416.08,0,15,0,63.60103338364613,0
2026-01-12,38,2,61,416.08,0,15,0,87.47928444414045,0
2026-01-12,38,3,63,416.08,0,15,0,32.725975317362334,0
2026-01-12,39,1,52,184.81,0,8,0,64.48829929263616,0
2026-01-12,39,2,41,184.81,0,8,0,79.11445371127067,0
2026-01-12,39,3,52,184.81,0,8,0,38.356039626019125,0
2026-01-12,40,1,34,147.66,0,28,0,97.75587819823951,0
2026-01-12,40,2,38,147.66,0,30,2,69.5694750210915,0
2026-01-12,40,3,31,147.66,0,28,0,30.148839412853533,0
2026-01-12,41,1,42,275.92,0,10,0,85.09135599762563,0
2026-01-12,41,2,45,275.92,0,10,0,74.32705951674005,0
2026-01-12,41,3,49,275.92,0,10,0,127.97687296679317,0
2026-01-12,42,1,33,79.05,0,16,0,80.39438709026864,1
2026-01-12,42,2,24,79.05,0,16,0,40.14362041326922,0
2026-01-12,42,3,24,79.05,0,16,0,14.006279133665862,0
2026-01-12,43,1,70,403.08,0,16,0,179.67733846934937,0
2026-01-12,43,2,69,403.08,0,16,0,135.72652677518974,0
2026-01-12,43,3,52,403.08,0,16,0,70.23574769042402,0
2026-01-12,44,1,30,46.53,0,27,0,76.854237305769,0
2026-01-12,44,2,27,46.53,0,27,0,36.26354818141934,0
2026-01-12,44,3,25,46.53,0,27,0,26.320203930563434,0
2026-01-12,45,1,69,493.57,0,11,0,104.63294686369719,0
2026-01-12,45,2,74,493.57,0,11,0,60.6522013437914,0
2026-01-12,45,3,72,493.57,0,11,0,97.7607929550617,0
2026-01-12,46,1,50,388.4,0,35,6,123.49261508411251,0
2026-01-12,46,2,58,388.4,0,29,0,153.58241061462755,0
2026-01-12,46,3,59,388.4,0,29,0,172.85887122859444,0
2026-01-12,47,1,25,107.37,0,14,0,41.932551651102216,0
2026-01-12,47,2,30,107.37,0,14,0,75.22247258314252,0
2026-01-12,47,3,28,107.37,0,14,0,77.93890567148225,0
2026-01-12,48,1,29,12.71,0,20,0,58.21777843116859,0
2026-01-12,48,2,21,12.71,0,20,0,37.16213251471777,0
2026-01-12,48,3,25,12.71,0,20,0,74.19798997688778,0
2026-01-12,49,1,63,409.58,0,8,0,141.6092273504524,0
2026-01-12,49,2,67,409.58,0,8,0,187.17391716674476,0
2026-01-12,49,3,62,409.58,0,8,0,124.0392201046933,0
2026-01-12,50,1,63,356.36,0,18,0,122.679353883353,0
2026-01-12,50,2,64,356.36,0,18,0,99.87931251305281,0
2026-01-12,50,3,65,356.36,0,18,0,127.91660832205072,0
2026-01-13,1,1,50,394.74,0,4,0,57.05550218289852,1
2026-01-13,1,2,57,394.74,0,4,0,122.52447008380875,0
2026-01-13,1,3,63,394.74,0,4,0,49.53472594386458,0
2026-01-13,2,1,38,107.84,0,4,0,67.10512507695985,0
2026-01-13,2,2,34,107.84,0,4,0,28.9768352134786,0
2026-01-13,2,3,39,107.84,0,4,0,33.81315909601465,0
2026-01-13,3,1,100,261.97,1,2,0,248.25257690639987,0
2026-01-13,3,2,46,261.97,0,2,0,52.97284729705516,0
2026-01-13,3,3,44,261.97,0,2,0,72.33257324413688,0
2026-01-13,4,1,54,300.28,0,28,0,140.22511081207105,0
2026-01-13,4,2,46,300.28,0,28,0,111.34377829786145,0
2026-01-13,4,3,61,300.28,0,28,0,157.35317805386248,0
2026-01-13,5,1,29,32.76,0,6,0,75.50269161183788,0
2026-01-13,5,2,27,32.76,0,6,0,52.326559781739064,0
2026-01-13,5,3,27,32.76,0,6,0,76.90006545152787,1
2026-01-13,6,1,51,307.7,0,11,0,118.8687845079819,0
2026-01-13,6,2,50,307.7,0,15,4,46.953308196000286,0
2026-01-13,6,3,59,307.7,0,11,0,108.78465727994966,0
2026-01-13,7,1,26,93.56,0,8,0,58.21664897395153,0
2026-01-13,7,2,24,93.56,0,8,0,17.352393529017828,0
2026-01-13,7,3,35,93.56,0,16,8,20.835346453993015,0
2026-01-13,8,1,34,41.88,0,27,0,96.3931017060159,0
2026-01-13,8,2,18,41.88,0,27,0,28.31357618820155,0
2026-01-13,8,3,25,41.88,0,27,0,13.483498773346525,0
2026-01-13,9,1,72,474.95,0,19,9,39.98819329492383,0
2026-01-13,9,2,73,474.95,0,10,0,168.18358357330666,0
2026-01-13,9,3,61,474.95,0,10,0,86.06891229631721,1
2026-01-13,10,1,78,483.16,0,29,0,156.70825947914798,0
2026-01-13,10,2,68,483.16,0,29,0,54.11870673203924,0
2026-01-13,10,3,77,483.16,0,29,0,196.994389312132,0
2026-01-13,11,1,65,406.11,0,8,0,33.60265235873449,1
2026-01-13,11,2,60,406.11,0,8,0,140.3852978802787,0
2026-01-13,11,3,53,406.11,0,8,0,46.970353797300056,0
2026-01-13,12,1,38,159.26,0,10,0,82.22339383193528,0
2026-01-13,12,2,38,159.26,0,10,0,46.371887241195715,0
2026-01-13,12,3,38,159.26,0,10,0,74.0790850440945,0
2026-01-13,13,1,36,57.86,0,9,0,84.09641782889223,0
2026-01-13,13,2,27,57.86,0,9,0,78.59627482436505,0
2026-01-13,13,3,24,57.86,0,9,0,45.15020857569263,0
2026-01-13,14,1,55,345.27,0,13,0,137.74026981629208,0
2026-01-13,14,2,50,345.27,0,13,0,132.77620509415488,0
2026-01-13,14,3,59,345.27,0,13,0,90.1597287756332,0
2026-01-13,15,1,47,225.67,0,3,0,91.62905833925878,0
2026-01-13,15,2,95,225.67,1,3,0,226.62993929551783,0
2026-01-13,15,3,45,225.67,0,3,0,124.61421883715477,0
2026-01-13,16,1,32,69.8,0,2,0,65.12725903805614,0
2026-01-13,16,2,29,69.8,0,2,0,14.726319723339698,0
2026-01-13,16,3,28,69.8,0,2,0,61.39892420017313,0
2026-01-13,17,1,42,252.64,0,17,0,47.61760669110618,0
2026-01-13,17,2,53,252.64,0,17,0,84.81966925719756,0
2026-01-13,17,3,45,252.64,0,17,0,61.81583844742037,0
2026-01-13,18,1,23,26.85,0,24,0,24.95662008014529,0
2026-01-13,18,2,23,26.85,0,24,0,44.01374104926122,0
2026-01-13,18,3,40,26.85,0,24,0,33.58861501275942,0
2026-01-13,19,1,68,455.57,0,24,0,65.6616395109617,0
2026-01-13,19,2,65,455.57,0,24,0,135.56605618587483,0
2026-01-13,19,3,59,455.57,0,24,0,72.77497714848931,1
2026-01-13,20,1,40,136.8,0,25,0,52.51329284002644,0
2026-01-13,20,2,36,136.8,0,25,0,37.54263636339047,0
2026-01-13,20,3,39,136.8,0,25,0,78.70850033489508,0
2026-01-13,21,1,54,334.64,0,6,0,130.00086747571817,0
2026-01-13,21,2,56,334.64,0,6,0,32.503137845168396,0
2026-01-13,21,3,59,334.64,0,6,0,118.60606291974996,0
2026-01-13,22,1,39,162.74,0,4,0,20.676095487684073,1
2026-01-13,22,2,32,162.74,0,4,0,37.61991000493713,0
2026-01-13,22,3,41,162.74,0,4,0,116.45518071258488,0
2026-01-13,23,1,52,264.83,0,13,0,93.4994767446386,0
2026-01-13,23,2,101,264.83,1,13,0,207.8483428205064,0
2026-01-13,23,3,50,264.83,0,13,0,136.5928178745444,0
2026-01-13,24,1,50,277.89,0,9,0,89.00395233643621,0
2026-01-13,24,2,59,277.89,0,9,0,47.41605370880131,0
2026-01-13,24,3,52,277.89,0,9,0,57.625500981190825,0
2026-01-13,25,1,29,100.58,0,23,0,52.426933185701266,0
2026-01-13,25,2,31,100.58,0,23,0,85.93386240008175,1
2026-01-13,25,3,31,100.58,0,23,0,16.81051052736845,0
2026-01-13,26,1,79,485.1,0,28,0,167.9245171301225,0
2026-01-13,26,2,63,485.1,0,28,0,79.15826404459823,0
2026-01-13,26,3,69,485.1,0,28,0,118.8144444696174,0
2026-01-13,27,1,64,389.82,0,4,0,140.03030648185984,0
2026-01-13,27,2,52,389.82,0,4,0,63.031297024898755,1
2026-01-13,27,3,68,389.82,0,4,0,189.7077168376428,0
2026-01-13,28,1,144,470.35,1,2,0,317.88659465789794,0
2026-01-13,28,2,141,470.35,1,2,0,75.9857975561974,0
2026-01-13,28,3,69,470.35,0,2,0,53.05434008039988,0
2026-01-13,29,1,73,448.47,0,4,0,160.35352228587317,0
2026-01-13,29,2,70,448.47,0,4,0,195.13067410743975,0
2026-01-13,29,3,68,448.47,0,4,0,115.6431801846463,0
2026-01-13,30,1,54,302.97,0,6,0,93.1407866880562,0
2026-01-13,30,2,48,302.97,0,6,0,78.64369614738006,0
2026-01-13,30,3,52,302.97,0,6,0,93.44508057096596,1
2026-01-13,31,1,74,461.72,0,16,0,122.43937039371255,1
2026-01-13,31,2,68,461.72,0,16,0,106.14736976725108,0
2026-01-13,31,3,56,461.72,0,16,0,90.48013358640918,0
2026-01-13,32,1,22,53.36,0,15,0,60.00803566130015,0
2026-01-13,32,2,28,53.36,0,15,0,27.132769198179727,1
2026-01-13,32,3,27,53.36,0,15,0,19.288195936499545,0
2026-01-13,33,1,28,106.03,0,4,0,64.15875478452998,0
2026-01-13,33,2,37,106.03,0,4,0,58.03490951855308,0
2026-01-13,33,3,33,106.03,0,4,0,58.181184418638104,0
2026-01-13,34,1,35,32.16,0,2,0,95.4473409377485,0
2026-01-13,34,2,29,32.16,0,2,0,35.63938446509498,0
2026-01-13,34,3,22,32.16,0,2,0,58.7380445675187,0
2026-01-13,35,1,33,169.41,0,6,0,47.81954656756483,0
2026-01-13,35,2,49,169.41,0,6,0,79.83836480564165,0
2026-01-13,35,3,38,169.41,0,6,0,53.6709328284814,0
2026-01-13,36,1,43,200.45,0,27,0,99.56457950674456,0
2026-01-13,36,2,42,200.45,0,27,0,118.24497649260775,0
2026-01-13,36,3,45,200.45,0,27,0,49.00995443490996,0
2026-01-13,37,1,32,142.96,0,24,0,57.15837137048245,0
2026-01-13,37,2,32,142.96,0,24,0,92.34954897825887,0
2026-01-13,37,3,39,142.96,0,24,0,95.46165947972263,0
2026-01-13,38,1,70,416.08,0,18,3,43.4991642853768,0
2026-01-13,38,2,64,416.08,0,15,0,151.812394176638,0
2026-01-13,38,3,65,416.08,0,15,0,59.154993862150775,0
2026-01-13,39,1,45,184.81,0,8,0,87.41720947387782,0
2026-01-13,39,2,43,184.81,0,8,0,79.99958157986484,0
2026-01-13,39,3,38,184.81,0,8,0,53.95858233274473,0
2026-01-13,40,1,42,147.66,0,30,2,45.74714700472449,0
2026-01-13,40,2,38,147.66,0,28,0,69.55055771451535,0
2026-01-13,40,3,37,147.66,0,28,0,36.14987795878341,0
2026-01-13,41,1,48,275.92,0,10,0,51.92762902440642,0
2026-01-13,41,2,43,275.92,0,10,0,83.84591290752444,0
2026-01-13,41,3,47,275.92,0,10,0,72.50322557770585,0
2026-01-13,42,1,35,79.05,0,16,0,66.993927208669,0
2026-01-13,42,2,28,79.05,0,16,0,78.91959855379336,0
2026-01-13,42,3,17,79.05,0,16,0,37.79226379542546,0
2026-01-13,43,1,59,403.08,0,16,0,122.98240833262946,0
2026-01-13,43,2,62,403.08,0,16,0,165.49434626383663,1
2026-01-13,43,3,69,403.08,0,16,0,139.08967342210678,0
2026-01-13,44,1,19,46.53,0,27,0,31.577249782031288,0
2026-01-13,44,2,34,46.53,0,27,0,83.03312778635393,0
2026-01-13,44,3,28,46.53,0,27,0,74.3458860088162,0
2026-01-13,45,1,83,493.57,0,11,0,154.66279181773064,0
2026-01-13,45,2,75,493.57,0,11,0,158.9454515231681,0
2026-01-13,45,3,68,493.57,0,11,0,67.26327025630822,0
2026-01-13,46,1,59,388.4,0,29,0,116.61197451644128,0
2026-01-13,46,2,58,388.4,0,29,0,70.85661388794176,0
2026-01-13,46,3,65,388.4,0,29,0,45.862898495472585,0
2026-01-13,47,1,44,107.37,0,14,0,58.01143481269391,0
2026-01-13,47,2,28,107.37,0,14,0,72.70600081447199,0
2026-01-13,47,3,35,107.37,0,14,0,58.79451950358825,0
2026-01-13,48,1,21,12.71,0,20,0,36.78858257257041,0
2026-01-13,48,2,27,12.71,0,20,0,79.16782081794814,0
2026-01-13,48,3,26,12.71,0,20,0,57.01032817682203,0
2026-01-13,49,1,56,409.58,0,8,0,79.8448245630731,1
2026-01-13,49,2,62,409.58,0,8,0,112.41382204872566,0
2026-01-13,49,3,58,409.58,0,8,0,81.27727308848893,0
2026-01-13,50,1,49,356.36,0,18,0,128.99416097602088,0
2026-01-13,50,2,50,356.36,0,18,0,31.252352612773294,0
2026-01-13,50,3,56,356.36,0,18,0,125.25404214357405,0
2026-01-14,1,1,55,394.74,0,11,7,61.39071256680123,1
2026-01-14,1,2,68,394.74,0,4,0,138.06825752293474,0
2026-01-14,1,3,58,394.74,0,4,0,144.46352696531122,0
2026-01-14,2,1,40,107.84,0,4,0,91.3031456375104,0
2026-01-14,2,2,31,107.84,0,4,0,65.63836989614117,0
2026-01-14,2,3,24,107.84,0,4,0,56.387782316165946,0
2026-01-14,3,1,48,261.97,0,2,0,73.53156872985524,0
2026-01-14,3,2,54,261.97,0,2,0,147.435122118296,1
2026-01-14,3,3,42,261.97,0,2,0,55.716460260251914,0
2026-01-14,4,1,63,300.28,0,28,0,47.96732715878632,0
2026-01-14,4,2,52,300.28,0,28,0,149.8994599208778,0
2026-01-14,4,3,57,300.28,0,28,0,90.54298894824191,0
2026-01-14,5,1,27,32.76,0,6,0,20.575528263501674,0
2026-01-14,5,2,35,32.76,0,6,0,27.81275950947989,0
2026-01-14,5,3,27,32.76,0,6,0,70.89516471859594,0
2026-01-14,6,1,53,307.7,0,11,0,109.97594544666431,0
2026-01-14,6,2,55,307.7,0,11,0,83.8527907400692,0
2026-01-14,6,3,53,307.7,0,11,0,96.69517627152581,0
2026-01-14,7,1,31,93.56,0,8,0,75.69954102963065,0
2026-01-14,7,2,34,93.56,0,8,0,90.07694659768975,0
2026-01-14,7,3,32,93.56,0,8,0,31.49602342285616,0
2026-01-14,8,1,23,41.88,0,27,0,34.71600510250492,0
2026-01-14,8,2,30,41.88,0,27,0,55.241600325809955,0
2026-01-14,8,3,29,41.88,0,27,0,42.742314424910376,0
2026-01-14,9,1,70,474.95,0,10,0,97.58709617805948,0
2026-01-14,9,2,70,474.95,0,10,0,203.40101979270267,0
2026-01-14,9,3,71,474.95,0,10,0,134.02716175518307,0
2026-01-14,10,1,64,483.16,0,29,0,90.24439507433061,0
2026-01-14,10,2,67,483.16,0,29,0,129.28817296976513,0
2026-01-14,10,3,76,483.16,0,29,0,78.7470635715907,0
2026-01-14,11,1,65,406.11,0,8,0,94.63424716146551,0
2026-01-14,11,2,70,406.11,0,8,0,113.07000374690784,0
2026-01-14,11,3,73,406.11,0,12,4,113.64036573023925,0
2026-01-14,12,1,40,159.26,0,10,0,61.34732641219685,0
2026-01-14,12,2,37,159.26,0,10,0,83.7387352236364,0
2026-01-14,12,3,47,159.26,0,10,0,25.247104485598566,0
2026-01-14,13,1,28,57.86,0,9,0,29.82694355386845,0
2026-01-14,13,2,25,57.86,0,9,0,14.913537850765678,0
2026-01-14,13,3,28,57.86,0,9,0,39.821536416149286,0
2026-01-14,14,1,57,345.27,0,13,0,41.88216998842179,0
2026-01-14,14,2,54,345.27,0,13,0,155.27439596043564,0
2026-01-14,14,3,51,345.27,0,13,0,67.45737065347909,0
2026-01-14,15,1,44,225.67,0,3,0,102.44893689551158,0
2026-01-14,15,2,47,225.67,0,3,0,26.43928034717536,0
2026-01-14,15,3,45,225.67,0,3,0,110.6124139183836,0
2026-01-14,16,1,36,69.8,0,2,0,73.01856483477732,1
2026-01-14,16,2,28,69.8,0,2,0,50.08482331838933,0
2026-01-14,16,3,32,69.8,0,2,0,73.96873548706537,0
2026-01-14,17,1,55,252.64,0,19,2,34.081519849589725,0
2026-01-14,17,2,43,252.64,0,17,0,106.99335731570142,0
2026-01-14,17,3,61,252.64,0,17,0,102.55047237202079,0
2026-01-14,18,1,24,26.85,0,24,0,24.836026968062832,1
2026-01-14,18,2,23,26.85,0,24,0,66.64502982010595,0
2026-01-14,18,3,29,26.85,0,24,0,66.87642316912495,0
2026-01-14,19,1,69,455.57,0,28,4,109.23575311501693,0
2026-01-14,19,2,74,455.57,0,24,0,73.29341228352605,0
2026-01-14,19,3,67,455.57,0,28,4,173.73769991883944,0
2026-01-14,20,1,33,136.8,0,25,0,23.806874340569106,0
2026-01-14,20,2,45,136.8,0,25,0,107.71985506708191,0
2026-01-14,20,3,42,136.8,0,25,0,81.62088114561888,0
2026-01-14,21,1,55,334.64,0,6,0,35.09242367818078,0
2026-01-14,21,2,43,334.64,0,6,0,75.91983637976962,1
2026-01-14,21,3,49,334.64,0,6,0,39.398804108311545,0
2026-01-14,22,1,40,162.74,0,4,0,116.64092961234289,0
2026-01-14,22,2,45,162.74,0,4,0,75.52891239446222,0
2026-01-14,22,3,39,162.74,0,4,0,102.89316027538649,0
2026-01-14,23,1,50,264.83,0,13,0,71.87056863431616,0
2026-01-14,23,2,46,264.83,0,13,0,87.03181420291475,0
2026-01-14,23,3,52,264.83,0,13,0,70.13875948699012,0
2026-01-14,24,1,52,277.89,0,9,0,152.0384480321209,1
2026-01-14,24,2,48,277.89,0,9,0,98.66003090083292,0
2026-01-14,24,3,50,277.89,0,9,0,63.013750917854615,0
2026-01-14,25,1,32,100.58,0,23,0,22.46233710994749,0
2026-01-14,25,2,36,100.58,0,23,0,80.50877766335466,0
2026-01-14,25,3,40,100.58,0,23,0,35.28871156479981,0
2026-01-14,26,1,64,485.1,0,28,0,81.98494362874109,0
2026-01-14,26,2,77,485.1,0,28,0,117.76804029101162,0
2026-01-14,26,3,80,485.1,0,28,0,86.00009050967998,1
2026-01-14,27,1,74,389.82,0,4,0,87.85804243421454,0
2026-01-14,27,2,62,389.82,0,4,0,34.93258064655892,0
2026-01-14,27,3,71,389.82,0,4,0,190.44839964759785,0
2026-01-14,28,1,61,470.35,0,2,0,148.70977685361066,0
2026-01-14,28,2,70,470.35,0,2,0,150.7931356255678,0
2026-01-14,28,3,69,470.35,0,2,0,151.82734931590656,0
2026-01-14,29,1,64,448.47,0,4,0,44.935488262920636,0
2026-01-14,29,2,71,448.47,0,4,0,160.17531530092575,0
2026-01-14,29,3,59,448.47,0,4,0,81.70110937288666,0
2026-01-14,30,1,68,302.97,0,6,0,132.0746210048677,0
2026-01-14,30,2,59,302.97,0,6,0,95.59898317111103,0
2026-01-14,30,3,58,302.97,0,6,0,111.55360425753364,0
2026-01-14,31,1,62,461.72,0,16,0,64.14502787176596,1
2026-01-14,31,2,64,461.72,0,16,0,140.54290342494517,0
2026-01-14,31,3,75,461.72,0,16,0,104.89594240916983,0
2026-01-14,32,1,28,53.36,0,15,0,53.48594451820376,0
2026-01-14,32,2,27,53.36,0,15,0,77.53429064519312,0
2026-01-14,32,3,28,53.36,0,15,0,38.98885844980791,0
2026-01-14,33,1,36,106.03,0,4,0,101.16700247648424,0
2026-01-14,33,2,32,106.03,0,4,0,92.24129408323542,0
2026-01-14,33,3,19,106.03,0,4,0,36.407163784032626,0
2026-01-14,34,1,21,32.16,0,2,0,11.312829104719555,0
2026-01-14,34,2,57,32.16,1,2,0,163.18954096059844,0
2026-01-14,34,3,30,32.16,0,2,0,73.14868154102821,0
2026-01-14,35,1,36,169.41,0,6,0,82.1725382060187,1
2026-01-14,35,2,47,169.41,0,6,0,43.10349254444807,1
2026-01-14,35,3,45,169.41,0,6,0,127.92880876670122,0
2026-01-14,36,1,35,200.45,0,27,0,25.285359388567105,0
2026-01-14,36,2,38,200.45,0,28,1,71.44307570478576,0
2026-01-14,36,3,39,200.45,0,27,0,62.76223873922335,0
2026-01-14,37,1,71,142.96,1,24,0,46.35798654195502,0
2026-01-14,37,2,41,142.96,0,24,0,59.54072501614877,0
2026-01-14,37,3,39,142.96,0,24,0,86.64116197376232,0
2026-01-14,38,1,63,416.08,0,15,0,64.79552906834176,0
2026-01-14,38,2,64,416.08,0,15,0,187.09075252309387,0
2026-01-14,38,3,63,416.08,0,15,0,35.297614693907654,0
2026-01-14,39,1,35,184.81,0,8,0,88.87456112518139,0
2026-01-14,39,2,40,184.81,0,8,0,31.482903172136947,0
2026-01-14,39,3,48,184.81,0,8,0,132.26113919729806,0
2026-01-14,40,1,45,147.66,0,28,0,106.02230758553229,0
2026-01-14,40,2,30,147.66,0,28,0,64.54859168539258,0
2026-01-14,40,3,36,147.66,0,28,0,28.47625660491713,0
2026-01-14,41,1,50,275.92,0,10,0,26.77852796614575,0
2026-01-14,41,2,50,275.92,0,10,0,117.44055428340306,0
2026-01-14,41,3,53,275.92,0,10,0,32.8090176530981,0
2026-01-14,42,1,28,79.05,0,16,0,77.1536003085665,1
2026-01-14,42,2,24,79.05,0,16,0,15.893953033903484,0
2026-01-14,42,3,33,79.05,0,16,0,33.86947961412204,0
2026-01-14,43,1,56,403.08,0,16,0,66.31808812840342,0
2026-01-14,43,2,59,403.08,0,16,0,122.98777241891686,0
2026-01-14,43,3,64,403.08,0,16,0,179.02444229531014,0
2026-01-14,44,1,20,46.53,0,27,0,27.581748666892437,0
2026-01-14,44,2,36,46.53,0,27,0,88.52744719330529,0
2026-01-14,44,3,30,46.53,0,27,0,76.46105412754663,0
2026-01-14,45,1,69,493.57,0,16,5,38.7796094323426,0
2026-01-14,45,2,76,493.57,0,11,0,163.6148114968862,1
2026-01-14,45,3,82,493.57,0,11,0,129.03085130471192,0
2026-01-14,46,1,58,388.4,0,29,0,139.9029445168976,0
2026-01-14,46,2,63,388.4,0,29,0,73.56209808769923,0
2026-01-14,46,3,63,388.4,0,29,0,48.91734917432287,0
2026-01-14,47,1,39,107.37,0,14,0,64.59319171621271,0
2026-01-14,47,2,34,107.37,0,14,0,31.535922625549414,0
2026-01-14,47,3,23,107.37,0,14,0,32.263229336021844,0
2026-01-14,48,1,22,12.71,0,20,0,60.33711839378765,0
2026-01-14,48,2,24,12.71,0,20,0,65.7479314505305,0
2026-01-14,48,3,23,12.71,0,20,0,46.70801962869803,0
2026-01-14,49,1,59,409.58,0,8,0,167.07058059817408,0
2026-01-14,49,2,67,409.58,0,8,0,127.86677656158274,0
2026-01-14,49,3,68,409.58,0,8,0,172.84669751035585,0
2026-01-14,50,1,51,356.36,0,18,0,148.63842008863838,1
2026-01-14,50,2,58,356.36,0,18,0,92.85100721452159,0
2026-01-14,50,3,61,356.36,0,18,0,114.95921466984308,0
2026-01-15,1,1,60,394.74,0,12,8,91.5245653845956,0
2026-01-15,1,2,67,394.74,0,11,7,52.9389544469153,1
2026-01-15,1,3,65,394.74,0,4,0,43.53800818620926,0
2026-01-15,2,1,30,107.84,0,4,0,86.36852320799021,0
2026-01-15,2,2,24,107.84,0,4,0,68.82525281853333,0
2026-01-15,2,3,31,107.84,0,4,0,19.11908088609626,0
2026-01-15,3,1,46,261.97,0,2,0,88.06906917883883,0
2026-01-15,3,2,52,261.97,0,2,0,78.45795964593982,0
2026-01-15,3,3,48,261.97,0,2,0,138.19242749997454,0
2026-01-15,4,1,58,300.28,0,28,0,154.08774019812392,0
2026-01-15,4,2,114,300.28,1,28,0,95.01575587157897,0
2026-01-15,4,3,55,300.28,0,28,0,108.59469510698578,0
2026-01-15,5,1,20,32.76,0,6,0,46.45067106464843,0
2026-01-15,5,2,23,32.76,0,6,0,64.49932668053629,0
2026-01-15,5,3,31,32.76,0,6,0,50.384631129231,0
2026-01-15,6,1,53,307.7,0,11,0,52.913892085170936,0
2026-01-15,6,2,48,307.7,0,11,0,81.77224151491266,1
2026-01-15,6,3,59,307.7,0,11,0,89.51466173713895,1
2026-01-15,7,1,39,93.56,0,8,0,44.25369106870415,0
2026-01-15,7,2,35,93.56,0,8,0,65.23021295498417,0
2026-01-15,7,3,39,93.56,0,8,0,77.0497031128202,0
2026-01-15,8,1,26,41.88,0,27,0,38.911686787764964,0
2026-01-15,8,2,27,41.88,0,27,0,34.113250032871306,0
2026-01-15,8,3,23,41.88,0,27,0,41.989232766058954,0
2026-01-15,9,1,77,474.95,0,10,0,108.77129599415184,0
2026-01-15,9,2,71,474.95,0,14,4,115.19390989633155,0
2026-01-15,9,3,71,474.95,0,10,0,192.92594357961121,0
2026-01-15,10,1,73,483.16,0,29,0,54.54432776992526,0
2026-01-15,10,2,76,483.16,0,29,0,172.01770390752992,0
2026-01-15,10,3,82,483.16,0,29,0,210.40445289557525,0
2026-01-15,11,1,74,406.11,0,8,0,104.39378961461212,0
2026-01-15,11,2,59,406.11,0,8,0,50.533507939879335,0
2026-01-15,11,3,66,406.11,0,8,0,145.7504864112353,0
2026-01-15,12,1,38,159.26,0,10,0,57.154869791613024,0
2026-01-15,12,2,32,159.26,0,10,0,48.57131076447291,0
2026-01-15,12,3,40,159.26,0,10,0,31.51639119045256,0
2026-01-15,13,1,34,57.86,0,9,0,74.42598879480063,0
2026-01-15,13,2,30,57.86,0,9,0,69.21862896922016,0
2026-01-15,13,3,27,57.86,0,9,0,78.64699729979381,0
2026-01-15,14,1,53,345.27,0,13,0,118.8516035143811,0
2026-01-15,14,2,56,345.27,0,13,0,43.29661792272001,0
2026-01-15,14,3,62,345.27,0,13,0,127.28602241364823,1
2026-01-15,15,1,40,225.67,0,3,0,57.81516132924611,0
2026-01-15,15,2,44,225.67,0,3,0,66.35524199488754,0
2026-01-15,15,3,42,225.67,0,3,0,56.35075259663771,0
2026-01-15,16,1,37,69.8,0,2,0,37.00617322962485,0
2026-01-15,16,2,24,69.8,0,2,0,33.17064710241,0
2026-01-15,16,3,27,69.8,0,2,0,36.3875050225199,0
2026-01-15,17,1,39,252.64,0,17,0,79.24805578327276,1
2026-01-15,17,2,47,252.64,0,17,0,90.04161552849477,0
2026-01-15,17,3,49,252.64,0,17,0,51.78672435852872,0
2026-01-15,18,1,34,26.85,0,24,0,45.519853764741356,0
2026-01-15,18,2,31,26.85,0,24,0,30.081386858729193,0
2026-01-15,18,3,17,26.85,0,24,0,39.278917809567794,0
2026-01-15,19,1,60,455.57,0,24,0,104.3286934967767,0
2026-01-15,19,2,72,455.57,0,24,0,169.17584391772513,0
2026-01-15,19,3,69,455.57,0,24,0,125.6407411400882,0
2026-01-15,20,1,43,136.8,0,25,0,108.75921175498966,0
2026-01-15,20,2,32,136.8,0,25,0,89.81406628193929,0
2026-01-15,20,3,41,136.8,0,25,0,92.58879395349625,0
2026-01-15,21,1,58,334.64,0,6,0,149.50073143053356,0
2026-01-15,21,2,58,334.64,0,6,0,163.67658289967954,0
2026-01-15,21,3,61,334.64,0,6,0,41.18028010384664,0
2026-01-15,22,1,37,162.74,0,4,0,60.89987612032611,0
2026-01-15,22,2,31,162.74,0,4,0,21.51365760315155,0
2026-01-15,22,3,43,162.74,0,12,8,88.53978933445589,0
2026-01-15,23,1,49,264.83,0,13,0,113.59332846184714,0
2026-01-15,23,2,56,264.83,0,13,0,84.4161920172752,1
2026-01-15,23,3,46,264.83,0,13,0,43.12463530631715,0
2026-01-15,24,1,52,277.89,0,9,0,155.83750447087118,0
2026-01-15,24,2,54,277.89,0,9,0,74.97086060963883,0
2026-01-15,24,3,54,277.89,0,9,0,29.857114887575165,0
2026-01-15,25,1,30,100.58,0,23,0,61.266305397479606,0
2026-01-15,25,2,28,100.58,0,23,0,30.575862421728317,0
2026-01-15,25,3,30,100.58,0,23,0,69.6949804377475,0
2026-01-15,26,1,72,485.1,0,28,0,138.7338735119976,0
2026-01-15,26,2,70,485.1,0,28,0,197.25559660379804,0
2026-01-15,26,3,62,485.1,0,28,0,107.80392248624894,0
2026-01-15,27,1,65,389.82,0,4,0,194.469237672837,0
2026-01-15,27,2,63,389.82,0,4,0,50.00027646543048,0
2026-01-15,27,3,59,389.82,0,4,0,132.07255441692257,0
2026-01-15,28,1,70,470.35,0,2,0,186.31534493073104,0
2026-01-15,28,2,64,470.35,0,2,0,151.22123975974398,0
2026-01-15,28,3,68,470.35,0,2,0,69.50229347683725,0
2026-01-15,29,1,73,448.47,0,4,0,154.1022996164405,0
2026-01-15,29,2,76,448.47,0,4,0,121.21957210015529,0
2026-01-15,29,3,69,448.47,0,4,0,182.50417592046938,0
2026-01-15,30,1,49,302.97,0,6,0,86.7170406675815,0
2026-01-15,30,2,63,302.97,0,6,0,49.1085584693451,0
2026-01-15,30,3,54,302.97,0,6,0,112.59681862140712,0
2026-01-15,31,1,77,461.72,0,16,0,224.16808952839355,0
2026-01-15,31,2,140,461.72,1,16,0,138.34566663650628,1
2026-01-15,31,3,66,461.72,0,16,0,193.92351848595763,0
2026-01-15,32,1,24,53.36,0,15,0,55.92590218936151,0
2026-01-15,32,2,34,53.36,0,15,0,73.96713849395324,0
2026-01-15,32,3,27,53.36,0,15,0,64.7360106795298,0
2026-01-15,33,1,30,106.03,0,4,0,35.836462102903546,0
2026-01-15,33,2,39,106.03,0,4,0,70.92172299908069,0
2026-01-15,33,3,32,106.03,0,4,0,60.677823329290796,0
2026-01-15,34,1,34,32.16,0,2,0,82.73123696679575,0
2026-01-15,34,2,31,32.16,0,2,0,30.107823870244495,0
2026-01-15,34,3,27,32.16,0,2,0,29.925712135583307,0
2026-01-15,35,1,43,169.41,0,6,0,115.10307796511101,0
2026-01-15,35,2,44,169.41,0,6,0,32.747353221118246,0
2026-01-15,35,3,29,169.41,0,6,0,59.889316029605105,1
2026-01-15,36,1,46,200.45,0,27,0,130.55606869692235,0
2026-01-15,36,2,44,200.45,0,27,0,66.80647488323517,0
2026-01-15,36,3,44,200.45,0,27,0,90.90943050509225,0
2026-01-15,37,1,39,142.96,0,24,0,78.19380997810298,0
2026-01-15,37,2,38,142.96,0,24,0,87.05506023583413,0
2026-01-15,37,3,34,142.96,0,24,0,27.18018921242522,0
2026-01-15,38,1,128,416.08,1,15,0,102.0387537914228,0
2026-01-15,38,2,75,416.08,0,15,0,149.94452559576462,0
2026-01-15,38,3,61,416.08,0,15,0,151.8441024824018,0
2026-01-15,39,1,48,184.81,0,8,0,107.02572554204997,0
2026-01-15,39,2,43,184.81,0,8,0,64.7159107024676,0
2026-01-15,39,3,40,184.81,0,8,0,61.476435904619926,0
2026-01-15,40,1,37,147.66,0,28,0,75.45930910953284,0
2026-01-15,40,2,40,147.66,0,34,6,43.094035922073374,0
2026-01-15,40,3,40,147.66,0,28,0,107.0891790467806,1
2026-01-15,41,1,55,275.92,0,10,0,105.26509476559372,0
2026-01-15,41,2,46,275.92,0,10,0,44.34446735487481,0
2026-01-15,41,3,46,275.92,0,10,0,37.82779012327897,0
2026-01-15,42,1,31,79.05,0,16,0,79.53497402323535,0
2026-01-15,42,2,36,79.05,0,16,0,94.17139018797809,0
2026-01-15,42,3,34,79.05,0,16,0,94.67425785857806,0
2026-01-15,43,1,65,403.08,0,16,0,106.11489693678064,0
2026-01-15,43,2,57,403.08,0,16,0,135.63134959391596,0
2026-01-15,43,3,58,403.08,0,16,0,153.78765110070788,0
2026-01-15,44,1,30,46.53,0,27,0,35.628019420555006,0
2026-01-15,44,2,55,46.53,1,27,0,108.52486717009943,0
2026-01-15,44,3,24,46.53,0,27,0,68.80747033689724,0
2026-01-15,45,1,75,493.57,0,11,0,96.92724161917226,0
2026-01-15,45,2,72,493.57,0,11,0,175.26228236626514,0
2026-01-15,45,3,72,493.57,0,11,0,212.26469016635735,0
2026-01-15,46,1,68,388.4,0,29,0,178.09393361666037,0
2026-01-15,46,2,60,388.4,0,29,0,40.622205207864674,0
2026-01-15,46,3,64,388.4,0,29,0,187.87880408347783,0
2026-01-15,47,1,26,107.37,0,14,0,33.10247712149233,0
2026-01-15,47,2,45,107.37,0,14,0,83.68804085542212,0
2026-01-15,47,3,35,107.37,0,14,0,35.5985908375616,0
2026-01-15,48,1,30,12.71,0,20,0,48.997480398490715,0
2026-01-15,48,2,22,12.71,0,20,0,29.13986948709986,0
2026-01-15,48,3,21,12.71,0,20,0,37.26838795608615,0
2026-01-15,49,1,67,409.58,0,8,0,166.32643660824564,0
2026-01-15,49,2,65,409.58,0,8,0,102.10570409568108,0
2026-01-15,49,3,62,409.58,0,8,0,95.33710999620885,0
2026-01-15,50,1,49,356.36,0,18,0,131.72781262314373,0
2026-01-15,50,2,59,356.36,0,25,7,111.18204298338911,0
2026-01-15,50,3,57,356.36,0,18,0,36.17535130985125,0
2026-01-16,1,1,67,394.74,0,4,0,162.89957835121078,0
2026-01-16,1,2,70,394.74,0,4,0,95.42303652325005,0
2026-01-16,1,3,62,394.74,0,8,4,137.47819073030757,0
2026-01-16,2,1,30,107.84,0,4,0,87.61710382213076,0
2026-01-16,2,2,37,107.84,0,4,0,40.37381885638335,0
2026-01-16,2,3,36,107.84,0,4,0,93.35946904420662,0
2026-01-16,3,1,48,261.97,0,2,0,86.15579413456668,0
2026-01-16,3,2,45,261.97,0,2,0,45.7765756707269,0
2026-01-16,3,3,52,261.97,0,2,0,134.64649187920483,0
2026-01-16,4,1,52,300.28,0,28,0,106.0161121844556,0
2026-01-16,4,2,50,300.28,0,28,0,81.6445930381283,0
2026-01-16,4,3,57,300.28,0,28,0,133.482945776449,0
2026-01-16,5,1,24,32.76,0,6,0,43.1657837380385,0
2026-01-16,5,2,21,32.76,0,6,0,31.659363169070975,0
2026-01-16,5,3,19,32.76,0,6,0,9.564979257267998,0
2026-01-16,6,1,61,307.7,0,11,0,41.96168121405794,0
2026-01-16,6,2,53,307.7,0,11,0,78.43418856883517,0
2026-01-16,6,3,48,307.7,0,11,0,125.59858962027529,0
2026-01-16,7,1,38,93.56,0,8,0,24.605316729914527,0
2026-01-16,7,2,35,93.56,0,8,0,22.166380968090298,0
2026-01-16,7,3,33,93.56,0,8,0,92.73675956248799,0
2026-01-16,8,1,34,41.88,0,27,0,72.98291326186302,0
2026-01-16,8,2,31,41.88,0,27,0,36.01945596521846,0
2026-01-16,8,3,32,41.88,0,27,0,55.33700587920576,0
2026-01-16,9,1,133,474.95,1,10,0,122.68323988759853,0
2026-01-16,9,2,74,474.95,0,10,0,107.15420265359236,0
2026-01-16,9,3,69,474.95,0,10,0,74.10381078395908,0
2026-01-16,10,1,77,483.16,0,29,0,44.83469817383705,0
2026-01-16,10,2,68,483.16,0,29,0,183.5839236623247,0
2026-01-16,10,3,74,483.16,0,29,0,38.68533961820731,0
2026-01-16,11,1,59,406.11,0,8,0,113.80936500626608,0
2026-01-16,11,2,70,406.11,0,8,0,145.7274675513241,0
2026-01-16,11,3,60,406.11,0,8,0,55.29054920738135,0
2026-01-16,12,1,39,159.26,0,10,0,35.84314214865163,0
2026-01-16,12,2,47,159.26,0,15,5,94.17285435354188,0
2026-01-16,12,3,36,159.26,0,10,0,107.0880735634104,0
2026-01-16,13,1,33,57.86,0,9,0,40.62675053228516,0
2026-01-16,13,2,63,57.86,1,9,0,96.12817110788392,0
2026-01-16,13,3,29,57.86,0,9,0,57.94023355276689,0
2026-01-16,14,1,63,345.27,0,13,0,124.34709800762951,0
2026-01-16,14,2,58,345.27,0,13,0,168.01014481720452,0
2026-01-16,14,3,49,345.27,0,13,0,107.76020356472776,0
2026-01-16,15,1,44,225.67,0,3,0,42.699211065820975,1
2026-01-16,15,2,39,225.67,0,3,0,114.01158740593297,0
2026-01-16,15,3,49,225.67,0,3,0,38.29437575731569,0
2026-01-16,16,1,34,69.8,0,2,0,100.77885770745485,0
2026-01-16,16,2,38,69.8,0,2,0,33.264596197468144,0
2026-01-16,16,3,31,69.8,0,2,0,66.79862408723929,0
2026-01-16,17,1,52,252.64,0,17,0,137.14033534643926,0
2026-01-16,17,2,43,252.64,0,17,0,44.2440766976,0
2026-01-16,17,3,56,252.64,0,17,0,75.22613435447808,0
2026-01-16,18,1,25,26.85,0,24,0,22.04081125003794,0
2026-01-16,18,2,18,26.85,0,24,0,21.81601684122979,0
2026-01-16,18,3,20,26.85,0,24,0,45.734372471747704,0
2026-01-16,19,1,69,455.57,0,24,0,118.949256324262,0
2026-01-16,19,2,83,455.57,0,24,0,135.1522267934024,0
2026-01-16,19,3,70,455.57,0,24,0,187.47275883304405,0
2026-01-16,20,1,40,136.8,0,25,0,35.62613398113556,0
2026-01-16,20,2,25,136.8,0,25,0,29.299818510436097,0
2026-01-16,20,3,41,136.8,0,29,4,90.76093996714745,0
2026-01-16,21,1,54,334.64,0,6,0,81.101040432423,0
2026-01-16,21,2,107,334.64,1,6,0,244.76302668013162,0
2026-01-16,21,3,58,334.64,0,6,0,67.43825327948025,0
2026-01-16,22,1,42,162.74,0,4,0,75.34910012834663,0
2026-01-16,22,2,39,162.74,0,4,0,21.022035670128602,0
2026-01-16,22,3,36,162.74,0,4,0,106.14150218915034,0
2026-01-16,23,1,44,264.83,0,13,0,89.7924184003863,0
2026-01-16,23,2,50,264.83,0,13,0,30.315579189886577,0
2026-01-16,23,3,63,264.83,0,13,0,156.11466994012122,0
2026-01-16,24,1,45,277.89,0,9,0,104.61550832016498,0
2026-01-16,24,2,54,277.89,0,9,0,132.4971196871362,0
2026-01-16,24,3,57,277.89,0,9,0,75.05606313470454,0
2026-01-16,25,1,36,100.58,0,23,0,78.9984444926404,0
2026-01-16,25,2,32,100.58,0,23,0,20.594815535595504,0
2026-01-16,25,3,33,100.58,0,23,0,54.271409161040665,1
2026-01-16,26,1,72,485.1,0,28,0,187.2015298063198,0
2026-01-16,26,2,69,485.1,0,28,0,141.63528026114983,0
2026-01-16,26,3,73,485.1,0,28,0,186.39262468891945,0
2026-01-16,27,1,68,389.82,0,4,0,153.91950857549227,0
2026-01-16,27,2,56,389.82,0,4,0,63.07188624294479,0
2026-01-16,27,3,58,389.82,0,4,0,81.25971192093533,0
2026-01-16,28,1,65,470.35,0,2,0,174.26714117908904,0
2026-01-16,28,2,75,470.35,0,2,0,88.60746298381528,0
2026-01-16,28,3,70,470.35,0,2,0,91.74507772786353,0
2026-01-16,29,1,72,448.47,0,4,0,108.66227086557255,0
2026-01-16,29,2,59,448.47,0,4,0,154.787127607663,1
2026-01-16,29,3,76,448.47,0,4,0,94.29126883134919,0
2026-01-16,30,1,61,302.97,0,6,0,102.17808195983626,1
2026-01-16,30,2,49,302.97,0,6,0,145.984993026461,0
2026-01-16,30,3,54,302.97,0,6,0,132.9874475298737,0
2026-01-16,31,1,78,461.72,0,16,0,191.9357254893914,0
2026-01-16,31,2,65,461.72,0,16,0,178.85021896656676,0
2026-01-16,31,3,60,461.72,0,16,0,105.55991179623513,0
2026-01-16,32,1,29,53.36,0,15,0,55.95887848450817,0
2026-01-16,32,2,34,53.36,0,15,0,94.08619328887535,0
2026-01-16,32,3,27,53.36,0,15,0,49.52947111416163,0
2026-01-16,33,1,30,106.03,0,4,0,61.91673297918668,0
2026-01-16,33,2,33,106.03,0,4,0,80.46208651779399,0
2026-01-16,33,3,25,106.03,0,4,0,20.409771437139888,0
2026-01-16,34,1,33,32.16,0,2,0,93.70358052450622,0
2026-01-16,34,2,28,32.16,0,2,0,63.42855949442999,0
2026-01-16,34,3,24,32.16,0,2,0,46.586391518567254,0
2026-01-16,35,1,49,169.41,0,6,0,75.90759572719878,0
2026-01-16,35,2,43,169.41,0,6,0,85.9238450886652,0
2026-01-16,35,3,32,169.41,0,6,0,23.651887964480537,0
2026-01-16,36,1,46,200.45,0,27,0,55.69676400250352,0
2026-01-16,36,2,40,200.45,0,27,0,25.203783769456038,0
2026-01-16,36,3,41,200.45,0,27,0,45.58193912784,0
2026-01-16,37,1,30,142.96,0,24,0,45.10110031788886,0
2026-01-16,37,2,38,142.96,0,24,0,69.86119076129582,0
2026-01-16,37,3,38,142.96,0,24,0,39.75019722299066,0
2026-01-16,38,1,59,416.08,0,15,0,156.83726843965584,0
2026-01-16,38,2,63,416.08,0,15,0,100.85657525508844,0
2026-01-16,38,3,64,416.08,0,15,0,167.37062721206752,0
2026-01-16,39,1,37,184.81,0,8,0,109.82654335448615,0
2026-01-16,39,2,46,184.81,0,8,0,51.8254377047805,0
2026-01-16,39,3,39,184.81,0,8,0,92.8257884239109,1
2026-01-16,40,1,40,147.66,0,28,0,94.27766411078949,0
2026-01-16,40,2,30,147.66,0,28,0,63.030797761990065,0
2026-01-16,40,3,34,147.66,0,28,0,83.17191345353721,0
2026-01-16,41,1,53,275.92,0,10,0,49.349510198431574,1
2026-01-16,41,2,57,275.92,0,10,0,133.14822071144027,0
2026-01-16,41,3,49,275.92,0,10,0,93.05283820622184,0
2026-01-16,42,1,25,79.05,0,16,0,48.13293592680716,0
2026-01-16,42,2,39,79.05,0,16,0,55.28980769764087,0
2026-01-16,42,3,33,79.05,0,16,0,43.031031798484044,1
2026-01-16,43,1,66,403.08,0,16,0,152.92507575711903,0
2026-01-16,43,2,66,403.08,0,16,0,143.11469658614834,0
2026-01-16,43,3,66,403.08,0,16,0,104.50367733595041,0
2026-01-16,44,1,19,46.53,0,27,0,24.191420526843924,0
2026-01-16,44,2,34,46.53,0,27,0,46.14817098353974,0
2026-01-16,44,3,30,46.53,0,27,0,61.058636584683555,0
2026-01-16,45,1,73,493.57,0,11,0,162.67135023039964,0
2026-01-16,45,2,72,493.57,0,11,0,129.7973123244226,0
2026-01-16,45,3,66,493.57,0,11,0,156.74842130338106,0
2026-01-16,46,1,62,388.4,0,29,0,68.85169334413206,0
2026-01-16,46,2,59,388.4,0,29,0,116.93391415081098,0
2026-01-16,46,3,65,388.4,0,29,0,154.4323823913557,0
2026-01-16,47,1,35,107.37,0,14,0,33.12819206581962,0
2026-01-16,47,2,34,107.37,0,14,0,52.199271980539656,0
2026-01-16,47,3,30,107.37,0,14,0,74.48781149955312,0
2026-01-16,48,1,23,12.71,0,20,0,15.987847882993789,0
2026-01-16,48,2,28,12.71,0,20,0,81.18037823933378,0
2026-01-16,48,3,20,12.71,0,20,0,54.593399187554056,0
2026-01-16,49,1,78,409.58,0,8,0,134.92370185171347,0
2026-01-16,49,2,57,409.58,0,8,0,77.8693112963861,0
2026-01-16,49,3,66,409.58,0,8,0,173.4210948582787,0
2026-01-16,50,1,55,356.36,0,18,0,46.70908389013655,0
2026-01-16,50,2,66,356.36,0,18,0,103.20844591854862,0
2026-01-16,50,3,60,356.36,0,18,0,174.8276448529384,0
2026-01-17,1,1,61,394.74,0,4,0,75.6544290792891,0
2026-01-17,1,2,73,394.74,0,4,0,212.20015695537418,0
2026-01-17,1,3,65,394.74,0,4,0,48.73152667461109,0
2026-01-17,2,1,42,107.84,0,4,0,72.13661612852866,0
2026-01-17,2,2,31,107.84,0,4,0,41.736468469261524,0
2026-01-17,2,3,34,107.84,0,4,0,94.23191271296646,0
2026-01-17,3,1,64,261.97,0,2,0,84.13505453198843,0
2026-01-17,3,2,59,261.97,0,2,0,142.28772689631361,0
2026-01-17,3,3,58,261.97,0,2,0,127.78206637709687,0
2026-01-17,4,1,59,300.28,0,28,0,66.15577211017285,0
2026-01-17,4,2,58,300.28,0,31,3,147.53473558807036,0
2026-01-17,4,3,66,300.28,0,28,0,151.42417203267607,0
2026-01-17,5,1,27,32.76,0,6,0,58.95590401666376,1
2026-01-17,5,2,27,32.76,0,6,0,34.42647461958691,0
2026-01-17,5,3,32,32.76,0,6,0,83.95378155639119,0
2026-01-17,6,1,55,307.7,0,11,0,124.67047729709577,0
2026-01-17,6,2,57,307.7,0,11,0,132.60569353676019,0
2026-01-17,6,3,52,307.7,0,11,0,146.40783370181393,0
2026-01-17,7,1,37,93.56,0,8,0,21.752365979199077,0
2026-01-17,7,2,39,93.56,0,8,0,69.36995999786127,0
2026-01-17,7,3,38,93.56,0,8,0,21.342325292154825,0
2026-01-17,8,1,32,41.88,0,27,0,24.82213826212535,0
2026-01-17,8,2,31,41.88,0,27,0,18.84906171512487,0
2026-01-17,8,3,71,41.88,1,27,0,100.94024273322319,1
2026-01-17,9,1,78,474.95,0,10,0,163.27444115352327,0
2026-01-17,9,2,70,474.95,0,10,0,146.77936985061666,0
2026-01-17,9,3,77,474.95,0,10,0,205.37316468884194,0
2026-01-17,10,1,79,483.16,0,29,0,40.1933930548535,1
2026-01-17,10,2,73,483.16,0,29,0,102.2119525730079,0
2026-01-17,10,3,72,483.16,0,29,0,171.50272581517896,0
2026-01-17,11,1,79,406.11,0,8,0,232.23078567035878,0
2026-01-17,11,2,80,406.11,0,8,0,74.96785786311465,0
2026-01-17,11,3,60,406.11,0,8,0,51.04841624453924,0
2026-01-17,12,1,48,159.26,0,10,0,53.53129633145329,0
2026-01-17,12,2,47,159.26,0,10,0,138.02394772316012,0
2026-01-17,12,3,41,159.26,0,10,0,59.61153170284862,0
2026-01-17,13,1,33,57.86,0,9,0,97.27854819521231,0
2026-01-17,13,2,32,57.86,0,9,0,44.50924746568306,0
2026-01-17,13,3,39,57.86,0,9,0,54.42856087860594,0
2026-01-17,14,1,61,345.27,0,13,0,72.34332265978944,0
2026-01-17,14,2,62,345.27,0,13,0,148.05402750848037,0
2026-01-17,14,3,65,345.27,0,13,0,89.72250357853957,0
2026-01-17,15,1,57,225.67,0,3,0,147.57231081410157,1
2026-01-17,15,2,41,225.67,0,3,0,23.78661345212754,1
2026-01-17,15,3,60,225.67,0,3,0,115.03488525477266,0
2026-01-17,16,1,35,69.8,0,2,0,99.0890211224388,0
2026-01-17,16,2,24,69.8,0,2,0,22.244969653269496,0
2026-01-17,16,3,36,69.8,0,2,0,94.29824683176986,0
2026-01-17,17,1,50,252.64,0,21,4,39.0340947911137,0
2026-01-17,17,2,53,252.64,0,17,0,121.35012705730247,0
2026-01-17,17,3,50,252.64,0,21,4,37.7715403794476,0
2026-01-17,18,1,31,26.85,0,24,0,65.31565841191045,0
2026-01-17,18,2,33,26.85,0,24,0,82.85319021887929,0
2026-01-17,18,3,24,26.85,0,24,0,47.29883072948831,0
2026-01-17,19,1,79,455.57,0,24,0,96.54130332923026,0
2026-01-17,19,2,78,455.57,0,24,0,226.41525561925462,0
2026-01-17,19,3,72,455.57,0,24,0,111.89154562599332,0
2026-01-17,20,1,42,136.8,0,25,0,53.10091492683909,0
2026-01-17,20,2,41,136.8,0,25,0,119.5476454204777,0
2026-01-17,20,3,40,136.8,0,25,0,78.17855261945253,0
2026-01-17,21,1,63,334.64,0,6,0,66.1120919648778,0
2026-01-17,21,2,55,334.64,0,6,0,57.28470491921187,0
2026-01-17,21,3,55,334.64,0,6,0,54.875754184634594,0
2026-01-17,22,1,45,162.74,0,4,0,49.379491921259095,0
2026-01-17,22,2,43,162.74,0,11,7,98.4798811668877,0
2026-01-17,22,3,38,162.74,0,5,1,32.83984009629,0
2026-01-17,23,1,49,264.83,0,13,0,71.55308479778455,0
2026-01-17,23,2,60,264.83,0,13,0,31.49564573349341,0
2026-01-17,23,3,65,264.83,0,13,0,52.18330438713488,0
2026-01-17,24,1,52,277.89,0,9,0,154.8410939575967,0
2026-01-17,24,2,56,277.89,0,9,0,55.24876458609985,0
2026-01-17,24,3,54,277.89,0,9,0,119.44737929027066,0
2026-01-17,25,1,49,100.58,0,23,0,143.24803052190953,0
2026-01-17,25,2,34,100.58,0,23,0,96.24598303331479,0
2026-01-17,25,3,36,100.58,0,23,0,51.79571799860356,0
2026-01-17,26,1,72,485.1,0,28,0,165.53791319006052,1
2026-01-17,26,2,81,485.1,0,28,0,207.32163068077108,0
2026-01-17,26,3,77,485.1,0,28,0,213.97907324105213,0
2026-01-17,27,1,77,389.82,0,4,0,169.01404473008728,0
2026-01-17,27,2,72,389.82,0,4,0,162.72737879593262,0
2026-01-17,27,3,66,389.82,0,8,4,63.782055512276585,0
2026-01-17,28,1,66,470.35,0,2,0,65.61188388473653,0
2026-01-17,28,2,70,470.35,0,2,0,134.99699378274101,0
2026-01-17,28,3,82,470.35,0,2,0,142.12654432898663,0
2026-01-17,29,1,71,448.47,0,4,0,126.00593219222974,0
2026-01-17,29,2,69,448.47,0,4,0,182.22453194205343,0
2026-01-17,29,3,79,448.47,0,4,0,151.17509116415516,0
2026-01-17,30,1,53,302.97,0,6,0,83.56995236306138,0
2026-01-17,30,2,61,302.97,0,6,0,33.60197673780915,0
2026-01-17,30,3,64,302.97,0,6,0,171.62187003059165,0
2026-01-17,31,1,69,461.72,0,16,0,89.40270420561036,0
2026-01-17,31,2,68,461.72,0,16,0,172.1084222853236,0
2026-01-17,31,3,75,461.72,0,16,0,123.35801380588413,0
2026-01-17,32,1,33,53.36,0,15,0,68.84238402983725,0
2026-01-17,32,2,32,53.36,0,15,0,51.677221632352456,0
2026-01-17,32,3,42,53.36,0,15,0,86.82620932795905,0
2026-01-17,33,1,41,106.03,0,4,0,26.132729021534225,0
2026-01-17,33,2,38,106.03,0,4,0,23.355941745596645,1
2026-01-17,33,3,37,106.03,0,4,0,43.155886142021544,0
2026-01-17,34,1,21,32.16,0,2,0,20.166826211762206,0
2026-01-17,34,2,32,32.16,0,2,0,22.213268942268286,0
2026-01-17,34,3,36,32.16,0,2,0,102.01255127528022,0
2026-01-17,35,1,47,169.41,0,6,0,64.21316992327694,0
2026-01-17,35,2,48,169.41,0,6,0,36.94868606675714,0
2026-01-17,35,3,48,169.41,0,6,0,64.20590051261789,0
2026-01-17,36,1,48,200.45,0,27,0,69.38061773435174,0
2026-01-17,36,2,51,200.45,0,27,0,74.91666259819621,0
2026-01-17,36,3,48,200.45,0,27,0,118.14121628130638,0
2026-01-17,37,1,49,142.96,0,24,0,26.85588367345312,0
2026-01-17,37,2,42,142.96,0,24,0,123.43203534101511,0
2026-01-17,37,3,48,142.96,0,24,0,87.5879010966009,0
2026-01-17,38,1,79,416.08,0,15,0,70.20182770090031,0
2026-01-17,38,2,68,416.08,0,15,0,49.6294491065424,0
2026-01-17,38,3,70,416.08,0,15,0,156.56760063773493,1
2026-01-17,39,1,57,184.81,0,8,0,62.31726792750209,0
2026-01-17,39,2,49,184.81,0,8,0,57.02811168768586,0
2026-01-17,39,3,54,184.81,0,8,0,57.508213364301476,0
2026-01-17,40,1,39,147.66,0,28,0,31.29903238299326,0
2026-01-17,40,2,48,147.66,0,28,0,83.39425604459899,0
2026-01-17,40,3,35,147.66,0,28,0,21.55591107549946,0
2026-01-17,41,1,52,275.92,0,10,0,79.47501235459505,0
2026-01-17,41,2,52,275.92,0,10,0,98.57594817250907,0
2026-01-17,41,3,52,275.92,0,10,0,144.98274492399858,0
2026-01-17,42,1,37,79.05,0,16,0,61.11139638574011,0
2026-01-17,42,2,34,79.05,0,16,0,56.86622659698697,0
2026-01-17,42,3,41,79.05,0,16,0,42.966395429364006,0
2026-01-17,43,1,72,403.08,0,16,0,182.03199371028717,0
2026-01-17,43,2,59,403.08,0,16,0,57.364793823970075,0
2026-01-17,43,3,68,403.08,0,16,0,136.18305583108673,0
2026-01-17,44,1,31,46.53,0,27,0,33.07464038468441,0
2026-01-17,44,2,34,46.53,0,27,0,62.71621496769115,0
2026-01-17,44,3,37,46.53,0,27,0,108.10131946607322,0
2026-01-17,45,1,81,493.57,0,11,0,100.31384327772474,1
2026-01-17,45,2,75,493.57,0,11,0,39.29215990276286,0
2026-01-17,45,3,67,493.57,0,11,0,126.4640219845376,0
2026-01-17,46,1,62,388.4,0,29,0,59.938342655961776,0
2026-01-17,46,2,75,388.4,0,29,0,80.32846065598797,0
2026-01-17,46,3,63,388.4,0,29,0,82.85610411652193,0
2026-01-17,47,1,39,107.37,0,14,0,21.234051273092135,1
2026-01-17,47,2,35,107.37,0,14,0,91.44688866297356,0
2026-01-17,47,3,37,107.37,0,14,0,101.08338546891105,0
2026-01-17,48,1,30,12.71,0,20,0,25.76830975864464,0
2026-01-17,48,2,28,12.71,0,20,0,56.89987530957232,0
2026-01-17,48,3,38,12.71,0,20,0,80.28425733605206,0
2026-01-17,49,1,74,409.58,0,8,0,133.15235999089444,0
2026-01-17,49,2,77,409.58,0,8,0,38.773007375778725,0
2026-01-17,49,3,64,409.58,0,8,0,64.28793301475044,0
2026-01-17,50,1,56,356.36,0,18,0,113.2466805442053,0
2026-01-17,50,2,56,356.36,0,18,0,153.44217321462713,0
2026-01-17,50,3,62,356.36,0,20,2,174.5396200002346,0
2026-01-18,1,1,66,394.74,0,4,0,179.07435335974674,0
2026-01-18,1,2,69,394.74,0,4,0,126.65785295418738,0
2026-01-18,1,3,74,394.74,0,4,0,119.97723745825924,0
2026-01-18,2,1,40,107.84,0,4,0,67.26132086341394,0
2026-01-18,2,2,47,107.84,0,4,0,32.075589404617915,0
2026-01-18,2,3,37,107.84,0,4,0,88.56654473153475,0
2026-01-18,3,1,59,261.97,0,2,0,29.66647182272996,0
2026-01-18,3,2,55,261.97,0,2,0,58.86221890586666,0
2026-01-18,3,3,49,261.97,0,2,0,87.05700179847949,0
2026-01-18,4,1,57,300.28,0,28,0,118.45872700741417,0
2026-01-18,4,2,55,300.28,0,28,0,46.19284743867771,0
2026-01-18,4,3,56,300.28,0,28,0,48.82785995277648,0
2026-01-18,5,1,34,32.76,0,6,0,71.26158001350167,0
2026-01-18,5,2,33,32.76,0,6,0,27.28442631338295,0
2026-01-18,5,3,29,32.76,0,6,0,25.074787215663395,0
2026-01-18,6,1,65,307.7,0,11,0,112.92816305906993,0
2026-01-18,6,2,58,307.7,0,11,0,69.91060866464797,0
2026-01-18,6,3,55,307.7,0,17,6,80.94598845115786,0
2026-01-18,7,1,34,93.56,0,8,0,45.73917925707473,0
2026-01-18,7,2,34,93.56,0,8,0,95.72238851799978,0
2026-01-18,7,3,36,93.56,0,8,0,91.74011616275567,0
2026-01-18,8,1,41,41.88,0,27,0,25.82089489107894,0
2026-01-18,8,2,35,41.88,0,27,0,34.95263326486395,0
2026-01-18,8,3,29,41.88,0,27,0,57.627023856069165,0
2026-01-18,9,1,152,474.95,1,18,8,179.15505194797655,0
2026-01-18,9,2,72,474.95,0,10,0,37.66361662459406,0
2026-01-18,9,3,72,474.95,0,10,0,123.90086591915735,0
2026-01-18,10,1,73,483.16,0,29,0,81.60939088849948,0
2026-01-18,10,2,77,483.16,0,29,0,52.76794106929693,1
2026-01-18,10,3,69,483.16,0,29,0,58.11185514684028,0
2026-01-18,11,1,72,406.11,0,8,0,185.67629504043754,0
2026-01-18,11,2,70,406.11,0,8,0,124.61817470616487,0
2026-01-18,11,3,72,406.11,0,8,0,118.12320792960038,0
2026-01-18,12,1,41,159.26,0,10,0,80.30008211416272,0
2026-01-18,12,2,45,159.26,0,10,0,68.43001206672291,0
2026-01-18,12,3,50,159.26,0,10,0,135.60038512002447,0
2026-01-18,13,1,38,57.86,0,9,0,62.706292701005346,0
2026-01-18,13,2,28,57.86,0,9,0,75.75486882721194,0
2026-01-18,13,3,41,57.86,0,9,0,117.98087478673212,0
2026-01-18,14,1,58,345.27,0,13,0,44.00713802106731,0
2026-01-18,14,2,69,345.27,0,13,0,179.37577628627224,0
2026-01-18,14,3,67,345.27,0,13,0,150.17028624997207,0
2026-01-18,15,1,50,225.67,0,3,0,126.70348502787252,0
2026-01-18,15,2,49,225.67,0,3,0,70.68167133241278,0
2026-01-18,15,3,54,225.67,0,3,0,45.791542811279555,0
2026-01-18,16,1,34,69.8,0,2,0,80.4581672732884,0
2026-01-18,16,2,30,69.8,0,2,0,18.585829777685984,0
2026-01-18,16,3,35,69.8,0,2,0,33.68271700602655,1
2026-01-18,17,1,46,252.64,0,17,0,125.8362249151284,0
2026-01-18,17,2,60,252.64,0,17,0,57.51963809532727,0
2026-01-18,17,3,52,252.64,0,17,0,53.41411927895578,0
2026-01-18,18,1,30,26.85,0,24,0,47.05613401407821,0
2026-01-18,18,2,29,26.85,0,24,0,43.63921355696905,0
2026-01-18,18,3,33,26.85,0,24,0,64.13543953848,0
2026-01-18,19,1,67,455.57,0,24,0,124.82698281953371,0
2026-01-18,19,2,75,455.57,0,24,0,74.11255034832263,0
2026-01-18,19,3,70,455.57,0,33,9,181.48802801834154,0
2026-01-18,20,1,42,136.8,0,25,0,109.36865432414297,0
2026-01-18,20,2,41,136.8,0,25,0,56.858780104627144,1
2026-01-18,20,3,42,136.8,0,25,0,51.13532607846585,0
2026-01-18,21,1,56,334.64,0,6,0,38.41539600698589,1
2026-01-18,21,2,65,334.64,0,6,0,162.4915740975121,0
2026-01-18,21,3,57,334.64,0,6,0,43.322458380802054,0
2026-01-18,22,1,52,162.74,0,4,0,83.53420486602221,0
2026-01-18,22,2,50,162.74,0,4,0,86.73824923866944,0
2026-01-18,22,3,57,162.74,0,4,0,114.80559123457753,0
2026-01-18,23,1,53,264.83,0,13,0,82.06347669518262,0
2026-01-18,23,2,51,264.83,0,13,0,27.423723851863603,0
2026-01-18,23,3,58,264.83,0,13,0,43.506276242351625,0
2026-01-18,24,1,59,277.89,0,9,0,128.67992830534743,0
2026-01-18,24,2,50,277.89,0,9,0,27.538808479168903,0
2026-01-18,24,3,58,277.89,0,9,0,50.27158349588069,0
2026-01-18,25,1,49,100.58,0,23,0,134.3312136555886,0
2026-01-18,25,2,29,100.58,0,23,0,32.21662406825874,0
2026-01-18,25,3,36,100.58,0,23,0,46.818718573946136,0
2026-01-18,26,1,83,485.1,0,28,0,171.94187591321327,0
2026-01-18,26,2,82,485.1,0,28,0,158.88021853363605,0
2026-01-18,26,3,73,485.1,0,35,7,137.18611734863038,0
2026-01-18,27,1,77,389.82,0,4,0,225.2129130110651,0
2026-01-18,27,2,69,389.82,0,4,0,177.14437429678355,0
2026-01-18,27,3,62,389.82,0,4,0,77.92013821426202,0
2026-01-18,28,1,79,470.35,0,2,0,224.80147614548744,1
2026-01-18,28,2,70,470.35,0,2,0,59.69211437506193,0
2026-01-18,28,3,75,470.35,0,2,0,62.50959253928248,0
2026-01-18,29,1,74,448.47,0,4,0,176.86306775605868,0
2026-01-18,29,2,66,448.47,0,4,0,158.2241770274638,0
2026-01-18,29,3,71,448.47,0,4,0,192.90212026628075,0
2026-01-18,30,1,57,302.97,0,6,0,101.20732287588527,0
2026-01-18,30,2,59,302.97,0,6,0,166.16343667961775,1
2026-01-18,30,3,62,302.97,0,6,0,150.2905074899896,0
2026-01-18,31,1,81,461.72,0,16,0,182.28233764480984,0
2026-01-18,31,2,81,461.72,0,16,0,222.22491126145263,0
2026-01-18,31,3,73,461.72,0,20,4,177.78629875418457,1
2026-01-18,32,1,29,53.36,0,15,0,82.08941831576712,0
2026-01-18,32,2,34,53.36,0,15,0,25.008902193538127,0
2026-01-18,32,3,33,53.36,0,15,0,62.85659349761767,0
2026-01-18,33,1,44,106.03,0,4,0,68.20689365373917,0
2026-01-18,33,2,32,106.03,0,4,0,23.90023749453507,0
2026-01-18,33,3,42,106.03,0,4,0,70.1637724297264,0
2026-01-18,34,1,41,32.16,0,2,0,103.85938588844206,0
2026-01-18,34,2,35,32.16,0,2,0,51.51957290912273,0
2026-01-18,34,3,30,32.16,0,2,0,33.741989615052354,0
2026-01-18,35,1,50,169.41,0,6,0,90.22696267290695,0
2026-01-18,35,2,32,169.41,0,14,8,72.38295894722123,0
2026-01-18,35,3,41,169.41,0,6,0,98.63029341421326,0
2026-01-18,36,1,42,200.45,0,27,0,113.72700014280356,0
2026-01-18,36,2,48,200.45,0,27,0,35.47124835632369,0
2026-01-18,36,3,52,200.45,0,27,0,92.71764559612724,0
2026-01-18,37,1,46,142.96,0,24,0,57.46455307557493,0
2026-01-18,37,2,44,142.96,0,24,0,113.50524570805254,0
2026-01-18,37,3,52,142.96,0,24,0,55.28755594213076,0
2026-01-18,38,1,72,416.08,0,15,0,117.90587144195901,1
2026-01-18,38,2,73,416.08,0,15,0,162.82280137173294,0
2026-01-18,38,3,75,416.08,0,15,0,83.86908728019803,0
2026-01-18,39,1,45,184.81,0,16,8,100.05061749750932,0
2026-01-18,39,2,57,184.81,0,8,0,63.44526904801424,0
2026-01-18,39,3,99,184.81,1,8,0,50.60921909806838,0
2026-01-18,40,1,47,147.66,0,28,0,99.8504104827334,0
2026-01-18,40,2,39,147.66,0,28,0,37.55927475601644,0
2026-01-18,40,3,46,147.66,0,28,0,68.44214747722822,0
2026-01-18,41,1,53,275.92,0,10,0,32.97151508999857,0
2026-01-18,41,2,59,275.92,0,10,0,32.76465814482241,0
2026-01-18,41,3,56,275.92,0,10,0,80.0220177277549,0
2026-01-18,42,1,42,79.05,0,16,0,34.889789341008566,0
2026-01-18,42,2,37,79.05,0,16,0,109.8526091424785,0
2026-01-18,42,3,40,79.05,0,16,0,38.28876508965527,0
2026-01-18,43,1,63,403.08,0,16,0,88.8111619962341,0
2026-01-18,43,2,68,403.08,0,16,0,93.82385947897234,0
2026-01-18,43,3,73,403.08,0,16,0,190.38384334632252,0
2026-01-18,44,1,32,46.53,0,27,0,84.52675553819661,0
2026-01-18,44,2,36,46.53,0,27,0,81.58766690728717,0
2026-01-18,44,3,35,46.53,0,27,0,89.69090467954413,0
2026-01-18,45,1,70,493.57,0,11,0,61.09864387331912,0
2026-01-18,45,2,82,493.57,0,11,0,173.24195185319118,0
2026-01-18,45,3,79,493.57,0,17,6,87.40154596999547,0
2026-01-18,46,1,68,388.4,0,29,0,134.8978716593569,0
2026-01-18,46,2,64,388.4,0,29,0,148.19612669924433,0
2026-01-18,46,3,76,388.4,0,29,0,49.019744346835424,0
2026-01-18,47,1,44,107.37,0,14,0,36.6815904916625,0
2026-01-18,47,2,50,107.37,0,14,0,47.90383984276944,1
2026-01-18,47,3,40,107.37,0,14,0,53.84858585692687,0
2026-01-18,48,1,24,12.71,0,20,0,14.573820659614302,0
2026-01-18,48,2,37,12.71,0,20,0,100.48567838788134,0
2026-01-18,48,3,28,12.71,0,20,0,33.167443350035455,0
2026-01-18,49,1,69,409.58,0,8,0,121.33269688288128,0
2026-01-18,49,2,69,409.58,0,8,0,126.27232506943017,0
2026-01-18,49,3,67,409.58,0,8,0,176.2641317748988,0
2026-01-18,50,1,64,356.36,0,18,0,132.14961827511215,0
2026-01-18,50,2,63,356.36,0,18,0,117.17583868879551,0
2026-01-18,50,3,65,356.36,0,18,0,163.35780261586694,0
2026-01-19,1,1,54,394.74,0,4,0,33.50730267618797,0
2026-01-19,1,2,69,394.74,0,4,0,158.2335733814163,0
2026-01-19,1,3,58,394.74,0,4,0,64.44371966589551,0
2026-01-19,2,1,32,107.84,0,4,0,91.83117273169444,0
2026-01-19,2,2,35,107.84,0,4,0,77.83502857003982,0
2026-01-19,2,3,34,107.84,0,4,0,70.6017200903018,0
2026-01-19,3,1,48,261.97,0,2,0,44.41282584144912,0
2026-01-19,3,2,44,261.97,0,2,0,69.71006711855756,0
2026-01-19,3,3,50,261.97,0,2,0,68.46747278699071,0
2026-01-19,4,1,47,300.28,0,28,0,76.62633897688757,0
2026-01-19,4,2,62,300.28,0,28,0,54.43010351917511,0
2026-01-19,4,3,54,300.28,0,28,0,71.15845482901071,0
2026-01-19,5,1,24,32.76,0,6,0,33.218271788406625,0
2026-01-19,5,2,19,32.76,0,6,0,40.57299481961679,0
2026-01-19,5,3,25,32.76,0,6,0,37.94324725987623,0
2026-01-19,6,1,58,307.7,0,11,0,35.032468836521595,0
2026-01-19,6,2,54,307.7,0,11,0,47.12711608371345,0
2026-01-19,6,3,61,307.7,0,11,0,93.2555194421296,0
2026-01-19,7,1,32,93.56,0,8,0,42.823065366357646,0
2026-01-19,7,2,38,93.56,0,8,0,39.8690944094972,0
2026-01-19,7,3,41,93.56,0,8,0,56.88155136014728,0
2026-01-19,8,1,26,41.88,0,27,0,18.830454305536552,0
2026-01-19,8,2,25,41.88,0,27,0,64.68937257917793,0
2026-01-19,8,3,43,41.88,0,27,0,128.02362854041007,0
2026-01-19,9,1,76,474.95,0,10,0,200.05562805390545,0
2026-01-19,9,2,68,474.95,0,10,0,154.47972916631988,0
2026-01-19,9,3,74,474.95,0,10,0,200.7673620790669,0
2026-01-19,10,1,82,483.16,0,29,0,142.01352370651423,0
2026-01-19,10,2,72,483.16,0,29,0,128.9024251564476,0
2026-01-19,10,3,78,483.16,0,29,0,62.36892900053476,0
2026-01-19,11,1,69,406.11,0,8,0,66.3322962520711,0
2026-01-19,11,2,73,406.11,0,8,0,153.0670221091036,0
2026-01-19,11,3,71,406.11,0,8,0,94.83174902330964,0
2026-01-19,12,1,43,159.26,0,10,0,80.22500376495553,0
2026-01-19,12,2,39,159.26,0,10,0,101.02099848044955,0
2026-01-19,12,3,50,159.26,0,10,0,148.0312208114113,0
2026-01-19,13,1,25,57.86,0,9,0,46.154748541419124,0
2026-01-19,13,2,31,57.86,0,9,0,45.74018746186743,0
2026-01-19,13,3,27,57.86,0,9,0,15.977788839312417,0
2026-01-19,14,1,61,345.27,0,13,0,163.55937881904273,0
2026-01-19,14,2,60,345.27,0,13,0,55.215382470777,0
2026-01-19,14,3,57,345.27,0,13,0,81.42933796715937,0
2026-01-19,15,1,41,225.67,0,3,0,51.50665593601968,0
2026-01-19,15,2,50,225.67,0,3,0,105.49974420380919,0
2026-01-19,15,3,98,225.67,1,3,0,172.9713070178997,0
2026-01-19,16,1,32,69.8,0,2,0,20.482330659913096,0
2026-01-19,16,2,33,69.8,0,2,0,27.5794995626029,0
2026-01-19,16,3,22,69.8,0,2,0,29.889435581170545,0
2026-01-19,17,1,51,252.64,0,17,0,134.19510612687367,0
2026-01-19,17,2,49,252.64,0,17,0,138.72240341490487,0
2026-01-19,17,3,52,252.64,0,17,0,28.400567636120673,0
2026-01-19,18,1,37,26.85,0,24,0,51.54756028463417,0
2026-01-19,18,2,22,26.85,0,24,0,34.85498844553089,0
2026-01-19,18,3,26,26.85,0,24,0,77.44112109822474,0
2026-01-19,19,1,58,455.57,0,24,0,140.9243612171619,0
2026-01-19,19,2,77,455.57,0,24,0,43.31733205104432,0
2026-01-19,19,3,71,455.57,0,27,3,125.59194421711835,0
2026-01-19,20,1,38,136.8,0,25,0,40.33401883129138,0
2026-01-19,20,2,40,136.8,0,25,0,93.59964883305142,0
2026-01-19,20,3,43,136.8,0,25,0,88.75647503177112,0
2026-01-19,21,1,71,334.64,0,6,0,90.33336205310708,0
2026-01-19,21,2,66,334.64,0,6,0,64.01733889254558,0
2026-01-19,21,3,62,334.64,0,6,0,65.96086947356176,0
2026-01-19,22,1,40,162.74,0,4,0,76.67645638523757,0
2026-01-19,22,2,39,162.74,0,4,0,85.38901348294507,0
2026-01-19,22,3,36,162.74,0,4,0,107.6471216016144,0
2026-01-19,23,1,47,264.83,0,13,0,82.0531533836694,0
2026-01-19,23,2,54,264.83,0,13,0,138.20414576020463,0
2026-01-19,23,3,49,264.83,0,13,0,138.6082469401584,0
2026-01-19,24,1,55,277.89,0,9,0,83.91598968930475,0
2026-01-19,24,2,54,277.89,0,9,0,146.7004171480481,0
2026-01-19,24,3,60,277.89,0,9,0,89.22854482923164,0
2026-01-19,25,1,37,100.58,0,23,0,24.715731574500968,0
2026-01-19,25,2,28,100.58,0,23,0,76.48743573414312,0
2026-01-19,25,3,40,100.58,0,23,0,41.293954763234275,0
2026-01-19,26,1,72,485.1,0,28,0,88.14922526295639,0
2026-01-19,26,2,78,485.1,0,28,0,43.31729084160493,0
2026-01-19,26,3,69,485.1,0,28,0,186.9483461383893,0
2026-01-19,27,1,55,389.82,0,4,0,66.21256591486122,0
2026-01-19,27,2,69,389.82,0,4,0,49.25297928187864,0
2026-01-19,27,3,66,389.82,0,4,0,45.21931994201102,0
2026-01-19,28,1,63,470.35,0,2,0,83.6622316139784,0
2026-01-19,28,2,68,470.35,0,2,0,93.1516464432687,0
2026-01-19,28,3,71,470.35,0,3,1,115.82472181520087,0
2026-01-19,29,1,71,448.47,0,4,0,166.77032890046124,0
2026-01-19,29,2,61,448.47,0,4,0,149.5679183202964,0
2026-01-19,29,3,71,448.47,0,4,0,198.98273909954986,0
2026-01-19,30,1,56,302.97,0,6,0,159.0119764141008,0
2026-01-19,30,2,55,302.97,0,6,0,104.67538329272918,0
2026-01-19,30,3,49,302.97,0,6,0,119.23575640172012,0
2026-01-19,31,1,63,461.72,0,16,0,51.096681862886086,0
2026-01-19,31,2,70,461.72,0,16,0,43.60807329060386,0
2026-01-19,31,3,65,461.72,0,16,0,159.88576184542546,0
2026-01-19,32,1,31,53.36,0,15,0,84.40076412098749,0
2026-01-19,32,2,38,53.36,0,15,0,102.36682654314994,0
2026-01-19,32,3,30,53.36,0,15,0,47.37388219454707,0
2026-01-19,33,1,35,106.03,0,4,0,35.7432665584978,0
2026-01-19,33,2,35,106.03,0,4,0,65.150058005273,0
2026-01-19,33,3,31,106.03,0,4,0,92.26155460691238,0
2026-01-19,34,1,21,32.16,0,2,0,52.15060346270124,0
2026-01-19,34,2,28,32.16,0,2,0,30.622823505592198,0
2026-01-19,34,3,31,32.16,0,2,0,29.279371238806778,0
2026-01-19,35,1,50,169.41,0,6,0,95.33334758204164,0
2026-01-19,35,2,41,169.41,0,6,0,46.9310859985966,0
2026-01-19,35,3,41,169.41,0,6,0,109.40291423196653,0
2026-01-19,36,1,46,200.45,0,27,0,45.16648119746191,0
2026-01-19,36,2,45,200.45,0,27,0,33.7429019889697,0
2026-01-19,36,3,44,200.45,0,27,0,75.62525064823078,0
2026-01-19,37,1,45,142.96,0,24,0,65.68593226135623,0
2026-01-19,37,2,41,142.96,0,24,0,75.30260559178122,1
2026-01-19,37,3,42,142.96,0,24,0,36.04755380893912,0
2026-01-19,38,1,74,416.08,0,15,0,198.01087139250743,0
2026-01-19,38,2,74,416.08,0,15,0,62.907257783905145,0
2026-01-19,38,3,65,416.08,0,15,0,35.24021638834196,0
2026-01-19,39,1,44,184.81,0,8,0,25.19438924301413,0
2026-01-19,39,2,40,184.81,0,8,0,113.30940731098543,0
2026-01-19,39,3,39,184.81,0,14,6,37.078692815406235,0
2026-01-19,40,1,34,147.66,0,28,0,65.64068865731836,0
2026-01-19,40,2,40,147.66,0,28,0,32.58386905136692,0
2026-01-19,40,3,32,147.66,0,28,0,45.24230375258233,0
2026-01-19,41,1,54,275.92,0,10,0,57.473653742512816,0
2026-01-19,41,2,50,275.92,0,10,0,94.76768667536778,0
2026-01-19,41,3,43,275.92,0,10,0,120.57217196317443,0
2026-01-19,42,1,31,79.05,0,16,0,40.21298952597906,0
2026-01-19,42,2,22,79.05,0,16,0,23.282327600070285,0
2026-01-19,42,3,28,79.05,0,16,0,63.82535879289153,0
2026-01-19,43,1,64,403.08,0,16,0,136.16532768051002,0
2026-01-19,43,2,66,403.08,0,16,0,187.0677927075892,0
2026-01-19,43,3,59,403.08,0,16,0,34.68983805438875,0
2026-01-19,44,1,33,46.53,0,27,0,65.72273399450995,0
2026-01-19,44,2,15,46.53,0,27,0,22.76205332962969,0
2026-01-19,44,3,27,46.53,0,27,0,34.77666468337425,0
2026-01-19,45,1,82,493.57,0,11,0,118.42028173190084,0
2026-01-19,45,2,73,493.57,0,11,0,218.67951428004613,0
2026-01-19,45,3,78,493.57,0,11,0,148.70729101772017,0
2026-01-19,46,1,59,388.4,0,29,0,106.39677764321833,0
2026-01-19,46,2,65,388.4,0,29,0,149.30161684501627,1
2026-01-19,46,3,60,388.4,0,29,0,78.39417663551598,0
2026-01-19,47,1,25,107.37,0,14,0,50.379043511557356,0
2026-01-19,47,2,75,107.37,1,17,3,112.72778019587416,0
2026-01-19,47,3,41,107.37,0,14,0,26.460489858056118,0
2026-01-19,48,1,26,12.71,0,20,0,19.344649884930988,0
2026-01-19,48,2,31,12.71,0,20,0,84.68085513849974,0
2026-01-19,48,3,23,12.71,0,20,0,38.164574816050944,0
2026-01-19,49,1,57,409.58,0,8,0,30.97179457665481,0
2026-01-19,49,2,75,409.58,0,8,0,216.49075715701014,0
2026-01-19,49,3,69,409.58,0,8,0,81.33952580171668,1
2026-01-19,50,1,57,356.36,0,18,0,136.49309674287713,0
2026-01-19,50,2,62,356.36,0,18,0,130.4692419461736,0
2026-01-19,50,3,57,356.36,0,18,0,94.90550079530433,0
2026-01-20,1,1,57,394.74,0,4,0,39.88790308189146,1
2026-01-20,1,2,67,394.74,0,4,0,159.51208758780385,0
2026-01-20,1,3,58,394.74,0,4,0,168.74630924163478,0
2026-01-20,2,1,42,107.84,0,4,0,68.15966728823605,0
2026-01-20,2,2,37,107.84,0,4,0,110.8043355111326,0
2026-01-20,2,3,38,107.84,0,4,0,84.68171229542676,0
2026-01-20,3,1,54,261.97,0,2,0,79.93820192887465,0
2026-01-20,3,2,44,261.97,0,2,0,64.00433877440157,0
2026-01-20,3,3,47,261.97,0,2,0,24.95889047740726,0
2026-01-20,4,1,57,300.28,0,28,0,82.78477118101752,0
2026-01-20,4,2,48,300.28,0,28,0,130.18474086555705,0
2026-01-20,4,3,52,300.28,0,28,0,70.42130928419576,0
2026-01-20,5,1,18,32.76,0,6,0,43.448909919641956,1
2026-01-20,5,2,26,32.76,0,6,0,34.98364414933273,0
2026-01-20,5,3,28,32.76,0,6,0,45.5466984424712,0
2026-01-20,6,1,57,307.7,0,11,0,124.14402240768338,0
2026-01-20,6,2,57,307.7,0,11,0,104.47248756451707,0
2026-01-20,6,3,67,307.7,0,11,0,198.82167547360746,0
2026-01-20,7,1,37,93.56,0,8,0,32.14908169790415,0
2026-01-20,7,2,31,93.56,0,8,0,80.37673219770389,0
2026-01-20,7,3,39,93.56,0,8,0,109.43884508540458,0
2026-01-20,8,1,34,41.88,0,27,0,87.47622252011384,0
2026-01-20,8,2,31,41.88,0,27,0,40.2471703035829,0
2026-01-20,8,3,40,41.88,0,27,0,43.30004898089964,0
2026-01-20,9,1,70,474.95,0,10,0,122.32277116059,0
2026-01-20,9,2,71,474.95,0,10,0,113.01541895988488,0
2026-01-20,9,3,68,474.95,0,10,0,42.483666554852704,0
2026-01-20,10,1,71,483.16,0,29,0,97.19265990620906,1
2026-01-20,10,2,79,483.16,0,29,0,163.20695803413994,0
2026-01-20,10,3,70,483.16,0,29,0,63.649189189083806,0
2026-01-20,11,1,62,406.11,0,8,0,167.44614619987385,0
2026-01-20,11,2,65,406.11,0,8,0,91.87661252625206,0
2026-01-20,11,3,75,406.11,0,8,0,146.33048481438982,0
2026-01-20,12,1,39,159.26,0,11,1,65.11189387764475,0
2026-01-20,12,2,33,159.26,0,10,0,98.06416578040603,0
2026-01-20,12,3,42,159.26,0,10,0,111.97358860010654,1
2026-01-20,13,1,32,57.86,0,9,0,45.51076978992045,0
2026-01-20,13,2,28,57.86,0,9,0,76.87813585723771,0
2026-01-20,13,3,27,57.86,0,9,0,47.82900972613827,0
2026-01-20,14,1,60,345.27,0,13,0,173.0360306118446,0
2026-01-20,14,2,66,345.27,0,13,0,152.1802143393739,0
2026-01-20,14,3,63,345.27,0,13,0,85.56457723890364,0
2026-01-20,15,1,36,225.67,0,3,0,53.10344498888746,0
2026-01-20,15,2,53,225.67,0,7,4,82.95246297830592,0
2026-01-20,15,3,52,225.67,0,3,0,73.41607382717253,0
2026-01-20,16,1,33,69.8,0,2,0,81.41034832116888,0
2026-01-20,16,2,30,69.8,0,2,0,66.79614001131202,0
2026-01-20,16,3,32,69.8,0,2,0,39.204056983662014,0
2026-01-20,17,1,47,252.64,0,17,0,69.58916130590946,0
2026-01-20,17,2,53,252.64,0,17,0,149.75485260710107,0
2026-01-20,17,3,47,252.64,0,17,0,87.73132216064914,0
2026-01-20,18,1,25,26.85,0,24,0,56.08215876854559,0
2026-01-20,18,2,30,26.85,0,24,0,67.90866507797527,0
2026-01-20,18,3,26,26.85,0,24,0,38.632151551131,0
2026-01-20,19,1,69,455.57,0,24,0,85.4268730483175,0
2026-01-20,19,2,78,455.57,0,24,0,98.5080528988395,0
2026-01-20,19,3,65,455.57,0,24,0,62.404853010900084,0
2026-01-20,20,1,39,136.8,0,25,0,26.568612915492814,0
2026-01-20,20,2,35,136.8,0,25,0,61.2102245408251,0
2026-01-20,20,3,38,136.8,0,25,0,79.21788237494751,0
2026-01-20,21,1,54,334.64,0,6,0,28.719757350524034,0
2026-01-20,21,2,58,334.64,0,6,0,29.52293323543692,0
2026-01-20,21,3,61,334.64,0,6,0,130.6487886215215,0
2026-01-20,22,1,32,162.74,0,4,0,22.763657808992622,1
2026-01-20,22,2,43,162.74,0,4,0,72.77188486537499,0
2026-01-20,22,3,36,162.74,0,4,0,69.34047613851101,0
2026-01-20,23,1,42,264.83,0,13,0,65.97595098395338,0
2026-01-20,23,2,40,264.83,0,13,0,69.02300814619353,0
2026-01-20,23,3,57,264.83,0,13,0,99.517930976756,0
2026-01-20,24,1,45,277.89,0,9,0,77.27885418589992,0
2026-01-20,24,2,47,277.89,0,9,0,71.0773561628233,0
2026-01-20,24,3,54,277.89,0,9,0,54.6089000250539,0
2026-01-20,25,1,43,100.58,0,23,0,50.715134999933234,0
2026-01-20,25,2,41,100.58,0,23,0,106.30269893336249,0
2026-01-20,25,3,27,100.58,0,29,6,20.899686577275155,0
2026-01-20,26,1,68,485.1,0,28,0,172.99107298176284,0
2026-01-20,26,2,74,485.1,0,28,0,163.73054061479988,0
2026-01-20,26,3,70,485.1,0,28,0,177.29021871991844,0
2026-01-20,27,1,68,389.82,0,4,0,35.61077231448841,1
2026-01-20,27,2,61,389.82,0,4,0,150.81902114747479,0
2026-01-20,27,3,65,389.82,0,4,0,46.01897248836993,0
2026-01-20,28,1,81,470.35,0,2,0,183.77654414697142,0
2026-01-20,28,2,70,470.35,0,2,0,39.9907364344762,0
2026-01-20,28,3,67,470.35,0,2,0,40.919484691996225,0
2026-01-20,29,1,66,448.47,0,4,0,154.80577202249276,0
2026-01-20,29,2,76,448.47,0,4,0,51.538010211059344,0
2026-01-20,29,3,66,448.47,0,4,0,68.84352330775174,0
2026-01-20,30,1,62,302.97,0,6,0,89.30559211681705,0
2026-01-20,30,2,51,302.97,0,6,0,80.08905385402488,0
2026-01-20,30,3,61,302.97,0,6,0,132.18029934937505,0
2026-01-20,31,1,70,461.72,0,16,0,179.52435100931885,0
2026-01-20,31,2,68,461.72,0,16,0,176.27358570383132,0
2026-01-20,31,3,73,461.72,0,16,0,48.180015102310605,0
2026-01-20,32,1,21,53.36,0,15,0,42.82896444645653,0
2026-01-20,32,2,29,53.36,0,15,0,79.58362891926208,0
2026-01-20,32,3,29,53.36,0,15,0,61.09878777910332,1
2026-01-20,33,1,30,106.03,0,4,0,44.39858346802201,0
2026-01-20,33,2,39,106.03,0,4,0,52.108503220636656,0
2026-01-20,33,3,28,106.03,0,4,0,70.77112771838591,0
2026-01-20,34,1,27,32.16,0,2,0,72.92350322000934,0
2026-01-20,34,2,30,32.16,0,2,0,48.87275135124176,0
2026-01-20,34,3,19,32.16,0,2,0,48.50123242872538,0
2026-01-20,35,1,42,169.41,0,6,0,96.11208731252158,0
2026-01-20,35,2,39,169.41,0,6,0,110.69587243619827,0
2026-01-20,35,3,43,169.41,0,6,0,83.2740225918477,0
2026-01-20,36,1,47,200.45,0,27,0,89.38732553181151,0
2026-01-20,36,2,42,200.45,0,27,0,34.404996673142065,0
2026-01-20,36,3,35,200.45,0,27,0,60.853761768216664,0
2026-01-20,37,1,38,142.96,0,24,0,53.736005456900074,1
2026-01-20,37,2,41,142.96,0,24,0,99.78571699981558,0
2026-01-20,37,3,34,142.96,0,24,0,93.85391313626636,0
2026-01-20,38,1,68,416.08,0,15,0,111.93949372477304,1
2026-01-20,38,2,66,416.08,0,15,0,75.32788190581144,0
2026-01-20,38,3,67,416.08,0,15,0,188.4924490222474,0
2026-01-20,39,1,44,184.81,0,8,0,80.83952626087745,0
2026-01-20,39,2,42,184.81,0,8,0,22.014958002469147,0
2026-01-20,39,3,36,184.81,0,8,0,43.69594038656031,0
2026-01-20,40,1,35,147.66,0,28,0,29.13785183642006,0
2026-01-20,40,2,37,147.66,0,28,0,86.83676901169508,0
2026-01-20,40,3,52,147.66,0,28,0,94.92272006972601,0
2026-01-20,41,1,59,275.92,0,10,0,101.794007047148,0
2026-01-20,41,2,45,275.92,0,10,0,50.28996041413713,0
2026-01-20,41,3,52,275.92,0,10,0,101.98390049278946,0
2026-01-20,42,1,32,79.05,0,16,0,24.472506893982228,0
2026-01-20,42,2,30,79.05,0,18,2,16.09714044038025,0
2026-01-20,42,3,25,79.05,0,16,0,33.08670762416227,0
2026-01-20,43,1,63,403.08,0,16,0,89.92043945467772,0
2026-01-20,43,2,64,403.08,0,16,0,101.76787529950256,0
2026-01-20,43,3,66,403.08,0,16,0,72.19130190493136,0
2026-01-20,44,1,21,46.53,0,27,0,60.2828381254296,0
2026-01-20,44,2,31,46.53,0,27,0,74.39059956300623,0
2026-01-20,44,3,27,46.53,0,27,0,50.996746282075584,0
2026-01-20,45,1,68,493.57,0,11,0,126.628458328575,0
2026-01-20,45,2,81,493.57,0,11,0,219.48491267714107,1
2026-01-20,45,3,78,493.57,0,11,0,130.08522000128264,0
2026-01-20,46,1,66,388.4,0,29,0,141.48277586126534,0
2026-01-20,46,2,53,388.4,0,29,0,156.3500550669114,0
2026-01-20,46,3,65,388.4,0,29,0,131.38325566036883,0
2026-01-20,47,1,44,107.37,0,14,0,103.95881882784398,0
2026-01-20,47,2,74,107.37,1,15,1,42.419335425993566,0
2026-01-20,47,3,35,107.37,0,14,0,50.74616095039824,1
2026-01-20,48,1,22,12.71,0,20,0,65.4456820201217,0
2026-01-20,48,2,26,12.71,0,20,0,58.26443024158678,0
2026-01-20,48,3,28,12.71,0,20,0,49.37347246840004,0
2026-01-20,49,1,65,409.58,0,8,0,66.65507933850087,0
2026-01-20,49,2,71,409.58,0,8,0,132.77587031933274,0
2026-01-20,49,3,61,409.58,0,8,0,167.05541034942294,1
2026-01-20,50,1,59,356.36,0,18,0,123.80246761645735,0
2026-01-20,50,2,64,356.36,0,18,0,116.10110633592063,0
2026-01-20,50,3,64,356.36,0,18,0,153.89009550013822,0
2026-01-21,1,1,64,394.74,0,4,0,52.445272731814924,0
2026-01-21,1,2,63,394.74,0,4,0,139.94066967450618,0
2026-01-21,1,3,64,394.74,0,4,0,123.5038348256592,0
2026-01-21,2,1,35,107.84,0,4,0,32.90586565329504,0
2026-01-21,2,2,36,107.84,0,4,0,40.308801509155565,0
2026-01-21,2,3,32,107.84,0,4,0,82.955148663284,0
2026-01-21,3,1,51,261.97,0,2,0,101.40324208731913,0
2026-01-21,3,2,52,261.97,0,2,0,153.37441120354006,0
2026-01-21,3,3,53,261.97,0,2,0,32.432339358647596,0
2026-01-21,4,1,115,300.28,1,28,0,151.88977864345833,0
2026-01-21,4,2,58,300.28,0,35,7,37.86146853860993,0
2026-01-21,4,3,64,300.28,0,28,0,92.64355127460315,0
2026-01-21,5,1,32,32.76,0,6,0,60.24584858937724,0
2026-01-21,5,2,23,32.76,0,6,0,20.643945019069527,0
2026-01-21,5,3,23,32.76,0,6,0,50.93437205489257,0
2026-01-21,6,1,55,307.7,0,11,0,160.08056323700075,0
2026-01-21,6,2,56,307.7,0,11,0,163.2866807327901,0
2026-01-21,6,3,49,307.7,0,11,0,110.94673669041686,0
2026-01-21,7,1,41,93.56,0,8,0,77.28213559507803,0
2026-01-21,7,2,32,93.56,0,8,0,17.049334061878753,0
2026-01-21,7,3,41,93.56,0,8,0,75.71676907436704,0
2026-01-21,8,1,27,41.88,0,27,0,69.10176690905647,0
2026-01-21,8,2,28,41.88,0,27,0,16.45498956349728,0
2026-01-21,8,3,22,41.88,0,27,0,25.739726350998513,0
2026-01-21,9,1,71,474.95,0,10,0,84.18476677996092,0
2026-01-21,9,2,72,474.95,0,10,0,175.47574815019937,0
2026-01-21,9,3,77,474.95,0,10,0,90.21994632899317,0
2026-01-21,10,1,74,483.16,0,29,0,149.91692732455274,0
2026-01-21,10,2,79,483.16,0,29,0,87.83505925390867,0
2026-01-21,10,3,84,483.16,0,35,6,69.52170611855017,0
2026-01-21,11,1,64,406.11,0,8,0,83.981857036995,0
2026-01-21,11,2,70,406.11,0,8,0,60.16240527783364,0
2026-01-21,11,3,61,406.11,0,8,0,139.46066329961332,0
2026-01-21,12,1,46,159.26,0,10,0,75.01613009779993,0
2026-01-21,12,2,36,159.26,0,10,0,66.8313183067261,0
2026-01-21,12,3,38,159.26,0,10,0,84.59813004105791,1
2026-01-21,13,1,30,57.86,0,9,0,18.87313479170675,0
2026-01-21,13,2,29,57.86,0,9,0,15.968080034781677,0
2026-01-21,13,3,31,57.86,0,9,0,30.000902776087113,0
2026-01-21,14,1,63,345.27,0,13,0,138.91459794671553,0
2026-01-21,14,2,60,345.27,0,13,0,148.4771862728021,0
2026-01-21,14,3,63,345.27,0,13,0,59.307285278247384,0
2026-01-21,15,1,47,225.67,0,3,0,44.745249616922145,0
2026-01-21,15,2,54,225.67,0,3,0,31.829583246391056,1
2026-01-21,15,3,49,225.67,0,3,0,56.18079948553333,0
2026-01-21,16,1,34,69.8,0,2,0,59.72519344289399,0
2026-01-21,16,2,24,69.8,0,2,0,50.068804390408815,0
2026-01-21,16,3,26,69.8,0,2,0,36.957485099478944,0
2026-01-21,17,1,50,252.64,0,17,0,78.71260088039497,0
2026-01-21,17,2,43,252.64,0,17,0,116.51465583699563,0
2026-01-21,17,3,49,252.64,0,17,0,48.70366568293343,1
2026-01-21,18,1,29,26.85,0,24,0,28.05281251552154,0
2026-01-21,18,2,29,26.85,0,24,0,39.48880272340971,0
2026-01-21,18,3,28,26.85,0,24,0,14.099800980127284,0
2026-01-21,19,1,72,455.57,0,24,0,100.79523327180051,1
2026-01-21,19,2,60,455.57,0,24,0,42.00619861371609,0
2026-01-21,19,3,143,455.57,1,24,0,92.23413215899326,0
2026-01-21,20,1,39,136.8,0,25,0,54.719216685342914,0
2026-01-21,20,2,38,136.8,0,25,0,81.17961555603948,0
2026-01-21,20,3,38,136.8,0,25,0,74.86881519382594,0
2026-01-21,21,1,58,334.64,0,6,0,105.74205343785876,0
2026-01-21,21,2,52,334.64,0,6,0,94.44480855267136,0
2026-01-21,21,3,59,334.64,0,6,0,80.41072596005708,1
2026-01-21,22,1,40,162.74,0,4,0,81.68383767842421,0
2026-01-21,22,2,43,162.74,0,4,0,26.39170556245683,0
2026-01-21,22,3,41,162.74,0,4,0,64.61524334664773,0
2026-01-21,23,1,48,264.83,0,13,0,83.54822086439412,0
2026-01-21,23,2,48,264.83,0,13,0,108.97820252887215,0
2026-01-21,23,3,52,264.83,0,13,0,120.7134775123252,0
2026-01-21,24,1,55,277.89,0,9,0,61.200826160187475,0
2026-01-21,24,2,56,277.89,0,9,0,90.15071095843575,0
2026-01-21,24,3,45,277.89,0,9,0,113.16705369293987,0
2026-01-21,25,1,40,100.58,0,23,0,88.26985047758369,0
2026-01-21,25,2,40,100.58,0,23,0,35.6833699896363,0
2026-01-21,25,3,36,100.58,0,23,0,99.60019331536712,0
2026-01-21,26,1,75,485.1,0,28,0,41.55783648904419,0
2026-01-21,26,2,79,485.1,0,28,0,88.04626161487852,0
2026-01-21,26,3,77,485.1,0,28,0,71.1526379085777,0
2026-01-21,27,1,57,389.82,0,4,0,132.44576833653332,0
2026-01-21,27,2,63,389.82,0,4,0,76.38250371842658,0
2026-01-21,27,3,63,389.82,0,4,0,98.33934080468582,0
2026-01-21,28,1,69,470.35,0,2,0,41.282611622811636,0
2026-01-21,28,2,72,470.35,0,2,0,213.6378324495097,0
2026-01-21,28,3,74,470.35,0,2,0,110.09810368329495,0
2026-01-21,29,1,66,448.47,0,4,0,81.85932655096498,0
2026-01-21,29,2,68,448.47,0,4,0,138.04800354181847,0
2026-01-21,29,3,61,448.47,0,4,0,63.27170612007036,0
2026-01-21,30,1,60,302.97,0,6,0,123.7812482614395,0
2026-01-21,30,2,59,302.97,0,6,0,135.6542154166898,0
2026-01-21,30,3,55,302.97,0,6,0,142.42955666224373,0
2026-01-21,31,1,80,461.72,0,16,0,61.69625151328313,0
2026-01-21,31,2,68,461.72,0,16,0,87.77474969161172,0
2026-01-21,31,3,64,461.72,0,16,0,130.12582301330076,0
2026-01-21,32,1,38,53.36,0,15,0,91.06274670434514,0
2026-01-21,32,2,26,53.36,0,15,0,23.386061537382076,0
2026-01-21,32,3,30,53.36,0,15,0,86.00923325438693,0
2026-01-21,33,1,38,106.03,0,4,0,19.0239831766034,0
2026-01-21,33,2,41,106.03,0,4,0,113.04919475638802,0
2026-01-21,33,3,30,106.03,0,4,0,82.1900204368401,0
2026-01-21,34,1,25,32.16,0,2,0,58.18510676006976,0
2026-01-21,34,2,30,32.16,0,2,0,64.99855992744583,0
2026-01-21,34,3,37,32.16,0,2,0,33.56973969078939,0
2026-01-21,35,1,48,169.41,0,6,0,102.37568043475872,0
2026-01-21,35,2,39,169.41,0,6,0,37.07647476179167,0
2026-01-21,35,3,50,169.41,0,6,0,110.49754157002367,0
2026-01-21,36,1,41,200.45,0,27,0,82.1808553163231,0
2026-01-21,36,2,47,200.45,0,27,0,50.775110747114944,1
2026-01-21,36,3,34,200.45,0,27,0,32.46501914861686,0
2026-01-21,37,1,45,142.96,0,24,0,70.10079722411966,0
2026-01-21,37,2,41,142.96,0,24,0,70.90888295642232,0
2026-01-21,37,3,41,142.96,0,24,0,70.64094605857122,0
2026-01-21,38,1,61,416.08,0,15,0,156.60121815840247,0
2026-01-21,38,2,60,416.08,0,15,0,156.80026830339636,0
2026-01-21,38,3,71,416.08,0,15,0,203.61317932445715,0
2026-01-21,39,1,46,184.81,0,8,0,123.20609424170388,0
2026-01-21,39,2,43,184.81,0,16,8,77.11856057616485,1
2026-01-21,39,3,50,184.81,0,8,0,90.33825039651275,0
2026-01-21,40,1,43,147.66,0,28,0,71.83912500343295,0
2026-01-21,40,2,40,147.66,0,28,0,101.30659492556687,0
2026-01-21,40,3,47,147.66,0,28,0,43.609143845162535,0
2026-01-21,41,1,50,275.92,0,10,0,74.3700534512936,0
2026-01-21,41,2,54,275.92,0,10,0,76.86360953257125,0
2026-01-21,41,3,49,275.92,0,10,0,48.44671727952911,0
2026-01-21,42,1,27,79.05,0,16,0,33.00368071262762,0
2026-01-21,42,2,25,79.05,0,16,0,50.53564611647816,0
2026-01-21,42,3,33,79.05,0,16,0,57.93990717606682,0
2026-01-21,43,1,58,403.08,0,16,0,163.38491168934868,0
2026-01-21,43,2,71,403.08,0,16,0,158.34332881370727,0
2026-01-21,43,3,69,403.08,0,16,0,66.11810521400022,0
2026-01-21,44,1,30,46.53,0,27,0,52.915586232996816,0
2026-01-21,44,2,27,46.53,0,27,0,28.984542302015267,0
2026-01-21,44,3,20,46.53,0,27,0,49.66590856672249,0
2026-01-21,45,1,73,493.57,0,11,0,37.07019381064532,0
2026-01-21,45,2,80,493.57,0,11,0,89.66369660496851,0
2026-01-21,45,3,72,493.57,0,11,0,211.06611661528032,0
2026-01-21,46,1,61,388.4,0,29,0,144.66175308170438,0
2026-01-21,46,2,60,388.4,0,29,0,148.16572201328526,0
2026-01-21,46,3,69,388.4,0,29,0,69.87653421469967,0
2026-01-21,47,1,35,107.37,0,14,0,101.82228632279393,0
2026-01-21,47,2,31,107.37,0,14,0,29.351670836130094,0
2026-01-21,47,3,36,107.37,0,14,0,95.17919309431605,0
2026-01-21,48,1,20,12.71,0,20,0,32.45027896235215,0
2026-01-21,48,2,24,12.71,0,20,0,30.614271686444066,0
2026-01-21,48,3,25,12.71,0,20,0,53.21619910725439,0
2026-01-21,49,1,61,409.58,0,8,0,114.6510517953105,0
2026-01-21,49,2,63,409.58,0,8,0,150.7325485776127,0
2026-01-21,49,3,70,409.58,0,8,0,159.0943135176103,0
2026-01-21,50,1,77,356.36,0,18,0,170.33420314067993,0
2026-01-21,50,2,62,356.36,0,18,0,41.5023788306833,0
2026-01-21,50,3,58,356.36,0,18,0,141.15849307613718,0
2026-01-22,1,1,70,394.74,0,4,0,39.32501639298457,0
2026-01-22,1,2,60,394.74,0,4,0,42.16344424928762,0
2026-01-22,1,3,68,394.74,0,4,0,83.36135517739321,0
2026-01-22,2,1,36,107.84,0,4,0,55.922137897104605,0
2026-01-22,2,2,32,107.84,0,4,0,46.933164544160306,0
2026-01-22,2,3,34,107.84,0,4,0,92.34539296354188,0
2026-01-22,3,1,57,261.97,0,6,4,156.9112015982795,1
2026-01-22,3,2,57,261.97,0,2,0,117.0355477070241,0
2026-01-22,3,3,51,261.97,0,2,0,129.08813367639684,0
2026-01-22,4,1,47,300.28,0,28,0,73.70846008005257,0
2026-01-22,4,2,58,300.28,0,28,0,104.80999146008466,1
2026-01-22,4,3,48,300.28,0,28,0,103.41951476137243,0
2026-01-22,5,1,26,32.76,0,6,0,23.208827466444017,0
2026-01-22,5,2,32,32.76,0,6,0,93.31478480674556,0
2026-01-22,5,3,31,32.76,0,6,0,30.973625715295814,1
2026-01-22,6,1,57,307.7,0,11,0,75.7376489388208,0
2026-01-22,6,2,58,307.7,0,11,0,134.41680593145998,0
2026-01-22,6,3,52,307.7,0,11,0,60.75388311351636,0
2026-01-22,7,1,30,93.56,0,8,0,18.01108275215553,0
2026-01-22,7,2,32,93.56,0,8,0,36.718574194557334,0
2026-01-22,7,3,34,93.56,0,8,0,57.72939452861256,0
2026-01-22,8,1,27,41.88,0,27,0,76.91163482923626,0
2026-01-22,8,2,30,41.88,0,27,0,87.91660282252542,0
2026-01-22,8,3,26,41.88,0,27,0,26.135480473533526,0
2026-01-22,9,1,76,474.95,0,10,0,163.74610361793032,0
2026-01-22,9,2,77,474.95,0,10,0,84.1140997982202,0
2026-01-22,9,3,76,474.95,0,10,0,216.094516993693,0
2026-01-22,10,1,78,483.16,0,29,0,215.1986821338201,0
2026-01-22,10,2,75,483.16,0,29,0,197.01200335988202,0
2026-01-22,10,3,147,483.16,1,29,0,176.8815978979979,0
2026-01-22,11,1,78,406.11,0,8,0,57.11777395929215,0
2026-01-22,11,2,58,406.11,0,8,0,124.87268046113101,0
2026-01-22,11,3,69,406.11,0,8,0,112.01047025261238,0
2026-01-22,12,1,43,159.26,0,10,0,62.4729063939952,0
2026-01-22,12,2,43,159.26,0,10,0,33.954173527904686,0
2026-01-22,12,3,47,159.26,0,10,0,34.457447199781065,0
2026-01-22,13,1,29,57.86,0,9,0,16.079698857763525,0
2026-01-22,13,2,21,57.86,0,9,0,52.63809713400177,0
2026-01-22,13,3,21,57.86,0,9,0,55.027155188416856,0
2026-01-22,14,1,56,345.27,0,13,0,47.743470404047,0
2026-01-22,14,2,52,345.27,0,13,0,119.43151343525649,0
2026-01-22,14,3,60,345.27,0,13,0,167.12826362002664,0
2026-01-22,15,1,48,225.67,0,3,0,34.14391383522869,0
2026-01-22,15,2,45,225.67,0,3,0,31.20881335034547,0
2026-01-22,15,3,56,225.67,0,3,0,162.0938455854701,0
2026-01-22,16,1,43,69.8,0,2,0,81.09413438905405,0
2026-01-22,16,2,29,69.8,0,2,0,41.612843797606615,0
2026-01-22,16,3,30,69.8,0,2,0,63.21177662065737,0
2026-01-22,17,1,54,252.64,0,17,0,61.6248710596943,0
2026-01-22,17,2,53,252.64,0,17,0,117.00411148891715,0
2026-01-22,17,3,51,252.64,0,17,0,54.99435981913719,0
2026-01-22,18,1,28,26.85,0,24,0,73.4727830557756,0
2026-01-22,18,2,32,26.85,0,24,0,89.00820173911208,0
2026-01-22,18,3,32,26.85,0,24,0,66.45497506498532,0
2026-01-22,19,1,67,455.57,0,24,0,82.193063363984,0
2026-01-22,19,2,70,455.57,0,24,0,127.29386496537325,0
2026-01-22,19,3,65,455.57,0,24,0,85.2436545397722,0
2026-01-22,20,1,40,136.8,0,25,0,42.29774747876814,0
2026-01-22,20,2,39,136.8,0,25,0,87.64300075967896,0
2026-01-22,20,3,42,136.8,0,25,0,121.64817083470045,0
2026-01-22,21,1,65,334.64,0,6,0,70.5524115069544,0
2026-01-22,21,2,63,334.64,0,6,0,103.2770656071388,0
2026-01-22,21,3,63,334.64,0,6,0,128.37588222181012,0
2026-01-22,22,1,39,162.74,0,4,0,81.31860490782684,0
2026-01-22,22,2,41,162.74,0,4,0,120.12119833788267,0
2026-01-22,22,3,41,162.74,0,4,0,44.935225324373505,1
2026-01-22,23,1,43,264.83,0,14,1,103.3849957927327,0
2026-01-22,23,2,48,264.83,0,13,0,79.3834750248062,0
2026-01-22,23,3,55,264.83,0,13,0,75.9666500447335,0
2026-01-22,24,1,49,277.89,0,9,0,37.141976958464916,0
2026-01-22,24,2,61,277.89,0,9,0,94.32374896453429,0
2026-01-22,24,3,55,277.89,0,9,0,98.24404766785014,0
2026-01-22,25,1,32,100.58,0,23,0,65.76476074256865,0
2026-01-22,25,2,37,100.58,0,23,0,30.756153454631512,0
2026-01-22,25,3,35,100.58,0,23,0,98.28226436754535,0
2026-01-22,26,1,71,485.1,0,28,0,136.37415606558355,0
2026-01-22,26,2,83,485.1,0,28,0,192.70716905863566,0
2026-01-22,26,3,80,485.1,0,28,0,83.16223728373163,0
2026-01-22,27,1,64,389.82,0,4,0,82.00356341188903,0
2026-01-22,27,2,60,389.82,0,4,0,31.465834712922188,0
2026-01-22,27,3,66,389.82,0,4,0,103.39318662360509,0
2026-01-22,28,1,66,470.35,0,2,0,36.80370926845967,0
2026-01-22,28,2,69,470.35,0,2,0,164.15454502073038,0
2026-01-22,28,3,79,470.35,0,2,0,97.23861628249242,0
2026-01-22,29,1,76,448.47,0,4,0,137.40652818565164,0
2026-01-22,29,2,70,448.47,0,4,0,125.25381827251474,0
2026-01-22,29,3,62,448.47,0,4,0,91.72095357880782,0
2026-01-22,30,1,49,302.97,0,6,0,100.92861152509232,0
2026-01-22,30,2,62,302.97,0,6,0,68.74176517370321,0
2026-01-22,30,3,54,302.97,0,6,0,145.13296016280728,0
2026-01-22,31,1,79,461.72,0,16,0,51.75885199993095,0
2026-01-22,31,2,60,461.72,0,16,0,55.40986884489109,0
2026-01-22,31,3,152,461.72,1,16,0,371.31810512719994,0
2026-01-22,32,1,38,53.36,0,15,0,66.36932401029694,0
2026-01-22,32,2,29,53.36,0,15,0,51.050765505302934,0
2026-01-22,32,3,31,53.36,0,15,0,76.42805266232628,0
2026-01-22,33,1,40,106.03,0,4,0,99.23509643549306,0
2026-01-22,33,2,41,106.03,0,4,0,65.57627164853471,0
2026-01-22,33,3,39,106.03,0,4,0,83.44385279269702,0
2026-01-22,34,1,33,32.16,0,2,0,39.59419378665658,0
2026-01-22,34,2,21,32.16,0,2,0,58.69901951910367,0
2026-01-22,34,3,30,32.16,0,2,0,69.5319546918177,0
2026-01-22,35,1,39,169.41,0,6,0,20.19517697154809,0
2026-01-22,35,2,37,169.41,0,6,0,51.723470176735276,0
2026-01-22,35,3,47,169.41,0,6,0,49.46728350902713,0
2026-01-22,36,1,49,200.45,0,27,0,100.75420658105708,0
2026-01-22,36,2,48,200.45,0,27,0,129.4345916169087,0
2026-01-22,36,3,47,200.45,0,27,0,68.10225314913669,0
2026-01-22,37,1,44,142.96,0,24,0,29.235437375225906,0
2026-01-22,37,2,43,142.96,0,24,0,52.880283482461934,0
2026-01-22,37,3,36,142.96,0,24,0,32.634036756332875,0
2026-01-22,38,1,60,416.08,0,15,0,109.56160319631051,0
2026-01-22,38,2,66,416.08,0,15,0,57.3611762851312,1
2026-01-22,38,3,66,416.08,0,15,0,185.3845548944773,0
2026-01-22,39,1,47,184.81,0,11,3,111.29483922991614,0
2026-01-22,39,2,47,184.81,0,8,0,120.305590226032,0
2026-01-22,39,3,47,184.81,0,8,0,76.50893819137337,0
2026-01-22,40,1,45,147.66,0,31,3,83.34135796478351,0
2026-01-22,40,2,39,147.66,0,28,0,25.82840288093031,0
2026-01-22,40,3,43,147.66,0,28,0,87.94474199023645,0
2026-01-22,41,1,51,275.92,0,10,0,151.15371800511534,0
2026-01-22,41,2,52,275.92,0,10,0,87.75217840914445,0
2026-01-22,41,3,57,275.92,0,12,2,75.86399893256095,0
2026-01-22,42,1,25,79.05,0,16,0,43.81011414746027,0
2026-01-22,42,2,40,79.05,0,16,0,28.86362338930926,0
2026-01-22,42,3,31,79.05,0,16,0,15.859663976095538,1
2026-01-22,43,1,74,403.08,0,16,0,133.06110895320398,0
2026-01-22,43,2,71,403.08,0,16,0,179.6534487800394,0
2026-01-22,43,3,56,403.08,0,16,0,40.48386680609369,0
2026-01-22,44,1,43,46.53,0,27,0,49.69910055853568,0
2026-01-22,44,2,26,46.53,0,27,0,22.01804716213341,0
2026-01-22,44,3,29,46.53,0,30,3,75.28999506602226,0
2026-01-22,45,1,86,493.57,0,11,0,127.76111326779971,0
2026-01-22,45,2,75,493.57,0,11,0,205.3901358875662,0
2026-01-22,45,3,76,493.57,0,11,0,186.02809860446922,0
2026-01-22,46,1,53,388.4,0,29,0,121.09740923497753,0
2026-01-22,46,2,53,388.4,0,29,0,40.786636785382974,0
2026-01-22,46,3,70,388.4,0,29,0,79.0438956755543,0
2026-01-22,47,1,36,107.37,0,14,0,73.53688770056038,0
2026-01-22,47,2,38,107.37,0,14,0,76.19470663718833,0
2026-01-22,47,3,36,107.37,0,14,0,27.79934544280492,0
2026-01-22,48,1,27,12.71,0,29,9,62.633410860100014,0
2026-01-22,48,2,27,12.71,0,20,0,62.96305313459661,0
2026-01-22,48,3,27,12.71,0,20,0,76.38300852822303,0
2026-01-22,49,1,66,409.58,0,8,0,131.16348917113618,0
2026-01-22,49,2,72,409.58,0,8,0,182.82480790400382,0
2026-01-22,49,3,62,409.58,0,8,0,152.69019138740893,0
2026-01-22,50,1,63,356.36,0,18,0,186.83649566706166,0
2026-01-22,50,2,60,356.36,0,18,0,32.70999526437962,0
2026-01-22,50,3,69,356.36,0,18,0,72.63349775219434,0
2026-01-23,1,1,62,394.74,0,4,0,139.592815696965,0
2026-01-23,1,2,61,394.74,0,4,0,56.272705330041724,0
2026-01-23,1,3,59,394.74,0,4,0,96.1977454156065,0
2026-01-23,2,1,36,107.84,0,4,0,36.45734257314674,0
2026-01-23,2,2,31,107.84,0,4,0,19.06207801836105,0
2026-01-23,2,3,71,107.84,1,4,0,178.40030854698819,0
2026-01-23,3,1,54,261.97,0,2,0,160.46583819605328,0
2026-01-23,3,2,44,261.97,0,11,9,75.98879743979731,0
2026-01-23,3,3,47,261.97,0,2,0,82.97498506448629,0
2026-01-23,4,1,57,300.28,0,28,0,31.16827171570067,0
2026-01-23,4,2,64,300.28,0,28,0,141.19206723046403,0
2026-01-23,4,3,64,300.28,0,28,0,113.12047847938751,0
2026-01-23,5,1,31,32.76,0,6,0,27.649631393462673,0
2026-01-23,5,2,29,32.76,0,6,0,34.94197871784179,0
2026-01-23,5,3,29,32.76,0,6,0,23.54928100553359,0
2026-01-23,6,1,53,307.7,0,11,0,130.49093559619917,0
2026-01-23,6,2,58,307.7,0,11,0,135.68236523455013,1
2026-01-23,6,3,56,307.7,0,11,0,47.67332138521202,0
2026-01-23,7,1,30,93.56,0,8,0,40.716699719704195,0
2026-01-23,7,2,28,93.56,0,8,0,77.0283722995547,0
2026-01-23,7,3,36,93.56,0,8,0,32.89677620444186,0
2026-01-23,8,1,30,41.88,0,27,0,51.013008139469214,0
2026-01-23,8,2,25,41.88,0,27,0,54.965458488537365,0
2026-01-23,8,3,39,41.88,0,27,0,59.562950751387326,1
2026-01-23,9,1,71,474.95,0,10,0,210.65266853593647,0
2026-01-23,9,2,72,474.95,0,10,0,168.94026731404023,0
2026-01-23,9,3,71,474.95,0,10,0,164.16451476424683,0
2026-01-23,10,1,70,483.16,0,29,0,147.12833787880297,0
2026-01-23,10,2,71,483.16,0,29,0,39.09796150696684,0
2026-01-23,10,3,69,483.16,0,29,0,156.6943418139203,0
2026-01-23,11,1,72,406.11,0,8,0,50.03690993819699,0
2026-01-23,11,2,62,406.11,0,12,4,158.79154165940548,0
2026-01-23,11,3,66,406.11,0,8,0,173.63423162009798,0
2026-01-23,12,1,34,159.26,0,10,0,31.88162534034318,0
2026-01-23,12,2,43,159.26,0,10,0,40.39554483010203,0
2026-01-23,12,3,33,159.26,0,10,0,70.55249962834156,0
2026-01-23,13,1,36,57.86,0,9,0,99.72669622766318,0
2026-01-23,13,2,34,57.86,0,9,0,45.14908910887292,1
2026-01-23,13,3,28,57.86,0,9,0,49.95138934585033,0
2026-01-23,14,1,64,345.27,0,13,0,159.40519012720995,0
2026-01-23,14,2,53,345.27,0,13,0,124.98436930652822,0
2026-01-23,14,3,52,345.27,0,13,0,81.99754445554916,0
2026-01-23,15,1,49,225.67,0,3,0,72.40268079320997,0
2026-01-23,15,2,41,225.67,0,3,0,21.286256927203347,0
2026-01-23,15,3,49,225.67,0,3,0,52.39503096817843,0
2026-01-23,16,1,37,69.8,0,2,0,40.4146485044206,0
2026-01-23,16,2,37,69.8,0,2,0,110.84230361182634,0
2026-01-23,16,3,34,69.8,0,2,0,65.95474423000215,0
2026-01-23,17,1,48,252.64,0,17,0,36.34940911473898,1
2026-01-23,17,2,38,252.64,0,17,0,62.37736286153121,1
2026-01-23,17,3,54,252.64,0,17,0,151.40802733156448,0
2026-01-23,18,1,31,26.85,0,24,0,86.4234429210205,0
2026-01-23,18,2,21,26.85,0,24,0,38.38550971334904,0
2026-01-23,18,3,31,26.85,0,24,0,45.96050591460284,0
2026-01-23,19,1,78,455.57,0,24,0,211.01101265170936,0
2026-01-23,19,2,75,455.57,0,24,0,208.0705622604708,0
2026-01-23,19,3,70,455.57,0,24,0,77.31752333150173,1
2026-01-23,20,1,41,136.8,0,25,0,64.16870668080507,0
2026-01-23,20,2,35,136.8,0,25,0,45.87048605773225,0
2026-01-23,20,3,43,136.8,0,25,0,74.11067041585063,0
2026-01-23,21,1,56,334.64,0,6,0,36.15700389574732,0
2026-01-23,21,2,59,334.64,0,6,0,138.21024887753438,0
2026-01-23,21,3,60,334.64,0,6,0,163.4109175652347,0
2026-01-23,22,1,40,162.74,0,4,0,33.475591140668456,0
2026-01-23,22,2,46,162.74,0,4,0,103.91618431249411,0
2026-01-23,22,3,51,162.74,0,4,0,66.04897597102392,1
2026-01-23,23,1,52,264.83,0,13,0,86.92268544122928,0
2026-01-23,23,2,49,264.83,0,13,0,38.065236502526496,0
2026-01-23,23,3,47,264.83,0,13,0,76.61899705479667,0
2026-01-23,24,1,60,277.89,0,9,0,57.16680742751096,1
2026-01-23,24,2,53,277.89,0,9,0,46.72500284771753,0
2026-01-23,24,3,101,277.89,1,9,0,73.17380968339722,0
2026-01-23,25,1,40,100.58,0,23,0,89.66063873608118,0
2026-01-23,25,2,40,100.58,0,23,0,80.97114892418672,0
2026-01-23,25,3,39,100.58,0,25,2,46.04133308187812,0
2026-01-23,26,1,76,485.1,0,28,0,72.0027452556502,0
2026-01-23,26,2,70,485.1,0,28,0,188.32446231970127,0
2026-01-23,26,3,77,485.1,0,28,0,50.44482763232081,0
2026-01-23,27,1,65,389.82,0,4,0,176.62676357774555,0
2026-01-23,27,2,65,389.82,0,4,0,148.01728948232562,0
2026-01-23,27,3,68,389.82,0,4,0,195.55517162443647,0
2026-01-23,28,1,69,470.35,0,2,0,148.73770194745535,0
2026-01-23,28,2,77,470.35,0,2,0,65.17038267060364,1
2026-01-23,28,3,75,470.35,0,2,0,189.30981226320972,0
2026-01-23,29,1,74,448.47,0,4,0,115.72335428816339,0
2026-01-23,29,2,72,448.47,0,4,0,196.56460242539524,0
2026-01-23,29,3,66,448.47,0,4,0,143.14225500698797,0
2026-01-23,30,1,59,302.97,0,6,0,167.92380323612005,0
2026-01-23,30,2,57,302.97,0,6,0,82.71333437664947,0
2026-01-23,30,3,61,302.97,0,6,0,101.8358804103703,0
2026-01-23,31,1,61,461.72,0,16,0,67.06641017371724,0
2026-01-23,31,2,67,461.72,0,16,0,129.63117186322947,0
2026-01-23,31,3,69,461.72,0,16,0,198.5200784045217,0
2026-01-23,32,1,62,53.36,1,15,0,120.93021000343643,0
2026-01-23,32,2,26,53.36,0,15,0,33.36630908983551,0
2026-01-23,32,3,32,53.36,0,15,0,22.81712695214167,1
2026-01-23,33,1,35,106.03,0,4,0,97.57481470777205,0
2026-01-23,33,2,32,106.03,0,4,0,93.81021931171351,0
2026-01-23,33,3,39,106.03,0,4,0,116.50762364688933,0
2026-01-23,34,1,24,32.16,0,2,0,37.9160054018086,0
2026-01-23,34,2,31,32.16,0,2,0,83.92361126500177,0
2026-01-23,34,3,30,32.16,0,2,0,38.19807491139732,0
2026-01-23,35,1,49,169.41,0,6,0,64.55240648309662,0
2026-01-23,35,2,38,169.41,0,6,0,104.22739429953896,0
2026-01-23,35,3,51,169.41,0,6,0,27.173071009108273,0
2026-01-23,36,1,43,200.45,0,27,0,100.16204716045256,0
2026-01-23,36,2,47,200.45,0,27,0,90.36610048183367,0
2026-01-23,36,3,45,200.45,0,27,0,126.53320108493965,0
2026-01-23,37,1,38,142.96,0,24,0,54.84214381526779,0
2026-01-23,37,2,42,142.96,0,24,0,32.29576378495559,1
2026-01-23,37,3,36,142.96,0,24,0,100.25299791596737,0
2026-01-23,38,1,69,416.08,0,15,0,75.95567756484704,0
2026-01-23,38,2,71,416.08,0,15,0,115.22067544609465,0
2026-01-23,38,3,73,416.08,0,15,0,186.03499177302047,1
2026-01-23,39,1,46,184.81,0,8,0,113.40499858315091,0
2026-01-23,39,2,52,184.81,0,8,0,100.53078679429787,0
2026-01-23,39,3,39,184.81,0,8,0,84.95506803254304,0
2026-01-23,40,1,47,147.66,0,28,0,80.63855475128321,0
2026-01-23,40,2,37,147.66,0,28,0,73.07615331531687,0
2026-01-23,40,3,37,147.66,0,28,0,84.79904041918218,0
2026-01-23,41,1,57,275.92,0,10,0,79.57231901386886,1
2026-01-23,41,2,44,275.92,0,10,0,94.5674930361801,0
2026-01-23,41,3,50,275.92,0,10,0,33.40357944635131,0
2026-01-23,42,1,31,79.05,0,16,0,23.164040098629563,0
2026-01-23,42,2,29,79.05,0,16,0,36.36625855654444,0
2026-01-23,42,3,25,79.05,0,16,0,61.739574261593546,0
2026-01-23,43,1,61,403.08,0,16,0,93.69343332683218,0
2026-01-23,43,2,68,403.08,0,16,0,148.1606999392869,0
2026-01-23,43,3,62,403.08,0,22,6,63.03245612076091,0
2026-01-23,44,1,30,46.53,0,27,0,58.2847837891336,0
2026-01-23,44,2,28,46.53,0,27,0,49.71345812395242,0
2026-01-23,44,3,26,46.53,0,27,0,13.915283557817103,0
2026-01-23,45,1,64,493.57,0,11,0,70.84013941251625,0
2026-01-23,45,2,77,493.57,0,11,0,137.58831508647023,0
2026-01-23,45,3,71,493.57,0,11,0,109.51547708282213,0
2026-01-23,46,1,63,388.4,0,29,0,150.98193873801048,0
2026-01-23,46,2,60,388.4,0,29,0,59.98562185872589,0
2026-01-23,46,3,60,388.4,0,29,0,42.78604466942309,0
2026-01-23,47,1,44,107.37,0,14,0,66.93263842705534,0
2026-01-23,47,2,38,107.37,0,14,0,38.287818197145825,0
2026-01-23,47,3,33,107.37,0,14,0,93.29163144287116,0
2026-01-23,48,1,32,12.71,0,20,0,79.78595707202004,0
2026-01-23,48,2,26,12.71,0,20,0,42.90128490405873,0
2026-01-23,48,3,24,12.71,0,20,0,18.023755143171662,0
2026-01-23,49,1,71,409.58,0,8,0,143.53934134396692,1
2026-01-23,49,2,66,409.58,0,8,0,151.10496989713857,0
2026-01-23,49,3,62,409.58,0,8,0,104.41099476132638,0
2026-01-23,50,1,63,356.36,0,18,0,146.9885643297697,0
2026-01-23,50,2,124,356.36,1,18,0,237.3122944182874,1
2026-01-23,50,3,57,356.36,0,18,0,67.79759753803802,0
2026-01-24,1,1,79,394.74,0,4,0,55.98653067767883,1
2026-01-24,1,2,72,394.74,0,4,0,159.78249741238233,0
2026-01-24,1,3,71,394.74,0,4,0,150.71441107064226,0
2026-01-24,2,1,47,107.84,0,4,0,124.19611206670837,0
2026-01-24,2,2,49,107.84,0,4,0,26.045933105920632,1
2026-01-24,2,3,40,107.84,0,4,0,96.39555303101378,0
2026-01-24,3,1,59,261.97,0,2,0,163.6469827166144,0
2026-01-24,3,2,56,261.97,0,2,0,75.17001417059109,0
2026-01-24,3,3,52,261.97,0,2,0,73.2332673374456,0
2026-01-24,4,1,61,300.28,0,28,0,71.70622640388008,0
2026-01-24,4,2,59,300.28,0,28,0,162.31071661807118,0
2026-01-24,4,3,63,300.28,0,28,0,36.54586951623219,1
2026-01-24,5,1,33,32.76,0,6,0,94.89572346651852,0
2026-01-24,5,2,35,32.76,0,6,0,78.21967369849654,0
2026-01-24,5,3,29,32.76,0,6,0,81.2238218054603,0
2026-01-24,6,1,56,307.7,0,11,0,134.26775735948365,0
2026-01-24,6,2,58,307.7,0,11,0,170.1529899917372,0
2026-01-24,6,3,64,307.7,0,11,0,106.9089567623752,0
2026-01-24,7,1,37,93.56,0,8,0,30.2199206657065,0
2026-01-24,7,2,45,93.56,0,8,0,97.4469485669512,0
2026-01-24,7,3,39,93.56,0,8,0,84.45790314056427,0
2026-01-24,8,1,31,41.88,0,27,0,78.84558626139079,0
2026-01-24,8,2,36,41.88,0,27,0,32.223808779873615,0
2026-01-24,8,3,34,41.88,0,27,0,85.04331989263348,0
2026-01-24,9,1,76,474.95,0,10,0,179.0927050820237,0
2026-01-24,9,2,73,474.95,0,10,0,190.69243737829797,0
2026-01-24,9,3,77,474.95,0,10,0,218.2586704394188,0
2026-01-24,10,1,73,483.16,0,29,0,216.50516195561949,0
2026-01-24,10,2,80,483.16,0,29,0,181.46899183821125,0
2026-01-24,10,3,71,483.16,0,29,0,43.86722721789395,0
2026-01-24,11,1,69,406.11,0,8,0,94.9775809676332,0
2026-01-24,11,2,72,406.11,0,8,0,208.27013336645578,0
2026-01-24,11,3,75,406.11,0,8,0,132.48174601072674,0
2026-01-24,12,1,50,159.26,0,10,0,75.04306477704691,0
2026-01-24,12,2,53,159.26,0,10,0,30.6049763093167,0
2026-01-24,12,3,55,159.26,0,10,0,114.18474773760093,0
2026-01-24,13,1,41,57.86,0,9,0,25.74385020511781,0
2026-01-24,13,2,29,57.86,0,9,0,40.213049502959535,0
2026-01-24,13,3,42,57.86,0,9,0,78.51777516664575,0
2026-01-24,14,1,61,345.27,0,13,0,149.7326647722622,0
2026-01-24,14,2,73,345.27,0,13,0,107.19408274694835,0
2026-01-24,14,3,69,345.27,0,19,6,195.07560852775475,0
2026-01-24,15,1,45,225.67,0,3,0,109.5999965050515,0
2026-01-24,15,2,61,225.67,0,3,0,88.01035228618123,0
2026-01-24,15,3,50,225.67,0,3,0,144.9441767874875,0
2026-01-24,16,1,23,69.8,0,2,0,67.59565648004464,0
2026-01-24,16,2,42,69.8,0,2,0,51.942448471134384,0
2026-01-24,16,3,42,69.8,0,2,0,107.85376419909134,0
2026-01-24,17,1,44,252.64,0,17,0,113.45139120858076,0
2026-01-24,17,2,55,252.64,0,17,0,47.004350513895794,0
2026-01-24,17,3,58,252.64,0,17,0,150.68005752399307,0
2026-01-24,18,1,40,26.85,0,24,0,39.1594949684423,0
2026-01-24,18,2,34,26.85,0,24,0,68.95257390794644,0
2026-01-24,18,3,28,26.85,0,24,0,38.38716420714402,0
2026-01-24,19,1,76,455.57,0,24,0,221.542298264245,0
2026-01-24,19,2,69,455.57,0,24,0,64.93360516391424,0
2026-01-24,19,3,73,455.57,0,24,0,121.86113947839085,0
2026-01-24,20,1,46,136.8,0,25,0,101.74309178045317,0
2026-01-24,20,2,42,136.8,0,25,0,48.23341122258696,0
2026-01-24,20,3,48,136.8,0,25,0,63.34664623645737,0
2026-01-24,21,1,69,334.64,0,6,0,201.31705705688347,0
2026-01-24,21,2,61,334.64,0,6,0,178.02636311871322,0
2026-01-24,21,3,62,334.64,0,6,0,69.95350860244376,0
2026-01-24,22,1,47,162.74,0,4,0,138.85910338516376,0
2026-01-24,22,2,94,162.74,1,4,0,246.17002081357415,0
2026-01-24,22,3,39,162.74,0,4,0,68.25607684254528,0
2026-01-24,23,1,56,264.83,0,13,0,98.47657523822463,0
2026-01-24,23,2,61,264.83,0,13,0,34.39081620187737,0
2026-01-24,23,3,117,264.83,1,13,0,73.30367092147324,0
2026-01-24,24,1,55,277.89,0,9,0,133.62500416411314,0
2026-01-24,24,2,67,277.89,0,9,0,36.448422719975284,0
2026-01-24,24,3,63,277.89,0,9,0,170.75687871546455,0
2026-01-24,25,1,45,100.58,0,23,0,89.418417452886,0
2026-01-24,25,2,43,100.58,0,23,0,55.05969580831243,0
2026-01-24,25,3,43,100.58,0,23,0,72.3384668801842,0
2026-01-24,26,1,81,485.1,0,28,0,219.96793036728715,0
2026-01-24,26,2,79,485.1,0,28,0,156.97799463156983,0
2026-01-24,26,3,80,485.1,0,28,0,62.97661821575778,0
2026-01-24,27,1,76,389.82,0,4,0,119.18352454419227,0
2026-01-24,27,2,70,389.82,0,4,0,207.51764351736523,0
2026-01-24,27,3,72,389.82,0,4,0,81.40305943385141,0
2026-01-24,28,1,78,470.35,0,2,0,90.04905021502796,0
2026-01-24,28,2,82,470.35,0,2,0,179.85092553210222,0
2026-01-24,28,3,77,470.35,0,2,0,207.45133406146397,0
2026-01-24,29,1,78,448.47,0,4,0,144.587201345552,0
2026-01-24,29,2,74,448.47,0,4,0,212.3439283970566,0
2026-01-24,29,3,76,448.47,0,4,0,160.91849532532132,0
2026-01-24,30,1,66,302.97,0,6,0,195.07280229866595,0
2026-01-24,30,2,60,302.97,0,6,0,87.73191913264728,0
2026-01-24,30,3,55,302.97,0,6,0,70.82155784837568,0
2026-01-24,31,1,73,461.72,0,16,0,79.48138740909097,0
2026-01-24,31,2,80,461.72,0,16,0,44.612677399445396,0
2026-01-24,31,3,74,461.72,0,16,0,37.93741618199352,0
2026-01-24,32,1,35,53.36,0,15,0,90.71276947902949,0
2026-01-24,32,2,34,53.36,0,15,0,59.32916085915533,0
2026-01-24,32,3,26,53.36,0,15,0,54.93049272943893,0
2026-01-24,33,1,40,106.03,0,4,0,112.1866435515026,0
2026-01-24,33,2,72,106.03,1,4,0,183.71667240888877,0
2026-01-24,33,3,53,106.03,0,4,0,158.98296557132275,0
2026-01-24,34,1,27,32.16,0,2,0,37.428044677820765,0
2026-01-24,34,2,30,32.16,0,2,0,66.19336028175621,1
2026-01-24,34,3,33,32.16,0,2,0,77.50739581375953,0
2026-01-24,35,1,51,169.41,0,6,0,89.19419467038001,0
2026-01-24,35,2,47,169.41,0,6,0,108.21224898183151,0
2026-01-24,35,3,44,169.41,0,6,0,67.16644738638037,0
2026-01-24,36,1,52,200.45,0,27,0,33.389077940376545,0
2026-01-24,36,2,52,200.45,0,27,0,59.669489528952255,0
2026-01-24,36,3,54,200.45,0,27,0,79.492929801399,0
2026-01-24,37,1,39,142.96,0,24,0,59.662456219680855,0
2026-01-24,37,2,47,142.96,0,24,0,86.52371278758477,0
2026-01-24,37,3,51,142.96,0,24,0,71.14089775885735,0
2026-01-24,38,1,77,416.08,0,15,0,91.88793420324585,1
2026-01-24,38,2,71,416.08,0,15,0,152.88772723897338,0
2026-01-24,38,3,68,416.08,0,15,0,107.08975712347019,0
2026-01-24,39,1,55,184.81,0,12,4,35.73689638796252,0
2026-01-24,39,2,49,184.81,0,8,0,122.8511306186994,0
2026-01-24,39,3,50,184.81,0,8,0,80.60037387957912,0
2026-01-24,40,1,44,147.66,0,28,0,37.71767276114939,0
2026-01-24,40,2,43,147.66,0,28,0,34.552194771035076,0
2026-01-24,40,3,38,147.66,0,28,0,107.77329024246423,0
2026-01-24,41,1,53,275.92,0,10,0,26.77568469085786,0
2026-01-24,41,2,60,275.92,0,10,0,80.0747285553108,0
2026-01-24,41,3,62,275.92,0,10,0,34.9433396755281,0
2026-01-24,42,1,39,79.05,0,16,0,69.26357319570965,0
2026-01-24,42,2,30,79.05,0,16,0,38.81686047147635,0
2026-01-24,42,3,69,79.05,1,16,0,197.2536171239274,0
2026-01-24,43,1,72,403.08,0,16,0,187.77305279832322,0
2026-01-24,43,2,74,403.08,0,19,3,158.36848585542896,0
2026-01-24,43,3,78,403.08,0,16,0,172.10152445981902,0
2026-01-24,44,1,30,46.53,0,27,0,44.470870422491544,0
2026-01-24,44,2,30,46.53,0,27,0,89.33570803073526,0
2026-01-24,44,3,37,46.53,0,27,0,67.45454613338268,0
2026-01-24,45,1,79,493.57,0,11,0,100.2814237027178,0
2026-01-24,45,2,80,493.57,0,11,0,230.82271174810762,0
2026-01-24,45,3,84,493.57,0,11,0,147.67579065649548,0
2026-01-24,46,1,69,388.4,0,29,0,74.37766527993736,0
2026-01-24,46,2,75,388.4,0,29,0,140.02614928396594,0
2026-01-24,46,3,68,388.4,0,29,0,119.02876896130294,1
2026-01-24,47,1,44,107.37,0,14,0,114.29754329594512,0
2026-01-24,47,2,46,107.37,0,14,0,67.59027575759045,0
2026-01-24,47,3,40,107.37,0,14,0,114.15419645979667,0
2026-01-24,48,1,36,12.71,0,20,0,42.14979586073928,0
2026-01-24,48,2,25,12.71,0,20,0,13.154285832281415,0
2026-01-24,48,3,38,12.71,0,20,0,71.18779721433002,0
2026-01-24,49,1,73,409.58,0,8,0,159.22759079880748,0
2026-01-24,49,2,81,409.58,0,8,0,51.05254404349191,0
2026-01-24,49,3,65,409.58,0,8,0,81.91378463315905,0
2026-01-24,50,1,68,356.36,0,18,0,142.6093289531097,0
2026-01-24,50,2,61,356.36,0,18,0,141.69792217861414,0
2026-01-24,50,3,71,356.36,0,18,0,114.41311028517408,0
2026-01-25,1,1,63,394.74,0,4,0,127.32350835047289,0
2026-01-25,1,2,62,394.74,0,8,4,60.473848751454625,0
2026-01-25,1,3,62,394.74,0,4,0,136.96924086962355,0
2026-01-25,2,1,43,107.84,0,4,0,79.75220253056322,0
2026-01-25,2,2,49,107.84,0,4,0,141.26486812158345,0
2026-01-25,2,3,39,107.84,0,4,0,22.953349894884216,0
2026-01-25,3,1,51,261.97,0,2,0,136.62863674632402,0
2026-01-25,3,2,57,261.97,0,2,0,57.87849035994701,0
2026-01-25,3,3,53,261.97,0,2,0,93.1565714109451,0
2026-01-25,4,1,58,300.28,0,28,0,81.45774249361644,0
2026-01-25,4,2,60,300.28,0,28,0,108.83924847425602,0
2026-01-25,4,3,70,300.28,0,28,0,154.59965332315062,1
2026-01-25,5,1,35,32.76,0,6,0,87.57759241692821,0
2026-01-25,5,2,37,32.76,0,6,0,32.08589244961649,0
2026-01-25,5,3,41,32.76,0,14,8,77.2431399203178,0
2026-01-25,6,1,67,307.7,0,11,0,40.859515597995085,0
2026-01-25,6,2,58,307.7,0,11,0,170.10405131243158,0
2026-01-25,6,3,59,307.7,0,11,0,91.31964204715375,0
2026-01-25,7,1,34,93.56,0,8,0,91.9665725012625,0
2026-01-25,7,2,35,93.56,0,8,0,47.57012572048932,0
2026-01-25,7,3,37,93.56,0,8,0,109.14734428883715,0
2026-01-25,8,1,39,41.88,0,27,0,90.21536253940737,0
2026-01-25,8,2,39,41.88,0,27,0,58.49109142114296,0
2026-01-25,8,3,30,41.88,0,27,0,42.0749439772616,0
2026-01-25,9,1,87,474.95,0,10,0,256.096520862854,0
2026-01-25,9,2,76,474.95,0,15,5,225.27654437465634,0
2026-01-25,9,3,78,474.95,0,10,0,44.12741593033541,0
2026-01-25,10,1,81,483.16,0,37,8,55.809321751172504,0
2026-01-25,10,2,83,483.16,0,29,0,184.33328890459737,0
2026-01-25,10,3,80,483.16,0,29,0,155.2617639778113,0
2026-01-25,11,1,74,406.11,0,8,0,72.34335472122963,0
2026-01-25,11,2,74,406.11,0,8,0,162.32541662256557,0
2026-01-25,11,3,70,406.11,0,8,0,178.7779632600174,0
2026-01-25,12,1,43,159.26,0,10,0,56.20744399821615,0
2026-01-25,12,2,51,159.26,0,10,0,68.80873316457277,0
2026-01-25,12,3,52,159.26,0,10,0,126.58512580191305,0
2026-01-25,13,1,43,57.86,0,9,0,97.57284618519792,0
2026-01-25,13,2,32,57.86,0,9,0,38.93094822786085,0
2026-01-25,13,3,31,57.86,0,15,6,40.288413195545594,0
2026-01-25,14,1,71,345.27,0,13,0,179.05140193052313,0
2026-01-25,14,2,59,345.27,0,21,8,136.3012722140845,0
2026-01-25,14,3,58,345.27,0,13,0,141.7483789206623,0
2026-01-25,15,1,43,225.67,0,3,0,82.59899657611633,0
2026-01-25,15,2,54,225.67,0,3,0,99.18001191053912,0
2026-01-25,15,3,56,225.67,0,3,0,157.45025976153795,0
2026-01-25,16,1,33,69.8,0,2,0,57.23757354615367,0
2026-01-25,16,2,83,69.8,1,2,0,236.2034290546276,0
2026-01-25,16,3,32,69.8,0,2,0,52.41483024275067,0
2026-01-25,17,1,53,252.64,0,26,9,149.31559999657333,0
2026-01-25,17,2,50,252.64,0,17,0,48.56526388855834,0
2026-01-25,17,3,45,252.64,0,17,0,113.38145285931702,0
2026-01-25,18,1,33,26.85,0,24,0,72.77927070447345,0
2026-01-25,18,2,34,26.85,0,24,0,45.587762048090624,0
2026-01-25,18,3,33,26.85,0,24,0,86.86833823301329,0
2026-01-25,19,1,82,455.57,0,24,0,239.12520965915584,0
2026-01-25,19,2,69,455.57,0,24,0,128.3278495362565,0
2026-01-25,19,3,73,455.57,0,24,0,153.55190675388096,0
2026-01-25,20,1,49,136.8,0,25,0,47.937374079580955,0
2026-01-25,20,2,50,136.8,0,25,0,79.09911552585756,0
2026-01-25,20,3,47,136.8,0,25,0,48.01115236409692,0
2026-01-25,21,1,58,334.64,0,6,0,77.10324129375407,0
2026-01-25,21,2,72,334.64,0,6,0,99.61462161005116,0
2026-01-25,21,3,61,334.64,0,6,0,69.45023483736298,0
2026-01-25,22,1,86,162.74,1,4,0,175.10652259796558,0
2026-01-25,22,2,42,162.74,0,4,0,26.660808181985892,0
2026-01-25,22,3,50,162.74,0,4,0,121.57892356801771,0
2026-01-25,23,1,43,264.83,0,14,1,102.25724530761882,0
2026-01-25,23,2,67,264.83,0,13,0,129.26136670304285,0
2026-01-25,23,3,59,264.83,0,13,0,91.46889165185367,0
2026-01-25,24,1,52,277.89,0,9,0,27.396067633737722,0
2026-01-25,24,2,68,277.89,0,9,0,45.77975040932917,0
2026-01-25,24,3,58,277.89,0,9,0,46.20509748286154,0
2026-01-25,25,1,39,100.58,0,23,0,90.1253638899138,0
2026-01-25,25,2,45,100.58,0,23,0,132.52026903238175,0
2026-01-25,25,3,42,100.58,0,23,0,28.835000834714357,0
2026-01-25,26,1,73,485.1,0,28,0,125.94155114662097,0
2026-01-25,26,2,83,485.1,0,28,0,228.98272937690444,0
2026-01-25,26,3,82,485.1,0,28,0,72.92870075878359,0
2026-01-25,27,1,70,389.82,0,4,0,110.42383486192966,0
2026-01-25,27,2,70,389.82,0,4,0,45.23875150365137,0
2026-01-25,27,3,74,389.82,0,4,0,107.65750433579949,0
2026-01-25,28,1,76,470.35,0,2,0,52.89380112434912,1
2026-01-25,28,2,80,470.35,0,2,0,97.76555600621558,0
2026-01-25,28,3,72,470.35,0,2,0,130.4700324842478,0
2026-01-25,29,1,71,448.47,0,4,0,155.17230346880748,0
2026-01-25,29,2,73,448.47,0,4,0,54.78120881426157,0
2026-01-25,29,3,69,448.47,0,4,0,57.36466439559083,0
2026-01-25,30,1,63,302.97,0,6,0,172.07055932511838,0
2026-01-25,30,2,63,302.97,0,6,0,54.521043225364366,0
2026-01-25,30,3,67,302.97,0,6,0,74.13667533970326,0
2026-01-25,31,1,79,461.72,0,16,0,54.42805575007584,1
2026-01-25,31,2,77,461.72,0,16,0,159.62103030905973,0
2026-01-25,31,3,83,461.72,0,16,0,165.51904156577007,0
2026-01-25,32,1,42,53.36,0,15,0,77.41148856035056,1
2026-01-25,32,2,40,53.36,0,15,0,112.32393837281877,0
2026-01-25,32,3,29,53.36,0,15,0,44.23986288305609,0
2026-01-25,33,1,49,106.03,0,4,0,49.45600158648815,0
2026-01-25,33,2,38,106.03,0,4,0,76.05297732575978,0
2026-01-25,33,3,43,106.03,0,4,0,67.38545150716514,0
2026-01-25,34,1,34,32.16,0,2,0,64.01887877206815,0
2026-01-25,34,2,35,32.16,0,2,0,41.82133874896118,0
2026-01-25,34,3,27,32.16,0,2,0,60.77656662538259,0
2026-01-25,35,1,48,169.41,0,6,0,80.13477245670498,0
2026-01-25,35,2,58,169.41,0,6,0,101.45513741848745,0
2026-01-25,35,3,41,169.41,0,6,0,58.80395989796286,0
2026-01-25,36,1,42,200.45,0,27,0,94.11793302622961,0
2026-01-25,36,2,53,200.45,0,27,0,47.45751047924896,0
2026-01-25,36,3,51,200.45,0,27,0,78.7446690310556,0
2026-01-25,37,1,51,142.96,0,24,0,149.82709964833003,0
2026-01-25,37,2,40,142.96,0,24,0,57.15412244495886,0
2026-01-25,37,3,49,142.96,0,24,0,138.0502263322133,1
2026-01-25,38,1,71,416.08,0,15,0,127.86962011375081,0
2026-01-25,38,2,69,416.08,0,15,0,141.64364900228725,0
2026-01-25,38,3,146,416.08,1,15,0,284.1334308862342,0
2026-01-25,39,1,45,184.81,0,8,0,79.97968986684161,0
2026-01-25,39,2,51,184.81,0,8,0,128.56161586249948,0
2026-01-25,39,3,51,184.81,0,8,0,34.6478654387785,0
2026-01-25,40,1,45,147.66,0,28,0,109.28027123102561,0
2026-01-25,40,2,84,147.66,1,28,0,251.10712768250121,0
2026-01-25,40,3,45,147.66,0,28,0,58.106490739907706,0
2026-01-25,41,1,58,275.92,0,10,0,86.50389139017872,0
2026-01-25,41,2,65,275.92,0,10,0,141.77059031888075,0
2026-01-25,41,3,63,275.92,0,10,0,74.20010250483017,0
2026-01-25,42,1,41,79.05,0,16,0,36.94883882249679,0
2026-01-25,42,2,46,79.05,0,16,0,121.78941249782444,0
2026-01-25,42,3,40,79.05,0,16,0,27.098919115138646,1
2026-01-25,43,1,62,403.08,0,16,0,154.38575900385214,1
2026-01-25,43,2,72,403.08,0,16,0,164.90431136764252,0
2026-01-25,43,3,67,403.08,0,16,0,124.91772880543976,0
2026-01-25,44,1,42,46.53,0,27,0,29.650082603233116,0
2026-01-25,44,2,34,46.53,0,27,0,48.14258834180974,0
2026-01-25,44,3,34,46.53,0,27,0,82.04568244316447,0
2026-01-25,45,1,82,493.57,0,11,0,194.27271286643239,0
2026-01-25,45,2,80,493.57,0,11,0,43.04330593819544,0
2026-01-25,45,3,76,493.57,0,11,0,157.43993095808966,0
2026-01-25,46,1,74,388.4,0,29,0,56.71413349209457,0
2026-01-25,46,2,60,388.4,0,29,0,135.9841221484497,0
2026-01-25,46,3,66,388.4,0,29,0,49.902949178387814,0
2026-01-25,47,1,39,107.37,0,14,0,40.779261169878204,0
2026-01-25,47,2,46,107.37,0,14,0,63.80216321735794,0
2026-01-25,47,3,44,107.37,0,14,0,50.830328689794904,0
2026-01-25,48,1,33,12.71,0,20,0,78.72165393554143,0
2026-01-25,48,2,36,12.71,0,20,0,91.08940849776808,0
2026-01-25,48,3,27,12.71,0,20,0,52.33826499367108,0
2026-01-25,49,1,63,409.58,0,8,0,57.18287410921001,0
2026-01-25,49,2,73,409.58,0,8,0,210.38683686541918,0
2026-01-25,49,3,71,409.58,0,8,0,124.62773700194842,0
2026-01-25,50,1,71,356.36,0,18,0,195.77836844209855,0
2026-01-25,50,2,70,356.36,0,18,0,156.75770914863162,0
2026-01-25,50,3,59,356.36,0,18,0,157.6774126728909,0
2026-01-26,1,1,70,394.74,0,7,3,116.81954589670211,0
2026-01-26,1,2,65,394.74,0,4,0,178.0287811781176,0
2026-01-26,1,3,66,394.74,0,4,0,158.28838881543632,0
2026-01-26,2,1,40,107.84,0,4,0,107.70386290433045,1
2026-01-26,2,2,39,107.84,0,4,0,37.48991957087438,0
2026-01-26,2,3,33,107.84,0,4,0,77.43211068737874,0
2026-01-26,3,1,50,261.97,0,2,0,29.107840724392474,0
2026-01-26,3,2,45,261.97,0,2,0,123.70333685198578,0
2026-01-26,3,3,48,261.97,0,2,0,62.38031079503605,0
2026-01-26,4,1,50,300.28,0,28,0,73.17802226083055,0
2026-01-26,4,2,57,300.28,0,28,0,44.530958988478666,0
2026-01-26,4,3,55,300.28,0,28,0,139.25038179684304,0
2026-01-26,5,1,33,32.76,0,6,0,40.36491473226944,0
2026-01-26,5,2,34,32.76,0,6,0,33.63564026890254,0
2026-01-26,5,3,32,32.76,0,9,3,87.63708462071789,0
2026-01-26,6,1,62,307.7,0,11,0,61.2137362427103,0
2026-01-26,6,2,63,307.7,0,11,0,121.48265363631505,0
2026-01-26,6,3,52,307.7,0,11,0,140.59724345077186,0
2026-01-26,7,1,39,93.56,0,8,0,47.38116624885613,0
2026-01-26,7,2,30,93.56,0,8,0,39.96771034833795,0
2026-01-26,7,3,40,93.56,0,14,6,114.40666492637298,0
2026-01-26,8,1,20,41.88,0,27,0,12.117632544392807,0
2026-01-26,8,2,33,41.88,0,27,0,57.367958227336274,0
2026-01-26,8,3,36,41.88,0,27,0,87.06218949384709,0
2026-01-26,9,1,70,474.95,0,10,0,163.00344562402245,0
2026-01-26,9,2,72,474.95,0,10,0,47.20817559343,0
2026-01-26,9,3,78,474.95,0,10,0,65.01073591683773,0
2026-01-26,10,1,73,483.16,0,29,0,132.9133091859164,0
2026-01-26,10,2,72,483.16,0,29,0,96.03293838992269,0
2026-01-26,10,3,77,483.16,0,29,0,226.6563654487436,0
2026-01-26,11,1,71,406.11,0,8,0,50.17127346769325,0
2026-01-26,11,2,69,406.11,0,8,0,188.52029102659756,0
2026-01-26,11,3,74,406.11,0,8,0,168.84516445270083,0
2026-01-26,12,1,37,159.26,0,10,0,78.02703174143012,0
2026-01-26,12,2,38,159.26,0,10,0,38.79251545249606,0
2026-01-26,12,3,30,159.26,0,10,0,88.32600661530516,0
2026-01-26,13,1,32,57.86,0,9,0,50.91086999743044,0
2026-01-26,13,2,36,57.86,0,9,0,95.3250176093632,0
2026-01-26,13,3,35,57.86,0,9,0,63.88314305404207,1
2026-01-26,14,1,64,345.27,0,13,0,98.1398873400031,0
2026-01-26,14,2,72,345.27,0,13,0,198.22787370059444,0
2026-01-26,14,3,71,345.27,0,13,0,77.22973796055852,0
2026-01-26,15,1,47,225.67,0,3,0,73.64140205897111,0
2026-01-26,15,2,46,225.67,0,3,0,43.94256516945259,0
2026-01-26,15,3,57,225.67,0,3,0,54.950093425661464,0
2026-01-26,16,1,27,69.8,0,2,0,29.56674011495578,0
2026-01-26,16,2,38,69.8,0,2,0,102.45863732206885,0
2026-01-26,16,3,29,69.8,0,2,0,25.511764146258763,0
2026-01-26,17,1,49,252.64,0,17,0,89.4991213240117,0
2026-01-26,17,2,99,252.64,1,17,0,124.95314471757621,0
2026-01-26,17,3,45,252.64,0,17,0,119.43412012735972,0
2026-01-26,18,1,32,26.85,0,24,0,72.0489778910653,0
2026-01-26,18,2,30,26.85,0,24,0,39.725968029759365,0
2026-01-26,18,3,34,26.85,0,24,0,82.12969128731592,0
2026-01-26,19,1,73,455.57,0,24,0,147.27750017851588,0
2026-01-26,19,2,68,455.57,0,24,0,171.08652107837798,0
2026-01-26,19,3,72,455.57,0,24,0,158.6372947283454,0
2026-01-26,20,1,40,136.8,0,25,0,86.76564377298364,0
2026-01-26,20,2,41,136.8,0,25,0,104.06186590428054,0
2026-01-26,20,3,40,136.8,0,25,0,119.04570074037514,0
2026-01-26,21,1,60,334.64,0,6,0,87.6493832645552,0
2026-01-26,21,2,49,334.64,0,6,0,116.69787145526081,0
2026-01-26,21,3,60,334.64,0,6,0,134.72526166439735,0
2026-01-26,22,1,29,162.74,0,4,0,40.318571690739205,0
2026-01-26,22,2,44,162.74,0,4,0,95.4670132351498,0
2026-01-26,22,3,88,162.74,1,4,0,222.90224879548418,0
2026-01-26,23,1,55,264.83,0,13,0,37.84529481588804,0
2026-01-26,23,2,49,264.83,0,13,0,25.004677630602057,0
2026-01-26,23,3,45,264.83,0,13,0,52.20178674070576,0
2026-01-26,24,1,56,277.89,0,9,0,84.17577489706127,0
2026-01-26,24,2,52,277.89,0,9,0,136.42586616329413,0
2026-01-26,24,3,55,277.89,0,9,0,44.867614910532566,0
2026-01-26,25,1,47,100.58,0,23,0,103.84944976206731,0
2026-01-26,25,2,28,100.58,0,23,0,80.35786958811482,0
2026-01-26,25,3,39,100.58,0,32,9,102.07923781649423,0
2026-01-26,26,1,69,485.1,0,28,0,103.2391263765353,0
2026-01-26,26,2,78,485.1,0,28,0,133.75015523781988,0
2026-01-26,26,3,71,485.1,0,28,0,174.5903221619821,0
2026-01-26,27,1,72,389.82,0,4,0,95.42298382717891,0
2026-01-26,27,2,59,389.82,0,4,0,82.53946215318953,0
2026-01-26,27,3,53,389.82,0,4,0,83.88502184894504,0
2026-01-26,28,1,67,470.35,0,2,0,162.2511916101912,0
2026-01-26,28,2,72,470.35,0,2,0,191.66424641299218,0
2026-01-26,28,3,79,470.35,0,2,0,115.87627713625241,0
2026-01-26,29,1,76,448.47,0,4,0,134.0601338476288,0
2026-01-26,29,2,63,448.47,0,4,0,157.45510061314232,0
2026-01-26,29,3,72,448.47,0,4,0,49.423234184996524,0
2026-01-26,30,1,58,302.97,0,6,0,162.25375069400917,0
2026-01-26,30,2,60,302.97,0,6,0,128.56111354038183,0
2026-01-26,30,3,55,302.97,0,6,0,151.72512246075544,0
2026-01-26,31,1,67,461.72,0,25,9,97.85861512159094,0
2026-01-26,31,2,72,461.72,0,16,0,114.88094901883798,0
2026-01-26,31,3,69,461.72,0,16,0,180.30426291254352,0
2026-01-26,32,1,26,53.36,0,15,0,67.41458303613263,0
2026-01-26,32,2,28,53.36,0,15,0,82.10099273753339,0
2026-01-26,32,3,35,53.36,0,15,0,80.73981718001689,0
2026-01-26,33,1,38,106.03,0,12,8,109.34381595555395,0
2026-01-26,33,2,40,106.03,0,4,0,28.019216144490436,0
2026-01-26,33,3,24,106.03,0,4,0,30.41359093134477,0
2026-01-26,34,1,39,32.16,0,2,0,35.27637354902692,0
2026-01-26,34,2,35,32.16,0,2,0,30.56912665016274,0
2026-01-26,34,3,30,32.16,0,2,0,36.64950454386033,0
2026-01-26,35,1,39,169.41,0,6,0,29.845223432252244,0
2026-01-26,35,2,46,169.41,0,6,0,104.366099649608,0
2026-01-26,35,3,49,169.41,0,6,0,28.963837047665777,1
2026-01-26,36,1,48,200.45,0,27,0,72.70225264020252,0
2026-01-26,36,2,42,200.45,0,27,0,97.01860874724379,0
2026-01-26,36,3,43,200.45,0,27,0,60.99301531459384,0
2026-01-26,37,1,40,142.96,0,24,0,49.26499645385542,0
2026-01-26,37,2,45,142.96,0,24,0,28.812541333470772,0
2026-01-26,37,3,39,142.96,0,24,0,64.32381780145387,0
2026-01-26,38,1,68,416.08,0,15,0,57.677340434524254,0
2026-01-26,38,2,65,416.08,0,15,0,156.58259705343002,0
2026-01-26,38,3,70,416.08,0,15,0,68.6965046870724,0
2026-01-26,39,1,54,184.81,0,8,0,150.84987187984044,0
2026-01-26,39,2,43,184.81,0,8,0,38.87378967126365,0
2026-01-26,39,3,42,184.81,0,8,0,47.49208076556206,0
2026-01-26,40,1,39,147.66,0,28,0,54.31094590436665,0
2026-01-26,40,2,44,147.66,0,28,0,57.359446984659314,0
2026-01-26,40,3,32,147.66,0,28,0,23.48782449013234,0
2026-01-26,41,1,57,275.92,0,10,0,77.61094642784751,0
2026-01-26,41,2,53,275.92,0,10,0,93.18735276589078,0
2026-01-26,41,3,56,275.92,0,10,0,150.64061788506513,0
2026-01-26,42,1,25,79.05,0,16,0,18.444335888649487,0
2026-01-26,42,2,33,79.05,0,16,0,76.71886264822847,0
2026-01-26,42,3,33,79.05,0,16,0,79.75351413102518,0
2026-01-26,43,1,63,403.08,0,17,1,147.15623687546233,0
2026-01-26,43,2,64,403.08,0,16,0,186.66458741243878,0
2026-01-26,43,3,59,403.08,0,16,0,40.96251641411135,0
2026-01-26,44,1,38,46.53,0,27,0,99.55530459910449,0
2026-01-26,44,2,28,46.53,0,27,0,33.07845765431518,0
2026-01-26,44,3,30,46.53,0,27,0,35.62433473424392,0
2026-01-26,45,1,76,493.57,0,11,0,101.13124656184355,0
2026-01-26,45,2,82,493.57,0,11,0,182.90794430231128,0
2026-01-26,45,3,76,493.57,0,11,0,205.50683878806925,0
2026-01-26,46,1,66,388.4,0,29,0,157.8830058230401,0
2026-01-26,46,2,69,388.4,0,29,0,129.65906197691328,0
2026-01-26,46,3,65,388.4,0,29,0,48.216972952058555,0
2026-01-26,47,1,36,107.37,0,14,0,93.78139677466572,0
2026-01-26,47,2,44,107.37,0,14,0,26.209055948823142,0
2026-01-26,47,3,37,107.37,0,14,0,106.47355321333512,0
2026-01-26,48,1,29,12.71,0,20,0,38.77845751963889,0
2026-01-26,48,2,32,12.71,0,26,6,68.34865603257776,0
2026-01-26,48,3,32,12.71,0,20,0,70.78587936536502,1
2026-01-26,49,1,67,409.58,0,8,0,185.36480804824262,0
2026-01-26,49,2,65,409.58,0,8,0,90.34032725245962,1
2026-01-26,49,3,65,409.58,0,8,0,105.1727202327021,0
2026-01-26,50,1,66,356.36,0,18,0,169.26115646628057,0
2026-01-26,50,2,60,356.36,0,18,0,90.64752204220308,0
2026-01-26,50,3,61,356.36,0,18,0,31.799512939040746,0
2026-01-27,1,1,65,394.74,0,4,0,66.30545953379604,0
2026-01-27,1,2,70,394.74,0,6,2,73.28661939597139,0
2026-01-27,1,3,58,394.74,0,4,0,133.53521950957716,0
2026-01-27,2,1,42,107.84,0,4,0,93.03175727789527,0
2026-01-27,2,2,30,107.84,0,4,0,83.08999002995687,0
2026-01-27,2,3,38,107.84,0,4,0,61.834188189184864,0
2026-01-27,3,1,107,261.97,1,2,0,181.63971152600877,0
2026-01-27,3,2,48,261.97,0,2,0,135.01039589833687,0
2026-01-27,3,3,45,261.97,0,2,0,131.25348188936115,0
2026-01-27,4,1,61,300.28,0,28,0,164.86689544847547,0
2026-01-27,4,2,54,300.28,0,28,0,72.15660009155938,0
2026-01-27,4,3,50,300.28,0,28,0,29.761588948691063,0
2026-01-27,5,1,27,32.76,0,6,0,49.45271022194279,0
2026-01-27,5,2,33,32.76,0,6,0,19.86876749162773,0
2026-01-27,5,3,15,32.76,0,6,0,40.58249169815512,0
2026-01-27,6,1,64,307.7,0,11,0,100.6345561098822,0
2026-01-27,6,2,57,307.7,0,11,0,122.51358102839812,0
2026-01-27,6,3,62,307.7,0,11,0,33.11019282469564,0
2026-01-27,7,1,41,93.56,0,8,0,98.56676471090272,0
2026-01-27,7,2,28,93.56,0,12,4,15.038228971820661,0
2026-01-27,7,3,34,93.56,0,8,0,75.83836525678058,0
2026-01-27,8,1,30,41.88,0,27,0,85.98821558848991,1
2026-01-27,8,2,32,41.88,0,27,0,65.45075610448623,0
2026-01-27,8,3,32,41.88,0,27,0,52.629924173794564,0
2026-01-27,9,1,81,474.95,0,10,0,186.2444817091435,0
2026-01-27,9,2,78,474.95,0,10,0,174.84996119441405,0
2026-01-27,9,3,73,474.95,0,10,0,43.49106801343981,1
2026-01-27,10,1,79,483.16,0,29,0,154.87844047857598,0
2026-01-27,10,2,75,483.16,0,29,0,223.69944688450514,0
2026-01-27,10,3,77,483.16,0,29,0,152.62616782750223,0
2026-01-27,11,1,69,406.11,0,8,0,46.81758217974879,0
2026-01-27,11,2,69,406.11,0,8,0,147.92341348525088,0
2026-01-27,11,3,64,406.11,0,8,0,187.29258483162863,0
2026-01-27,12,1,41,159.26,0,10,0,113.73017266307612,0
2026-01-27,12,2,38,159.26,0,10,0,32.430656006200245,0
2026-01-27,12,3,51,159.26,0,10,0,78.78508121768742,0
2026-01-27,13,1,38,57.86,0,9,0,78.28415438960312,0
2026-01-27,13,2,28,57.86,0,9,0,50.57989459774993,0
2026-01-27,13,3,24,57.86,0,9,0,47.51835557256349,0
2026-01-27,14,1,55,345.27,0,13,0,139.1266769057644,0
2026-01-27,14,2,66,345.27,0,13,0,182.43775535218614,0
2026-01-27,14,3,53,345.27,0,13,0,47.66141098383714,0
2026-01-27,15,1,47,225.67,0,3,0,121.65886292826025,0
2026-01-27,15,2,45,225.67,0,3,0,132.96364362877478,0
2026-01-27,15,3,45,225.67,0,3,0,134.13004123314366,0
2026-01-27,16,1,35,69.8,0,2,0,17.58443416131185,0
2026-01-27,16,2,35,69.8,0,2,0,71.71941438972763,0
2026-01-27,16,3,29,69.8,0,2,0,85.1426067378508,0
2026-01-27,17,1,54,252.64,0,17,0,64.44731279192307,0
2026-01-27,17,2,51,252.64,0,24,7,30.87128646150689,0
2026-01-27,17,3,55,252.64,0,24,7,137.11198301093026,0
2026-01-27,18,1,22,26.85,0,24,0,57.015145957383154,0
2026-01-27,18,2,25,26.85,0,24,0,48.73308669518783,0
2026-01-27,18,3,30,26.85,0,24,0,73.13305713794777,0
2026-01-27,19,1,69,455.57,0,24,0,122.60499895429366,0
2026-01-27,19,2,79,455.57,0,24,0,229.4459196379868,0
2026-01-27,19,3,76,455.57,0,24,0,176.06103537203103,0
2026-01-27,20,1,76,136.8,1,25,0,148.50166926253104,0
2026-01-27,20,2,43,136.8,0,25,0,54.782177174295725,0
2026-01-27,20,3,44,136.8,0,25,0,65.75571390450125,0
2026-01-27,21,1,53,334.64,0,6,0,90.13826862224658,0
2026-01-27,21,2,54,334.64,0,6,0,42.526634773392516,0
2026-01-27,21,3,69,334.64,0,8,2,152.98802795718876,0
2026-01-27,22,1,49,162.74,0,4,0,57.70913052728567,0
2026-01-27,22,2,37,162.74,0,4,0,67.9995435295716,0
2026-01-27,22,3,46,162.74,0,4,0,26.86903959253264,0
2026-01-27,23,1,54,264.83,0,13,0,70.83029851561689,0
2026-01-27,23,2,48,264.83,0,13,0,94.33803889956316,0
2026-01-27,23,3,49,264.83,0,13,0,62.13302738584084,0
2026-01-27,24,1,62,277.89,0,9,0,75.92449666884426,0
2026-01-27,24,2,53,277.89,0,9,0,74.2608687916446,0
2026-01-27,24,3,56,277.89,0,9,0,54.64497124184247,0
2026-01-27,25,1,41,100.58,0,23,0,80.40525007441519,0
2026-01-27,25,2,38,100.58,0,23,0,87.5681763451919,0
2026-01-27,25,3,45,100.58,0,23,0,113.61881352970157,0
2026-01-27,26,1,78,485.1,0,28,0,230.914445364502,0
2026-01-27,26,2,78,485.1,0,28,0,171.27360990309634,0
2026-01-27,26,3,77,485.1,0,28,0,63.48757004318179,0
2026-01-27,27,1,66,389.82,0,4,0,164.88865259767226,0
2026-01-27,27,2,63,389.82,0,4,0,33.188841455865656,0
2026-01-27,27,3,65,389.82,0,4,0,186.71327783432568,0
2026-01-27,28,1,62,470.35,0,2,0,56.32412575200532,0
2026-01-27,28,2,139,470.35,1,2,0,101.59386923814358,0
2026-01-27,28,3,74,470.35,0,2,0,218.15821485858623,0
2026-01-27,29,1,70,448.47,0,4,0,157.31682129095387,0
2026-01-27,29,2,76,448.47,0,4,0,140.1227490384964,0
2026-01-27,29,3,80,448.47,0,4,0,45.216657336944365,0
2026-01-27,30,1,62,302.97,0,6,0,63.29159291072309,0
2026-01-27,30,2,54,302.97,0,6,0,150.129188084923,0
2026-01-27,30,3,61,302.97,0,6,0,69.69000852934109,0
2026-01-27,31,1,75,461.72,0,16,0,89.183293170427,0
2026-01-27,31,2,70,461.72,0,16,0,106.98463832262878,0
2026-01-27,31,3,72,461.72,0,16,0,179.94218458946654,0
2026-01-27,32,1,32,53.36,0,15,0,81.5518275764433,0
2026-01-27,32,2,39,53.36,0,15,0,93.05663534309296,0
2026-01-27,32,3,39,53.36,0,15,0,53.12821751192497,0
2026-01-27,33,1,39,106.03,0,4,0,107.55612469623262,0
2026-01-27,33,2,37,106.03,0,4,0,39.81391154548778,0
2026-01-27,33,3,43,106.03,0,4,0,23.899708836504644,0
2026-01-27,34,1,35,32.16,0,2,0,72.84670477038847,0
2026-01-27,34,2,35,32.16,0,2,0,104.83123468932075,0
2026-01-27,34,3,32,32.16,0,2,0,70.51567008958567,0
2026-01-27,35,1,45,169.41,0,6,0,68.23816913516167,0
2026-01-27,35,2,40,169.41,0,6,0,53.10942920003558,0
2026-01-27,35,3,46,169.41,0,6,0,111.95448401119883,0
2026-01-27,36,1,36,200.45,0,27,0,93.61135439210257,0
2026-01-27,36,2,40,200.45,0,27,0,94.5220126691518,0
2026-01-27,36,3,49,200.45,0,27,0,116.5433475063563,0
2026-01-27,37,1,46,142.96,0,24,0,23.50262415039141,0
2026-01-27,37,2,39,142.96,0,24,0,23.699074064844474,0
2026-01-27,37,3,42,142.96,0,24,0,22.508572714255912,0
2026-01-27,38,1,63,416.08,0,15,0,146.5681507127172,0
2026-01-27,38,2,69,416.08,0,15,0,94.33047003754423,0
2026-01-27,38,3,68,416.08,0,15,0,159.19087500199635,1
2026-01-27,39,1,48,184.81,0,11,3,41.704120687147594,0
2026-01-27,39,2,41,184.81,0,8,0,42.300936228938305,0
2026-01-27,39,3,46,184.81,0,8,0,120.71618117083106,0
2026-01-27,40,1,46,147.66,0,28,0,90.32655352073164,0
2026-01-27,40,2,39,147.66,0,28,0,75.69781539495813,0
2026-01-27,40,3,43,147.66,0,28,0,46.36493134686644,0
2026-01-27,41,1,58,275.92,0,10,0,56.7441844351944,0
2026-01-27,41,2,42,275.92,0,10,0,58.96295228629397,0
2026-01-27,41,3,53,275.92,0,10,0,143.95652613436172,0
2026-01-27,42,1,36,79.05,0,16,0,33.77435420184777,0
2026-01-27,42,2,40,79.05,0,16,0,110.76462659883302,0
2026-01-27,42,3,30,79.05,0,16,0,88.6040802588641,0
2026-01-27,43,1,67,403.08,0,16,0,144.92072697988817,0
2026-01-27,43,2,61,403.08,0,16,0,117.82515257210694,0
2026-01-27,43,3,63,403.08,0,16,0,146.3572324310097,0
2026-01-27,44,1,37,46.53,0,27,0,20.254831050394532,0
2026-01-27,44,2,33,46.53,0,27,0,25.792199433947243,0
2026-01-27,44,3,35,46.53,0,27,0,87.47923633673072,0
2026-01-27,45,1,72,493.57,0,11,0,61.82626855420948,0
2026-01-27,45,2,74,493.57,0,11,0,210.96980250478208,0
2026-01-27,45,3,78,493.57,0,11,0,45.79601551971936,0
2026-01-27,46,1,62,388.4,0,29,0,130.6876521216645,0
2026-01-27,46,2,52,388.4,0,29,0,106.8074502228107,0
2026-01-27,46,3,79,388.4,0,29,0,155.05807670007673,0
2026-01-27,47,1,43,107.37,0,14,0,113.67089560120301,0
2026-01-27,47,2,39,107.37,0,14,0,68.98813554288455,0
2026-01-27,47,3,39,107.37,0,14,0,114.19195787181867,0
2026-01-27,48,1,31,12.71,0,20,0,22.824951354630358,0
2026-01-27,48,2,23,12.71,0,20,0,16.869923710303038,0
2026-01-27,48,3,30,12.71,0,20,0,37.512659900375546,0
2026-01-27,49,1,66,409.58,0,8,0,104.64316961627749,0
2026-01-27,49,2,70,409.58,0,8,0,209.62672935987513,0
2026-01-27,49,3,66,409.58,0,8,0,176.69889131959752,0
2026-01-27,50,1,68,356.36,0,18,0,172.61154059010053,0
2026-01-27,50,2,71,356.36,0,18,0,85.8230313281608,0
2026-01-27,50,3,66,356.36,0,18,0,121.15648796267239,0
2026-01-28,1,1,71,394.74,0,4,0,199.58226392726536,0
2026-01-28,1,2,56,394.74,0,4,0,101.30913437922403,0
2026-01-28,1,3,128,394.74,1,4,0,67.88415898136284,0
2026-01-28,2,1,34,107.84,0,4,0,61.35430245936565,0
2026-01-28,2,2,34,107.84,0,4,0,87.65375633862803,0
2026-01-28,2,3,73,107.84,1,4,0,184.37902505458314,0
2026-01-28,3,1,60,261.97,0,2,0,175.05675808565454,0
2026-01-28,3,2,59,261.97,0,2,0,60.46861623672923,0
2026-01-28,3,3,52,261.97,0,2,0,76.87082564938402,0
2026-01-28,4,1,57,300.28,0,28,0,91.52343839212752,0
2026-01-28,4,2,61,300.28,0,28,0,132.3182297769218,0
2026-01-28,4,3,55,300.28,0,28,0,41.87223989026367,0
2026-01-28,5,1,32,32.76,0,6,0,58.831768081927216,0
2026-01-28,5,2,28,32.76,0,6,0,77.99870712006073,0
2026-01-28,5,3,31,32.76,0,6,0,80.03551258641093,0
2026-01-28,6,1,49,307.7,0,11,0,59.85093247567703,0
2026-01-28,6,2,59,307.7,0,11,0,55.71262006186231,0
2026-01-28,6,3,54,307.7,0,11,0,84.53764425905716,0
2026-01-28,7,1,34,93.56,0,8,0,26.25722533854038,0
2026-01-28,7,2,31,93.56,0,8,0,74.50136990358864,0
2026-01-28,7,3,32,93.56,0,8,0,18.63482382638766,0
2026-01-28,8,1,38,41.88,0,27,0,102.7100733606628,0
2026-01-28,8,2,40,41.88,0,27,0,80.55892735717903,0
2026-01-28,8,3,28,41.88,0,27,0,30.424792181914277,0
2026-01-28,9,1,79,474.95,0,10,0,49.31418649179806,0
2026-01-28,9,2,66,474.95,0,10,0,110.49602074116743,0
2026-01-28,9,3,79,474.95,0,14,4,97.31809047443377,0
2026-01-28,10,1,64,483.16,0,29,0,48.52418648510405,0
2026-01-28,10,2,71,483.16,0,29,0,100.80419146235256,1
2026-01-28,10,3,78,483.16,0,29,0,51.334536020487015,0
2026-01-28,11,1,56,406.11,0,8,0,111.45839433795665,0
2026-01-28,11,2,69,406.11,0,8,0,104.24366440852577,0
2026-01-28,11,3,65,406.11,0,8,0,34.46873139281038,0
2026-01-28,12,1,51,159.26,0,10,0,48.75940239986199,1
2026-01-28,12,2,45,159.26,0,10,0,88.95219146800335,0
2026-01-28,12,3,51,159.26,0,10,0,110.82351063186009,0
2026-01-28,13,1,33,57.86,0,9,0,19.10993842006692,0
2026-01-28,13,2,37,57.86,0,9,0,73.85005224595342,0
2026-01-28,13,3,30,57.86,0,9,0,15.84292369990327,0
2026-01-28,14,1,58,345.27,0,16,3,87.72395178285278,0
2026-01-28,14,2,66,345.27,0,13,0,162.5701336898094,0
2026-01-28,14,3,63,345.27,0,13,0,187.2911109300009,0
2026-01-28,15,1,52,225.67,0,3,0,106.38070057890386,0
2026-01-28,15,2,40,225.67,0,3,0,102.76273793621445,0
2026-01-28,15,3,54,225.67,0,3,0,132.56110903879073,0
2026-01-28,16,1,37,69.8,0,2,0,104.94932353105767,0
2026-01-28,16,2,32,69.8,0,2,0,67.30727691919972,0
2026-01-28,16,3,38,69.8,0,9,7,76.89934629511492,0
2026-01-28,17,1,52,252.64,0,17,0,41.06076497917779,0
2026-01-28,17,2,53,252.64,0,17,0,118.34001321315215,0
2026-01-28,17,3,53,252.64,0,17,0,131.22378979462408,0
2026-01-28,18,1,26,26.85,0,24,0,49.88992888980221,0
2026-01-28,18,2,39,26.85,0,24,0,87.77773212675649,0
2026-01-28,18,3,25,26.85,0,24,0,16.196213250974516,0
2026-01-28,19,1,71,455.57,0,24,0,42.862675663765295,0
2026-01-28,19,2,73,455.57,0,24,0,75.81852764790152,0
2026-01-28,19,3,65,455.57,0,24,0,72.01473069793096,0
2026-01-28,20,1,46,136.8,0,25,0,52.15694618970517,0
2026-01-28,20,2,48,136.8,0,25,0,135.2953536292112,0
2026-01-28,20,3,38,136.8,0,25,0,95.6033427015162,0
2026-01-28,21,1,59,334.64,0,6,0,162.65577470867646,0
2026-01-28,21,2,60,334.64,0,6,0,162.88535665238456,1
2026-01-28,21,3,60,334.64,0,6,0,43.392884837690374,0
2026-01-28,22,1,35,162.74,0,4,0,88.94027217537304,0
2026-01-28,22,2,53,162.74,0,4,0,114.56737229393056,0
2026-01-28,22,3,47,162.74,0,4,0,130.1617989707555,0
2026-01-28,23,1,59,264.83,0,13,0,174.85855820931124,0
2026-01-28,23,2,58,264.83,0,13,0,120.41183738348029,0
2026-01-28,23,3,47,264.83,0,13,0,94.92286275516548,0
2026-01-28,24,1,58,277.89,0,9,0,157.61322489143845,0
2026-01-28,24,2,53,277.89,0,9,0,82.22268938340684,0
2026-01-28,24,3,53,277.89,0,9,0,148.48134147842114,0
2026-01-28,25,1,42,100.58,0,23,0,61.141186570901056,0
2026-01-28,25,2,43,100.58,0,23,0,70.74987401434501,0
2026-01-28,25,3,43,100.58,0,23,0,22.200503936876594,0
2026-01-28,26,1,72,485.1,0,28,0,121.33136234781138,0
2026-01-28,26,2,78,485.1,0,28,0,46.30975968944134,0
2026-01-28,26,3,84,485.1,0,28,0,134.002005825991,0
2026-01-28,27,1,63,389.82,0,4,0,157.89407033380687,0
2026-01-28,27,2,52,389.82,0,4,0,94.74329953448733,0
2026-01-28,27,3,74,389.82,0,4,0,219.37324988847652,0
2026-01-28,28,1,78,470.35,0,2,0,70.49716484835595,0
2026-01-28,28,2,80,470.35,0,2,0,125.83050091037954,0
2026-01-28,28,3,78,470.35,0,2,0,70.75226843674525,0
2026-01-28,29,1,70,448.47,0,4,0,195.29240420649364,0
2026-01-28,29,2,63,448.47,0,4,0,176.47034326358624,0
2026-01-28,29,3,65,448.47,0,4,0,144.00611882874784,0
2026-01-28,30,1,54,302.97,0,6,0,142.36225204072673,0
2026-01-28,30,2,55,302.97,0,6,0,27.976913145980618,0
2026-01-28,30,3,59,302.97,0,6,0,95.3342687937941,0
2026-01-28,31,1,75,461.72,0,16,0,98.5527200863992,0
2026-01-28,31,2,84,461.72,0,16,0,233.20836208572132,0
2026-01-28,31,3,71,461.72,0,16,0,83.3082049555815,0
2026-01-28,32,1,39,53.36,0,15,0,79.05516519848283,0
2026-01-28,32,2,36,53.36,0,21,6,98.78025688975477,0
2026-01-28,32,3,30,53.36,0,15,0,60.66399376666517,0
2026-01-28,33,1,31,106.03,0,4,0,78.65924248069994,0
2026-01-28,33,2,37,106.03,0,4,0,37.35926277915646,1
2026-01-28,33,3,36,106.03,0,4,0,57.786936609500806,0
2026-01-28,34,1,23,32.16,0,2,0,19.069335412999944,0
2026-01-28,34,2,25,32.16,0,2,0,13.141314275280964,0
2026-01-28,34,3,28,32.16,0,2,0,22.84156002186265,0
2026-01-28,35,1,44,169.41,0,6,0,52.37364862929513,0
2026-01-28,35,2,39,169.41,0,6,0,59.511891600423596,0
2026-01-28,35,3,38,169.41,0,6,0,30.092804182931836,0
2026-01-28,36,1,49,200.45,0,27,0,81.8540155040501,0
2026-01-28,36,2,46,200.45,0,27,0,104.11054196003768,0
2026-01-28,36,3,39,200.45,0,27,0,51.544850282780914,0
2026-01-28,37,1,43,142.96,0,24,0,118.71018994116567,0
2026-01-28,37,2,45,142.96,0,24,0,111.7880195968855,0
2026-01-28,37,3,33,142.96,0,24,0,35.4714842053263,0
2026-01-28,38,1,60,416.08,0,15,0,96.35471987447883,0
2026-01-28,38,2,70,416.08,0,22,7,46.29142194208784,0
2026-01-28,38,3,73,416.08,0,15,0,131.9120858151972,0
2026-01-28,39,1,48,184.81,0,8,0,137.29810910793807,0
2026-01-28,39,2,47,184.81,0,8,0,134.78537966210672,0
2026-01-28,39,3,38,184.81,0,8,0,92.04639675701013,0
2026-01-28,40,1,48,147.66,0,28,0,38.08848748363199,0
2026-01-28,40,2,45,147.66,0,28,0,125.09646523461288,0
2026-01-28,40,3,43,147.66,0,28,0,51.230717334679646,0
2026-01-28,41,1,55,275.92,0,10,0,140.40704244856846,0
2026-01-28,41,2,50,275.92,0,10,0,30.417341662809967,0
2026-01-28,41,3,50,275.92,0,10,0,120.33347704845525,0
2026-01-28,42,1,33,79.05,0,16,0,17.75585389804799,0
2026-01-28,42,2,33,79.05,0,16,0,26.772526178773685,0
2026-01-28,42,3,41,79.05,0,16,0,116.1746715290545,0
2026-01-28,43,1,74,403.08,0,16,0,113.92929929958548,0
2026-01-28,43,2,56,403.08,0,16,0,145.62468169522054,0
2026-01-28,43,3,62,403.08,0,16,0,161.58040167773976,0
2026-01-28,44,1,30,46.53,0,27,0,26.943179550741952,0
2026-01-28,44,2,29,46.53,0,27,0,71.99145479033369,0
2026-01-28,44,3,35,46.53,0,27,0,47.87480224579289,0
2026-01-28,45,1,71,493.57,0,11,0,146.97967927920047,0
2026-01-28,45,2,85,493.57,0,11,0,92.49475554242521,0
2026-01-28,45,3,75,493.57,0,11,0,221.2673838486141,0
2026-01-28,46,1,58,388.4,0,29,0,110.93248001210848,0
2026-01-28,46,2,63,388.4,0,34,5,96.59052543717188,0
2026-01-28,46,3,67,388.4,0,29,0,184.14266594575918,0
2026-01-28,47,1,30,107.37,0,14,0,49.49316914663706,0
2026-01-28,47,2,29,107.37,0,22,8,81.05224360084834,0
2026-01-28,47,3,36,107.37,0,14,0,73.675951686725,0
2026-01-28,48,1,30,12.71,0,20,0,59.986992701723295,0
2026-01-28,48,2,26,12.71,0,20,0,59.37223895854365,0
2026-01-28,48,3,26,12.71,0,20,0,33.15164651234094,0
2026-01-28,49,1,65,409.58,0,8,0,91.65179649412357,0
2026-01-28,49,2,65,409.58,0,8,0,64.60088188637827,1
2026-01-28,49,3,64,409.58,0,14,6,137.71663522386788,0
2026-01-28,50,1,59,356.36,0,18,0,103.96932821175093,0
2026-01-28,50,2,67,356.36,0,18,0,35.05003163634138,0
2026-01-28,50,3,61,356.36,0,18,0,37.63090210620285,0
2026-01-29,1,1,70,394.74,0,4,0,131.86756837032337,0
2026-01-29,1,2,60,394.74,0,4,0,42.179188623048645,0
2026-01-29,1,3,71,394.74,0,4,0,126.96213327989514,1
2026-01-29,2,1,47,107.84,0,4,0,34.26611192866672,1
2026-01-29,2,2,37,107.84,0,4,0,46.87583841039802,0
2026-01-29,2,3,50,107.84,0,11,7,111.82812554776179,0
2026-01-29,3,1,61,261.97,0,2,0,137.6466474354388,0
2026-01-29,3,2,43,261.97,0,2,0,33.34151625480989,0
2026-01-29,3,3,56,261.97,0,2,0,59.855086377216566,0
2026-01-29,4,1,53,300.28,0,28,0,77.62118827580842,0
2026-01-29,4,2,58,300.28,0,28,0,50.605334200508516,0
2026-01-29,4,3,51,300.28,0,32,4,28.29753711868941,0
2026-01-29,5,1,34,32.76,0,6,0,81.7281213225045,0
2026-01-29,5,2,40,32.76,0,6,0,51.22855758892552,0
2026-01-29,5,3,33,32.76,0,6,0,49.01272600719555,0
2026-01-29,6,1,53,307.7,0,11,0,112.60145960612071,0
2026-01-29,6,2,59,307.7,0,11,0,72.29766115659625,0
2026-01-29,6,3,61,307.7,0,11,0,138.8556988291192,0
2026-01-29,7,1,32,93.56,0,8,0,24.7629283981897,0
2026-01-29,7,2,27,93.56,0,8,0,55.38730445515447,0
2026-01-29,7,3,34,93.56,0,8,0,48.011490205253246,0
2026-01-29,8,1,22,41.88,0,27,0,59.359774434755735,0
2026-01-29,8,2,30,41.88,0,27,0,23.062449074418176,0
2026-01-29,8,3,38,41.88,0,27,0,25.933357899440335,0
2026-01-29,9,1,71,474.95,0,10,0,139.71084552368913,0
2026-01-29,9,2,77,474.95,0,10,0,180.26463110680427,0
2026-01-29,9,3,73,474.95,0,10,0,192.05347367385642,0
2026-01-29,10,1,68,483.16,0,29,0,110.01668265119895,0
2026-01-29,10,2,83,483.16,0,29,0,145.5489550318722,0
2026-01-29,10,3,73,483.16,0,32,3,87.76186593126349,0
2026-01-29,11,1,79,406.11,0,8,0,96.70508705019317,0
2026-01-29,11,2,66,406.11,0,8,0,94.86012327148465,0
2026-01-29,11,3,68,406.11,0,8,0,73.89081778152271,0
2026-01-29,12,1,45,159.26,0,10,0,53.36439343372909,0
2026-01-29,12,2,44,159.26,0,10,0,107.75392834520683,0
2026-01-29,12,3,39,159.26,0,10,0,93.4221134324414,0
2026-01-29,13,1,29,57.86,0,9,0,47.839650461545546,0
2026-01-29,13,2,29,57.86,0,9,0,36.71684134193762,0
2026-01-29,13,3,33,57.86,0,16,7,75.16666855917241,0
2026-01-29,14,1,116,345.27,1,13,0,126.21802819148752,0
2026-01-29,14,2,57,345.27,0,13,0,162.52969465785037,0
2026-01-29,14,3,55,345.27,0,13,0,96.88457763867605,0
2026-01-29,15,1,48,225.67,0,3,0,71.91304608186925,0
2026-01-29,15,2,52,225.67,0,3,0,41.410321806834276,0
2026-01-29,15,3,53,225.67,0,3,0,84.10460372679857,0
2026-01-29,16,1,28,69.8,0,2,0,73.8278245665008,0
2026-01-29,16,2,30,69.8,0,2,0,49.26743031858679,0
2026-01-29,16,3,32,69.8,0,2,0,70.63502381594769,0
2026-01-29,17,1,53,252.64,0,17,0,129.9543895923225,0
2026-01-29,17,2,52,252.64,0,17,0,89.69547292252689,0
2026-01-29,17,3,54,252.64,0,17,0,47.96954558795539,0
2026-01-29,18,1,31,26.85,0,24,0,85.36188565331662,0
2026-01-29,18,2,37,26.85,0,24,0,110.74147581762287,0
2026-01-29,18,3,29,26.85,0,24,0,79.41904480481769,0
2026-01-29,19,1,77,455.57,0,24,0,230.40534618982124,0
2026-01-29,19,2,77,455.57,0,24,0,109.06105559706863,0
2026-01-29,19,3,77,455.57,0,24,0,214.19987552201655,0
2026-01-29,20,1,41,136.8,0,25,0,46.64359387812118,0
2026-01-29,20,2,47,136.8,0,25,0,63.29395117428091,0
2026-01-29,20,3,52,136.8,0,25,0,37.119596708930054,0
2026-01-29,21,1,59,334.64,0,6,0,62.09792661788555,0
2026-01-29,21,2,54,334.64,0,6,0,49.880917114207655,1
2026-01-29,21,3,62,334.64,0,6,0,125.80533657432777,0
2026-01-29,22,1,39,162.74,0,4,0,43.4019319400015,0
2026-01-29,22,2,48,162.74,0,4,0,141.93630476460228,1
2026-01-29,22,3,47,162.74,0,4,0,131.3446788164704,0
2026-01-29,23,1,52,264.83,0,13,0,27.437071830611238,0
2026-01-29,23,2,53,264.83,0,13,0,79.5536276803299,0
2026-01-29,23,3,53,264.83,0,13,0,85.7192899508742,0
2026-01-29,24,1,59,277.89,0,9,0,44.62584857388537,0
2026-01-29,24,2,58,277.89,0,9,0,167.40192412594305,0
2026-01-29,24,3,48,277.89,0,9,0,111.34531464854078,0
2026-01-29,25,1,36,100.58,0,23,0,18.815678836797996,0
2026-01-29,25,2,41,100.58,0,24,1,66.80633453305776,0
2026-01-29,25,3,33,100.58,0,23,0,46.11131645027482,0
2026-01-29,26,1,76,485.1,0,28,0,154.02968035892735,0
2026-01-29,26,2,75,485.1,0,28,0,143.26062625196028,1
2026-01-29,26,3,73,485.1,0,28,0,119.07889118034056,0
2026-01-29,27,1,73,389.82,0,4,0,49.07601944758075,0
2026-01-29,27,2,78,389.82,0,4,0,73.83517652909828,0
2026-01-29,27,3,63,389.82,0,4,0,63.899602108188915,0
2026-01-29,28,1,72,470.35,0,2,0,180.25215646449035,0
2026-01-29,28,2,74,470.35,0,2,0,99.9563916256266,0
2026-01-29,28,3,70,470.35,0,2,0,176.1213045011425,0
2026-01-29,29,1,67,448.47,0,4,0,81.1511502672231,0
2026-01-29,29,2,72,448.47,0,4,0,42.679532076893395,0
2026-01-29,29,3,79,448.47,0,4,0,152.37439440215633,0
2026-01-29,30,1,51,302.97,0,6,0,53.762184004806656,0
2026-01-29,30,2,70,302.97,0,9,3,198.54956567432967,0
2026-01-29,30,3,55,302.97,0,6,0,157.00403043716153,0
2026-01-29,31,1,68,461.72,0,16,0,184.73741786385372,0
2026-01-29,31,2,77,461.72,0,16,0,39.13174442787573,0
2026-01-29,31,3,73,461.72,0,16,0,68.21877173250452,0
2026-01-29,32,1,33,53.36,0,15,0,61.773846661952945,0
2026-01-29,32,2,27,53.36,0,15,0,58.738443726258616,0
2026-01-29,32,3,28,53.36,0,15,0,29.828024116493367,0
2026-01-29,33,1,41,106.03,0,4,0,29.01081582503823,0
2026-01-29,33,2,30,106.03,0,4,0,35.36324450534165,0
2026-01-29,33,3,43,106.03,0,4,0,66.49422983042848,0
2026-01-29,34,1,31,32.16,0,2,0,70.46092711986819,0
2026-01-29,34,2,29,32.16,0,2,0,32.33897604724245,0
2026-01-29,34,3,35,32.16,0,2,0,47.12426328397786,0
2026-01-29,35,1,42,169.41,0,6,0,111.79618479938888,0
2026-01-29,35,2,46,169.41,0,6,0,111.72918814875793,0
2026-01-29,35,3,47,169.41,0,6,0,50.28208723711565,0
2026-01-29,36,1,44,200.45,0,27,0,51.610888031418995,0
2026-01-29,36,2,46,200.45,0,27,0,50.41740895641562,0
2026-01-29,36,3,53,200.45,0,27,0,44.10772481964496,0
2026-01-29,37,1,50,142.96,0,24,0,34.814715776477854,0
2026-01-29,37,2,36,142.96,0,33,9,93.72374695223965,0
2026-01-29,37,3,39,142.96,0,24,0,40.18923241284928,0
2026-01-29,38,1,70,416.08,0,15,0,201.51992614289682,0
2026-01-29,38,2,70,416.08,0,15,0,126.03658794235508,0
2026-01-29,38,3,66,416.08,0,15,0,132.28091087405585,0
2026-01-29,39,1,44,184.81,0,8,0,87.69192879250518,0
2026-01-29,39,2,43,184.81,0,8,0,57.77228712084606,0
2026-01-29,39,3,54,184.81,0,8,0,131.17304705655263,0
2026-01-29,40,1,44,147.66,0,28,0,59.77745199687247,0
2026-01-29,40,2,46,147.66,0,28,0,36.83054652871194,0
2026-01-29,40,3,34,147.66,0,28,0,89.73342627327254,0
2026-01-29,41,1,63,275.92,0,17,7,53.57463641808552,0
2026-01-29,41,2,58,275.92,0,10,0,60.46467317874594,0
2026-01-29,41,3,60,275.92,0,10,0,40.3027029329083,0
2026-01-29,42,1,27,79.05,0,16,0,72.96134163689929,0
2026-01-29,42,2,42,79.05,0,16,0,73.44352408815597,0
2026-01-29,42,3,32,79.05,0,16,0,76.85717022957313,0
2026-01-29,43,1,66,403.08,0,16,0,128.22433094228197,0
2026-01-29,43,2,70,403.08,0,16,0,181.16653044420892,0
2026-01-29,43,3,66,403.08,0,24,8,38.20116057567364,0
2026-01-29,44,1,33,46.53,0,27,0,54.44821086467943,0
2026-01-29,44,2,30,46.53,0,27,0,64.20060813531884,0
2026-01-29,44,3,26,46.53,0,27,0,36.34126492986542,0
2026-01-29,45,1,76,493.57,0,11,0,161.24977853180437,0
2026-01-29,45,2,72,493.57,0,11,0,100.70488373208148,0
2026-01-29,45,3,75,493.57,0,13,2,155.28938946867146,0
2026-01-29,46,1,62,388.4,0,29,0,51.78288704069728,0
2026-01-29,46,2,67,388.4,0,29,0,99.69453342235295,0
2026-01-29,46,3,64,388.4,0,29,0,112.79164204641353,0
2026-01-29,47,1,35,107.37,0,14,0,102.86789321948172,0
2026-01-29,47,2,31,107.37,0,14,0,56.73056384867749,0
2026-01-29,47,3,21,107.37,0,14,0,28.365039522665842,0
2026-01-29,48,1,34,12.71,0,20,0,85.05877440381425,0
2026-01-29,48,2,32,12.71,0,20,0,29.415785832983495,0
2026-01-29,48,3,29,12.71,0,20,0,68.20465059366747,0
2026-01-29,49,1,62,409.58,0,8,0,145.55126006226058,0
2026-01-29,49,2,73,409.58,0,8,0,66.06188416469294,0
2026-01-29,49,3,67,409.58,0,8,0,157.06822330817172,0
2026-01-29,50,1,59,356.36,0,18,0,88.36005475399523,0
2026-01-29,50,2,59,356.36,0,18,0,123.56748577124337,0
2026-01-29,50,3,63,356.36,0,18,0,145.8712111026177,0
2026-01-30,1,1,77,394.74,0,4,0,66.57719508507462,0
2026-01-30,1,2,66,394.74,0,4,0,115.44933156421062,0
2026-01-30,1,3,57,394.74,0,4,0,41.91591220035936,0
2026-01-30,2,1,33,107.84,0,4,0,52.18232041659011,1
2026-01-30,2,2,31,107.84,0,4,0,54.138217121837634,0
2026-01-30,2,3,39,107.84,0,4,0,64.18088453368881,0
2026-01-30,3,1,48,261.97,0,2,0,84.47783108236352,0
2026-01-30,3,2,62,261.97,0,2,0,58.707568038014976,0
2026-01-30,3,3,52,261.97,0,2,0,35.58674146835089,0
2026-01-30,4,1,61,300.28,0,31,3,53.23659416747281,0
2026-01-30,4,2,62,300.28,0,28,0,76.91261816900574,0
2026-01-30,4,3,56,300.28,0,28,0,161.56949829721918,0
2026-01-30,5,1,38,32.76,0,6,0,112.99795046330793,0
2026-01-30,5,2,41,32.76,0,6,0,43.42844469153649,0
2026-01-30,5,3,27,32.76,0,6,0,51.34990188347184,0
2026-01-30,6,1,55,307.7,0,11,0,110.13163021740058,0
2026-01-30,6,2,67,307.7,0,11,0,97.61017680477279,1
2026-01-30,6,3,60,307.7,0,11,0,63.85546057051647,0
2026-01-30,7,1,38,93.56,0,8,0,47.95495496899009,0
2026-01-30,7,2,40,93.56,0,8,0,93.88435092545264,0
2026-01-30,7,3,36,93.56,0,8,0,66.89606895362923,0
2026-01-30,8,1,36,41.88,0,27,0,85.10812176460725,0
2026-01-30,8,2,38,41.88,0,27,0,31.18056638017689,0
2026-01-30,8,3,32,41.88,0,27,0,51.89545095707743,0
2026-01-30,9,1,61,474.95,0,10,0,117.1984480421106,0
2026-01-30,9,2,79,474.95,0,10,0,78.79077147166257,0
2026-01-30,9,3,75,474.95,0,10,0,66.48984649940567,0
2026-01-30,10,1,76,483.16,0,29,0,130.6899122607778,0
2026-01-30,10,2,79,483.16,0,29,0,205.92146166243643,0
2026-01-30,10,3,85,483.16,0,29,0,99.07242872068956,0
2026-01-30,11,1,67,406.11,0,8,0,97.6471790594794,0
2026-01-30,11,2,62,406.11,0,8,0,34.142062765827546,0
2026-01-30,11,3,63,406.11,0,8,0,164.26178322025274,0
2026-01-30,12,1,44,159.26,0,10,0,126.32401928799669,0
2026-01-30,12,2,46,159.26,0,10,0,43.66626657684248,0
2026-01-30,12,3,49,159.26,0,10,0,130.1683003748028,0
2026-01-30,13,1,36,57.86,0,9,0,100.94143258589095,0
2026-01-30,13,2,40,57.86,0,9,0,94.39037629159088,0
2026-01-30,13,3,39,57.86,0,9,0,87.73281400102323,0
2026-01-30,14,1,56,345.27,0,13,0,34.82540282005433,0
2026-01-30,14,2,59,345.27,0,13,0,76.44706008467907,0
2026-01-30,14,3,64,345.27,0,13,0,191.4711420041858,0
2026-01-30,15,1,56,225.67,0,3,0,94.54808632311739,0
2026-01-30,15,2,101,225.67,1,3,0,245.89326869765173,0
2026-01-30,15,3,52,225.67,0,3,0,107.93246197963012,0
2026-01-30,16,1,37,69.8,0,2,0,43.102404798190896,0
2026-01-30,16,2,38,69.8,0,2,0,55.5779147171184,0
2026-01-30,16,3,35,69.8,0,2,0,98.14911973601994,1
2026-01-30,17,1,62,252.64,0,17,0,39.95577476978195,0
2026-01-30,17,2,54,252.64,0,17,0,89.49846595121747,0
2026-01-30,17,3,67,252.64,0,17,0,178.5831587251707,0
2026-01-30,18,1,36,26.85,0,24,0,93.63029874698694,0
2026-01-30,18,2,32,26.85,0,24,0,74.55018839771809,0
2026-01-30,18,3,26,26.85,0,24,0,16.372252427081243,0
2026-01-30,19,1,77,455.57,0,24,0,48.73554940453311,0
2026-01-30,19,2,70,455.57,0,24,0,176.75091059323918,0
2026-01-30,19,3,72,455.57,0,24,0,48.0512121021004,0
2026-01-30,20,1,49,136.8,0,25,0,136.45307086191517,0
2026-01-30,20,2,48,136.8,0,25,0,92.58314388448426,0
2026-01-30,20,3,34,136.8,0,25,0,72.65718006334235,0
2026-01-30,21,1,62,334.64,0,6,0,41.97539500815633,0
2026-01-30,21,2,59,334.64,0,6,0,109.50582794233098,0
2026-01-30,21,3,63,334.64,0,6,0,91.84074865825113,0
2026-01-30,22,1,43,162.74,0,4,0,41.23965840880005,0
2026-01-30,22,2,49,162.74,0,4,0,50.60578196175954,0
2026-01-30,22,3,47,162.74,0,4,0,36.43470070522146,0
2026-01-30,23,1,56,264.83,0,13,0,107.38502785065025,0
2026-01-30,23,2,56,264.83,0,13,0,109.46990669730098,0
2026-01-30,23,3,58,264.83,0,13,0,65.7334184929399,0
2026-01-30,24,1,57,277.89,0,9,0,114.7762838503278,0
2026-01-30,24,2,51,277.89,0,12,3,88.65096084542527,0
2026-01-30,24,3,56,277.89,0,9,0,102.39150093498743,0
2026-01-30,25,1,50,100.58,0,23,0,25.73020001518878,0
2026-01-30,25,2,38,100.58,0,23,0,70.39986616890513,0
2026-01-30,25,3,37,100.58,0,23,0,106.63628631659259,0
2026-01-30,26,1,70,485.1,0,28,0,38.48812924595093,0
2026-01-30,26,2,80,485.1,0,28,0,81.01696639439503,0
2026-01-30,26,3,75,485.1,0,28,0,192.10797568677086,0
2026-01-30,27,1,73,389.82,0,4,0,164.75124984425645,0
2026-01-30,27,2,60,389.82,0,4,0,110.87863060837977,0
2026-01-30,27,3,65,389.82,0,4,0,191.7661042550464,0
2026-01-30,28,1,76,470.35,0,2,0,64.92203427944403,0
2026-01-30,28,2,72,470.35,0,2,0,121.15815506821635,0
2026-01-30,28,3,76,470.35,0,2,0,125.15933215598099,0
2026-01-30,29,1,69,448.47,0,4,0,171.1345411590068,0
2026-01-30,29,2,65,448.47,0,12,8,190.47958766959854,0
2026-01-30,29,3,71,448.47,0,4,0,174.32242110804927,0
2026-01-30,30,1,68,302.97,0,6,0,106.6197142444116,0
2026-01-30,30,2,52,302.97,0,6,0,61.94375143903423,0
2026-01-30,30,3,54,302.97,0,6,0,123.9940189947499,0
2026-01-30,31,1,81,461.72,0,16,0,189.83898555954522,0
2026-01-30,31,2,73,461.72,0,16,0,91.43726088511005,0
2026-01-30,31,3,72,461.72,0,16,0,214.84752582810782,0
2026-01-30,32,1,25,53.36,0,15,0,73.01834739205945,0
2026-01-30,32,2,34,53.36,0,15,0,32.36292605583384,0
2026-01-30,32,3,29,53.36,0,15,0,55.581887080677106,0
2026-01-30,33,1,42,106.03,0,4,0,55.06731863286565,0
2026-01-30,33,2,36,106.03,0,4,0,89.84567489836417,0
2026-01-30,33,3,38,106.03,0,4,0,45.3828330892637,0
2026-01-30,34,1,37,32.16,0,2,0,35.565363096462654,0
2026-01-30,34,2,36,32.16,0,2,0,34.52139923878324,0
2026-01-30,34,3,32,32.16,0,2,0,27.305019559532816,0
2026-01-30,35,1,40,169.41,0,6,0,88.67889683583851,0
2026-01-30,35,2,40,169.41,0,6,0,54.01420207477571,0
2026-01-30,35,3,51,169.41,0,6,0,55.7093246263665,0
2026-01-30,36,1,41,200.45,0,27,0,77.66887689539683,0
2026-01-30,36,2,42,200.45,0,27,0,123.37232907330558,0
2026-01-30,36,3,51,200.45,0,27,0,93.48567779428676,0
2026-01-30,37,1,37,142.96,0,24,0,94.52310032555323,0
2026-01-30,37,2,44,142.96,0,24,0,90.79316396848662,0
2026-01-30,37,3,33,142.96,0,24,0,76.37005981960911,0
2026-01-30,38,1,73,416.08,0,15,0,76.91415814860343,0
2026-01-30,38,2,65,416.08,0,15,0,186.3018347608351,0
2026-01-30,38,3,71,416.08,0,15,0,178.4792015912436,0
2026-01-30,39,1,48,184.81,0,8,0,104.31482857838233,0
2026-01-30,39,2,48,184.81,0,8,0,32.066788194551734,0
2026-01-30,39,3,37,184.81,0,8,0,81.89906024663232,0
2026-01-30,40,1,46,147.66,0,28,0,32.181477105296025,0
2026-01-30,40,2,36,147.66,0,28,0,91.025434110997,0
2026-01-30,40,3,36,147.66,0,28,0,30.503990649640905,0
2026-01-30,41,1,59,275.92,0,10,0,55.76465215289799,0
2026-01-30,41,2,61,275.92,0,10,0,94.9408064154506,0
2026-01-30,41,3,56,275.92,0,10,0,89.98560000508655,0
2026-01-30,42,1,37,79.05,0,16,0,85.64337677331385,0
2026-01-30,42,2,30,79.05,0,16,0,80.18068613007767,0
2026-01-30,42,3,43,79.05,0,16,0,34.940898677926924,0
2026-01-30,43,1,77,403.08,0,16,0,97.8396629796789,0
2026-01-30,43,2,63,403.08,0,16,0,134.9691114257879,0
2026-01-30,43,3,66,403.08,0,16,0,55.53717483210995,0
2026-01-30,44,1,30,46.53,0,27,0,70.89209106233045,0
2026-01-30,44,2,25,46.53,0,27,0,23.551084861237047,0
2026-01-30,44,3,28,46.53,0,27,0,63.832807521467984,0
2026-01-30,45,1,77,493.57,0,11,0,105.41835177700641,0
2026-01-30,45,2,81,493.57,0,11,0,205.98834986635114,0
2026-01-30,45,3,77,493.57,0,17,6,173.4584677097182,0
2026-01-30,46,1,62,388.4,0,29,0,42.106075187455836,0
2026-01-30,46,2,67,388.4,0,29,0,143.4977898413088,0
2026-01-30,46,3,70,388.4,0,29,0,166.5104975399173,0
2026-01-30,47,1,27,107.37,0,14,0,55.746888727408546,0
2026-01-30,47,2,30,107.37,0,14,0,47.82929690905185,0
2026-01-30,47,3,44,107.37,0,14,0,70.45949764946815,0
2026-01-30,48,1,27,12.71,0,20,0,48.7542699204741,0
2026-01-30,48,2,18,12.71,0,20,0,18.60816515981034,0
2026-01-30,48,3,25,12.71,0,20,0,20.91005316705397,1
2026-01-30,49,1,60,409.58,0,11,3,76.35813630005246,0
2026-01-30,49,2,74,409.58,0,8,0,215.07537366486196,0
2026-01-30,49,3,61,409.58,0,8,0,127.45284099104668,0
2026-01-30,50,1,60,356.36,0,18,0,167.77652260328247,0
2026-01-30,50,2,53,356.36,0,18,0,36.74474005365951,0
2026-01-30,50,3,60,356.36,0,24,6,133.1689892121838,0
2026-01-31,1,1,71,394.74,0,4,0,71.66284554521062,0
2026-01-31,1,2,71,394.74,0,4,0,159.6381538067621,0
2026-01-31,1,3,67,394.74,0,4,0,55.74837249407107,0
2026-01-31,2,1,51,107.84,0,4,0,28.7518028567663,0
2026-01-31,2,2,38,107.84,0,4,0,38.708755616438495,0
2026-01-31,2,3,47,107.84,0,4,0,56.67061660133946,0
2026-01-31,3,1,67,261.97,0,2,0,170.48978347856146,0
2026-01-31,3,2,55,261.97,0,2,0,68.10119753437198,0
2026-01-31,3,3,63,261.97,0,2,0,96.08819047625818,0
2026-01-31,4,1,63,300.28,0,28,0,112.86537617804392,1
2026-01-31,4,2,69,300.28,0,28,0,146.5370101832693,0
2026-01-31,4,3,60,300.28,0,35,7,142.3115777496725,0
2026-01-31,5,1,35,32.76,0,6,0,103.20114367248831,0
2026-01-31,5,2,33,32.76,0,6,0,42.25333975446914,0
2026-01-31,5,3,34,32.76,0,6,0,82.37325286975081,0
2026-01-31,6,1,55,307.7,0,11,0,63.770314086637676,0
2026-01-31,6,2,64,307.7,0,11,0,91.9097851758423,0
2026-01-31,6,3,60,307.7,0,11,0,30.255754725339763,0
2026-01-31,7,1,44,93.56,0,8,0,54.79271087335138,0
2026-01-31,7,2,41,93.56,0,8,0,117.85317788407066,0
2026-01-31,7,3,48,93.56,0,8,0,43.13114482659624,0
2026-01-31,8,1,45,41.88,0,31,4,133.79250883707198,0
2026-01-31,8,2,34,41.88,0,27,0,40.2535837521983,0
2026-01-31,8,3,38,41.88,0,27,0,77.45458368660674,0
2026-01-31,9,1,77,474.95,0,10,0,115.49895988582871,0
2026-01-31,9,2,77,474.95,0,10,0,58.926841069950584,0
2026-01-31,9,3,87,474.95,0,10,0,115.74369432845451,0
2026-01-31,10,1,83,483.16,0,29,0,111.40595845281536,0
2026-01-31,10,2,81,483.16,0,29,0,58.084375139102335,0
2026-01-31,10,3,79,483.16,0,29,0,159.6556332470846,0
2026-01-31,11,1,84,406.11,0,8,0,237.9189975868182,0
2026-01-31,11,2,70,406.11,0,8,0,125.79571827344536,0
2026-01-31,11,3,72,406.11,0,8,0,214.93298484887848,1
2026-01-31,12,1,45,159.26,0,10,0,95.4816641409801,0
2026-01-31,12,2,57,159.26,0,10,0,104.21173725672458,0
2026-01-31,12,3,44,159.26,0,10,0,38.40076839163344,0
2026-01-31,13,1,34,57.86,0,9,0,64.63497835132694,0
2026-01-31,13,2,39,57.86,0,9,0,104.75778155317252,0
2026-01-31,13,3,47,57.86,0,9,0,43.35531088360595,0
2026-01-31,14,1,73,345.27,0,13,0,208.1873226077136,0
2026-01-31,14,2,69,345.27,0,13,0,152.5107466967641,0
2026-01-31,14,3,62,345.27,0,13,0,92.96551988945245,0
2026-01-31,15,1,56,225.67,0,3,0,118.39055091622257,0
2026-01-31,15,2,54,225.67,0,3,0,58.45392709370185,0
2026-01-31,15,3,51,225.67,0,3,0,116.89174873625392,0
2026-01-31,16,1,45,69.8,0,2,0,123.88685222933891,0
2026-01-31,16,2,40,69.8,0,2,0,53.007080044915455,0
2026-01-31,16,3,34,69.8,0,2,0,55.89320550364562,0
2026-01-31,17,1,60,252.64,0,17,0,37.55966913650726,0
2026-01-31,17,2,53,252.64,0,17,0,125.86405842450284,0
2026-01-31,17,3,54,252.64,0,17,0,105.88558087095144,0
2026-01-31,18,1,34,26.85,0,24,0,52.19005804520162,0
2026-01-31,18,2,41,26.85,0,24,0,37.116208931595644,0
2026-01-31,18,3,33,26.85,0,24,0,76.5216091604589,0
2026-01-31,19,1,82,455.57,0,24,0,41.22376590970617,0
2026-01-31,19,2,79,455.57,0,24,0,144.56427587021744,0
2026-01-31,19,3,64,455.57,0,24,0,78.4410624697377,0
2026-01-31,20,1,43,136.8,0,25,0,33.9719899625075,0
2026-01-31,20,2,40,136.8,0,25,0,61.102711186931145,0
2026-01-31,20,3,45,136.8,0,25,0,29.24011978659909,0
2026-01-31,21,1,69,334.64,0,6,0,146.38386615493062,0
2026-01-31,21,2,62,334.64,0,6,0,99.91988422043106,0
2026-01-31,21,3,70,334.64,0,6,0,112.03228410796376,0
2026-01-31,22,1,45,162.74,0,4,0,42.671504783435005,0
2026-01-31,22,2,47,162.74,0,4,0,138.4660213187121,0
2026-01-31,22,3,46,162.74,0,4,0,84.42286141628904,0
2026-01-31,23,1,62,264.83,0,13,0,37.237333054848946,0
2026-01-31,23,2,53,264.83,0,21,8,62.07971297840532,0
2026-01-31,23,3,57,264.83,0,13,0,146.58375919184635,0
2026-01-31,24,1,66,277.89,0,9,0,50.32963068872182,0
2026-01-31,24,2,66,277.89,0,9,0,57.35626977741153,0
2026-01-31,24,3,55,277.89,0,9,0,148.5939189695366,0
2026-01-31,25,1,52,100.58,0,23,0,90.51592452116125,0
2026-01-31,25,2,35,100.58,0,23,0,29.60920184314213,0
2026-01-31,25,3,40,100.58,0,23,0,100.26396960775403,0
2026-01-31,26,1,82,485.1,0,28,0,187.79875847184712,0
2026-01-31,26,2,78,485.1,0,28,0,61.46903515537138,0
2026-01-31,26,3,81,485.1,0,28,0,241.85637272526355,0
2026-01-31,27,1,64,389.82,0,4,0,62.73554721491264,0
2026-01-31,27,2,70,389.82,0,4,0,194.21698736224067,0
2026-01-31,27,3,74,389.82,0,4,0,62.042991293055444,0
2026-01-31,28,1,81,470.35,0,2,0,171.43298644160228,0
2026-01-31,28,2,85,470.35,0,2,0,191.92083896184792,1
2026-01-31,28,3,76,470.35,0,2,0,178.16004309341682,0
2026-01-31,29,1,78,448.47,0,4,0,117.14316486490178,0
2026-01-31,29,2,81,448.47,0,4,0,181.5102299358015,0
2026-01-31,29,3,80,448.47,0,4,0,82.06674045785303,0
2026-01-31,30,1,67,302.97,0,6,0,156.6321290597685,0
2026-01-31,30,2,65,302.97,0,6,0,120.6960045453969,0
2026-01-31,30,3,73,302.97,0,6,0,209.05924336129806,1
2026-01-31,31,1,92,461.72,0,16,0,239.6271935507939,0
2026-01-31,31,2,79,461.72,0,16,0,165.8514118048973,0
2026-01-31,31,3,75,461.72,0,16,0,167.29239907741993,0
2026-01-31,32,1,36,53.36,0,15,0,105.26278220179154,0
2026-01-31,32,2,39,53.36,0,15,0,78.41876353461335,0
2026-01-31,32,3,36,53.36,0,15,0,106.96913419614039,0
2026-01-31,33,1,39,106.03,0,4,0,80.9097799257716,1
2026-01-31,33,2,47,106.03,0,4,0,51.12930751798081,0
2026-01-31,33,3,38,106.03,0,4,0,75.72715148999688,0
2026-01-31,34,1,38,32.16,0,2,0,83.07085334728193,0
2026-01-31,34,2,30,32.16,0,2,0,50.50937643148267,0
2026-01-31,34,3,33,32.16,0,2,0,81.82026206478169,0
2026-01-31,35,1,49,169.41,0,6,0,108.43449171529564,0
2026-01-31,35,2,51,169.41,0,6,0,81.1129461007981,0
2026-01-31,35,3,50,169.41,0,6,0,84.95514112185919,0
2026-01-31,36,1,56,200.45,0,27,0,152.52445790643554,0
2026-01-31,36,2,109,200.45,1,27,0,72.38982036044067,0
2026-01-31,36,3,51,200.45,0,27,0,126.51257474271807,0
2026-01-31,37,1,44,142.96,0,24,0,127.25556978169806,0
2026-01-31,37,2,40,142.96,0,24,0,56.63071188441145,0
2026-01-31,37,3,51,142.96,0,24,0,139.69291920775927,0
2026-01-31,38,1,77,416.08,0,15,0,188.19096630151873,0
2026-01-31,38,2,68,416.08,0,15,0,112.53558661134761,0
2026-01-31,38,3,66,416.08,0,15,0,51.99347436228566,0
2026-01-31,39,1,43,184.81,0,8,0,47.937378721501375,0
2026-01-31,39,2,50,184.81,0,8,0,89.3157394024013,0
2026-01-31,39,3,55,184.81,0,8,0,85.04094195538303,0
2026-01-31,40,1,47,147.66,0,28,0,127.70993844154786,0
2026-01-31,40,2,42,147.66,0,28,0,31.28037363144732,0
2026-01-31,40,3,41,147.66,0,28,0,24.203790331074416,0
2026-01-31,41,1,61,275.92,0,10,0,178.56540781670586,0
2026-01-31,41,2,54,275.92,0,10,0,52.13842593368338,0
2026-01-31,41,3,65,275.92,0,10,0,176.29913642321378,0
2026-01-31,42,1,33,79.05,0,16,0,82.94685717678233,0
2026-01-31,42,2,39,79.05,0,16,0,94.5018925652128,0
2026-01-31,42,3,45,79.05,0,16,0,72.33724088487621,0
2026-01-31,43,1,74,403.08,0,16,0,124.17657897352785,0
2026-01-31,43,2,74,403.08,0,16,0,135.4931481122439,0
2026-01-31,43,3,75,403.08,0,16,0,186.94150268893435,0
2026-01-31,44,1,36,46.53,0,27,0,77.9189476257275,0
2026-01-31,44,2,38,46.53,0,27,0,59.94647145592636,0
2026-01-31,44,3,40,46.53,0,27,0,115.64600570759188,0
2026-01-31,45,1,81,493.57,0,11,0,159.3563917236498,0
2026-01-31,45,2,89,493.57,0,11,0,220.4216388490048,0
2026-01-31,45,3,83,493.57,0,11,0,215.8683946276385,1
2026-01-31,46,1,70,388.4,0,32,3,46.80072706940797,0
2026-01-31,46,2,72,388.4,0,29,0,173.2138776867448,0
2026-01-31,46,3,59,388.4,0,29,0,87.82039048097627,1
2026-01-31,47,1,32,107.37,0,14,0,35.39590314327519,0
2026-01-31,47,2,52,107.37,0,14,0,127.62846072276616,0
2026-01-31,47,3,34,107.37,0,14,0,37.08495652623887,0
2026-01-31,48,1,32,12.71,0,20,0,72.01247917165797,0
2026-01-31,48,2,35,12.71,0,20,0,33.17915383575765,0
2026-01-31,48,3,32,12.71,0,20,0,80.65470100261247,0
2026-01-31,49,1,68,409.58,0,8,0,154.80186252809776,0
2026-01-31,49,2,69,409.58,0,8,0,168.8641581274652,0
2026-01-31,49,3,76,409.58,0,8,0,71.2830108125917,0
2026-01-31,50,1,65,356.36,0,18,0,136.8610223191975,0
2026-01-31,50,2,67,356.36,0,18,0,70.91850003391215,0
2026-01-31,50,3,74,356.36,0,18,0,120.80121321985742,0
2026-02-01,1,1,77,394.74,0,4,0,56.87436566065631,0
2026-02-01,1,2,74,394.74,0,4,0,127.04468891138768,0
2026-02-01,1,3,72,394.74,0,4,0,86.17179464151248,0
2026-02-01,2,1,40,107.84,0,4,0,77.90748883323548,0
2026-02-01,2,2,53,107.84,0,4,0,87.37004673569716,0
2026-02-01,2,3,46,107.84,0,4,0,59.70845261993604,0
2026-02-01,3,1,56,261.97,0,2,0,103.77229222656017,0
2026-02-01,3,2,59,261.97,0,2,0,50.071036553357644,0
2026-02-01,3,3,57,261.97,0,2,0,63.005619712843206,0
2026-02-01,4,1,65,300.28,0,35,7,87.06641736925837,0
2026-02-01,4,2,62,300.28,0,28,0,159.3152768791325,0
2026-02-01,4,3,65,300.28,0,28,0,33.747434187483414,0
2026-02-01,5,1,34,32.76,0,6,0,41.671168736823375,0
2026-02-01,5,2,37,32.76,0,6,0,26.318911747024348,0
2026-02-01,5,3,25,32.76,0,6,0,12.64210122532038,0
2026-02-01,6,1,65,307.7,0,11,0,69.70233098704797,0
2026-02-01,6,2,62,307.7,0,11,0,37.78151350104707,0
2026-02-01,6,3,62,307.7,0,11,0,98.93795485127198,0
2026-02-01,7,1,39,93.56,0,8,0,108.05266837636395,0
2026-02-01,7,2,40,93.56,0,8,0,55.690013407970525,0
2026-02-01,7,3,43,93.56,0,17,9,128.58723184329247,0
2026-02-01,8,1,38,41.88,0,27,0,78.16601315534443,0
2026-02-01,8,2,36,41.88,0,27,0,73.59580947191671,0
2026-02-01,8,3,46,41.88,0,27,0,136.20093866533603,0
2026-02-01,9,1,80,474.95,0,10,0,101.81909773994185,0
2026-02-01,9,2,78,474.95,0,10,0,147.58745736876605,0
2026-02-01,9,3,84,474.95,0,10,0,194.2462744340153,0
2026-02-01,10,1,78,483.16,0,29,0,62.279783252441305,0
2026-02-01,10,2,83,483.16,0,29,0,49.42666496025479,0
2026-02-01,10,3,80,483.16,0,29,0,51.24548602309224,0
2026-02-01,11,1,61,406.11,0,8,0,132.29801531263035,0
2026-02-01,11,2,72,406.11,0,8,0,51.84094505502627,0
2026-02-01,11,3,81,406.11,0,8,0,86.70112997246352,0
2026-02-01,12,1,43,159.26,0,10,0,48.791975234433046,1
2026-02-01,12,2,49,159.26,0,10,0,86.04911959040341,0
2026-02-01,12,3,45,159.26,0,10,0,97.08179326083125,0
2026-02-01,13,1,35,57.86,0,9,0,91.66655620752637,0
2026-02-01,13,2,46,57.86,0,9,0,128.3160980029035,0
2026-02-01,13,3,40,57.86,0,9,0,83.72856468144398,0
2026-02-01,14,1,68,345.27,0,13,0,136.71263162642288,0
2026-02-01,14,2,63,345.27,0,13,0,84.71249783906963,1
2026-02-01,14,3,63,345.27,0,13,0,137.17159989027218,0
2026-02-01,15,1,55,225.67,0,3,0,148.20013622838482,0
2026-02-01,15,2,60,225.67,0,3,0,128.6566003733014,0
2026-02-01,15,3,59,225.67,0,3,0,44.76009684648057,0
2026-02-01,16,1,39,69.8,0,2,0,80.98713567352625,0
2026-02-01,16,2,38,69.8,0,2,0,84.87131319847535,0
2026-02-01,16,3,32,69.8,0,2,0,58.1535493843546,1
2026-02-01,17,1,57,252.64,0,17,0,76.50519268228929,0
2026-02-01,17,2,55,252.64,0,17,0,92.39686540392744,0
2026-02-01,17,3,57,252.64,0,17,0,101.55425596483988,0
2026-02-01,18,1,37,26.85,0,24,0,87.10700731512023,0
2026-02-01,18,2,39,26.85,0,24,0,102.94436348575466,0
2026-02-01,18,3,34,26.85,0,24,0,98.09742500803571,0
2026-02-01,19,1,84,455.57,0,24,0,243.91852939163206,0
2026-02-01,19,2,71,455.57,0,24,0,135.5038862352124,0
2026-02-01,19,3,81,455.57,0,24,0,154.4002992395571,0
2026-02-01,20,1,57,136.8,0,25,0,93.51991571399215,0
2026-02-01,20,2,51,136.8,0,25,0,46.68934225097775,0
2026-02-01,20,3,48,136.8,0,27,2,111.85094882672752,0
2026-02-01,21,1,65,334.64,0,6,0,122.86200271674709,0
2026-02-01,21,2,61,334.64,0,6,0,90.9455409187236,0
2026-02-01,21,3,70,334.64,0,6,0,111.64448857602586,0
2026-02-01,22,1,47,162.74,0,4,0,126.15125726453431,0
2026-02-01,22,2,53,162.74,0,4,0,45.8957349314119,0
2026-02-01,22,3,42,162.74,0,4,0,88.82371792994114,0
2026-02-01,23,1,66,264.83,0,22,9,174.8793337615943,1
2026-02-01,23,2,67,264.83,0,13,0,192.61931975519852,0
2026-02-01,23,3,65,264.83,0,13,0,186.68969315389285,0
2026-02-01,24,1,61,277.89,0,9,0,70.84526701932671,0
2026-02-01,24,2,56,277.89,0,9,0,43.98572751831429,0
2026-02-01,24,3,68,277.89,0,9,0,72.94949351863502,0
2026-02-01,25,1,51,100.58,0,23,0,138.0254900943504,0
2026-02-01,25,2,36,100.58,0,23,0,83.13339833703276,0
2026-02-01,25,3,30,100.58,0,23,0,54.456812833782095,0
2026-02-01,26,1,79,485.1,0,28,0,152.33574968231687,0
2026-02-01,26,2,84,485.1,0,28,0,129.08361602292322,1
2026-02-01,26,3,76,485.1,0,28,0,189.51111677280468,0
2026-02-01,27,1,72,389.82,0,4,0,37.98834481019671,0
2026-02-01,27,2,64,389.82,0,4,0,134.1365734644204,0
2026-02-01,27,3,140,389.82,1,4,0,107.67484764171235,0
2026-02-01,28,1,80,470.35,0,2,0,137.93461310331236,0
2026-02-01,28,2,81,470.35,0,2,0,238.03560990345196,0
2026-02-01,28,3,86,470.35,0,2,0,149.9480665411114,0
2026-02-01,29,1,80,448.47,0,4,0,140.14892164050576,0
2026-02-01,29,2,77,448.47,0,4,0,113.63214985761297,0
2026-02-01,29,3,73,448.47,0,4,0,80.73370388598923,0
2026-02-01,30,1,62,302.97,0,6,0,66.27221248269629,0
2026-02-01,30,2,57,302.97,0,6,0,160.73319633260257,0
2026-02-01,30,3,67,302.97,0,12,6,75.65921385865707,0
2026-02-01,31,1,80,461.72,0,16,0,56.151817988457644,0
2026-02-01,31,2,76,461.72,0,16,0,221.27240585584434,0
2026-02-01,31,3,72,461.72,0,16,0,76.33019934827581,0
2026-02-01,32,1,43,53.36,0,15,0,125.5549843439192,0
2026-02-01,32,2,39,53.36,0,15,0,70.04747894272043,0
2026-02-01,32,3,35,53.36,0,15,0,89.9515912348315,0
2026-02-01,33,1,47,106.03,0,4,0,112.42973775462914,0
2026-02-01,33,2,49,106.03,0,4,0,26.893966536332155,0
2026-02-01,33,3,45,106.03,0,4,0,55.57714550929614,0
2026-02-01,34,1,30,32.16,0,2,0,33.45440599313436,0
2026-02-01,34,2,38,32.16,0,2,0,32.666586661513435,0
2026-02-01,34,3,37,32.16,0,2,0,26.92372773415881,0
2026-02-01,35,1,47,169.41,0,13,7,111.16454885268084,0
2026-02-01,35,2,49,169.41,0,6,0,79.1749046741697,0
2026-02-01,35,3,49,169.41,0,6,0,123.54513028210509,0
2026-02-01,36,1,56,200.45,0,27,0,68.49739019704455,0
2026-02-01,36,2,58,200.45,0,27,0,157.96127340136863,0
2026-02-01,36,3,47,200.45,0,27,0,31.59847850805457,0
2026-02-01,37,1,46,142.96,0,24,0,99.64712520399468,0
2026-02-01,37,2,39,142.96,0,24,0,91.15420101055776,0
2026-02-01,37,3,48,142.96,0,24,0,118.74026113384713,0
2026-02-01,38,1,79,416.08,0,15,0,234.18910215040063,0
2026-02-01,38,2,73,416.08,0,15,0,84.65533987728539,0
2026-02-01,38,3,79,416.08,0,15,0,135.04916352826643,0
2026-02-01,39,1,47,184.81,0,8,0,136.54186764324749,0
2026-02-01,39,2,41,184.81,0,8,0,63.4679702637198,0
2026-02-01,39,3,48,184.81,0,8,0,107.48766336388778,0
2026-02-01,40,1,48,147.66,0,28,0,133.809408218042,0
2026-02-01,40,2,45,147.66,0,29,1,90.35563051539864,0
2026-02-01,40,3,53,147.66,0,28,0,101.55485683538743,0
2026-02-01,41,1,66,275.92,0,10,0,99.38134742563459,1
2026-02-01,41,2,52,275.92,0,10,0,124.39040451521409,0
2026-02-01,41,3,64,275.92,0,10,0,107.44407767233278,0
2026-02-01,42,1,32,79.05,0,16,0,93.79253557682539,0
2026-02-01,42,2,44,79.05,0,16,0,66.5857178444301,0
2026-02-01,42,3,46,79.05,0,17,1,126.09571677333474,0
2026-02-01,43,1,71,403.08,0,16,0,110.53953094805335,0
2026-02-01,43,2,66,403.08,0,16,0,125.88992375919348,0
2026-02-01,43,3,78,403.08,0,16,0,101.11112243413041,0
2026-02-01,44,1,37,46.53,0,27,0,98.00312931473049,0
2026-02-01,44,2,69,46.53,1,27,0,195.7430576135295,0
2026-02-01,44,3,40,46.53,0,27,0,89.25876396716319,0
2026-02-01,45,1,78,493.57,0,11,0,142.22636756206342,0
2026-02-01,45,2,81,493.57,0,11,0,176.12960882256618,0
2026-02-01,45,3,85,493.57,0,11,0,108.17422096293123,0
2026-02-01,46,1,63,388.4,0,35,6,99.8972353675282,0
2026-02-01,46,2,68,388.4,0,29,0,196.88562711917987,0
2026-02-01,46,3,69,388.4,0,29,0,125.08992038919072,0
2026-02-01,47,1,45,107.37,0,14,0,36.19513900904068,0
2026-02-01,47,2,42,107.37,0,14,0,61.22593751864437,0
2026-02-01,47,3,48,107.37,0,14,0,84.02697371226549,0
2026-02-01,48,1,41,12.71,0,20,0,87.62486573021698,0
2026-02-01,48,2,35,12.71,0,20,0,83.94707053223456,0
2026-02-01,48,3,33,12.71,0,20,0,90.64763614334791,0
2026-02-01,49,1,64,409.58,0,8,0,150.25672579339314,0
2026-02-01,49,2,70,409.58,0,8,0,90.75272849255488,0
2026-02-01,49,3,71,409.58,0,8,0,100.7805227779863,0
2026-02-01,50,1,59,356.36,0,18,0,60.561124377190055,0
2026-02-01,50,2,67,356.36,0,18,0,134.44092705941267,0
2026-02-01,50,3,67,356.36,0,18,0,53.40172141691215,0
2026-02-02,1,1,65,394.74,0,4,0,47.251711057636435,0
2026-02-02,1,2,63,394.74,0,4,0,145.35676582013778,0
2026-02-02,1,3,68,394.74,0,4,0,81.53851576879356,0
2026-02-02,2,1,37,107.84,0,4,0,74.65508166270845,0
2026-02-02,2,2,39,107.84,0,4,0,95.49377800438835,0
2026-02-02,2,3,42,107.84,0,4,0,71.2406515540515,1
2026-02-02,3,1,62,261.97,0,2,0,160.23108429270587,0
2026-02-02,3,2,52,261.97,0,2,0,51.08336901688881,0
2026-02-02,3,3,57,261.97,0,2,0,56.13016779963148,0
2026-02-02,4,1,62,300.28,0,28,0,115.09851262659114,0
2026-02-02,4,2,57,300.28,0,28,0,91.4696801052477,0
2026-02-02,4,3,56,300.28,0,28,0,159.57983424514092,0
2026-02-02,5,1,38,32.76,0,6,0,27.848348359263273,0
2026-02-02,5,2,30,32.76,0,6,0,89.58581832807171,0
2026-02-02,5,3,27,32.76,0,6,0,68.53557326429946,0
2026-02-02,6,1,57,307.7,0,11,0,53.21382776141696,0
2026-02-02,6,2,56,307.7,0,11,0,124.08215760410728,0
2026-02-02,6,3,59,307.7,0,11,0,63.50393049377832,1
2026-02-02,7,1,29,93.56,0,8,0,25.85871235730237,0
2026-02-02,7,2,35,93.56,0,8,0,74.84812328127633,0
2026-02-02,7,3,37,93.56,0,8,0,107.7424975914504,0
2026-02-02,8,1,38,41.88,0,27,0,84.97982719462976,0
2026-02-02,8,2,33,41.88,0,27,0,48.81595379221874,0
2026-02-02,8,3,39,41.88,0,27,0,60.198001044328386,0
2026-02-02,9,1,74,474.95,0,10,0,106.04657749600484,0
2026-02-02,9,2,74,474.95,0,10,0,94.64774183034051,0
2026-02-02,9,3,70,474.95,0,10,0,82.63484937339896,0
2026-02-02,10,1,77,483.16,0,29,0,133.9323810171183,0
2026-02-02,10,2,72,483.16,0,29,0,153.40282998601194,0
2026-02-02,10,3,70,483.16,0,29,0,56.07406458163458,0
2026-02-02,11,1,74,406.11,0,8,0,54.83234841147019,0
2026-02-02,11,2,79,406.11,0,8,0,216.2883665385539,0
2026-02-02,11,3,70,406.11,0,8,0,99.79458718642526,0
2026-02-02,12,1,47,159.26,0,10,0,65.84886272139016,0
2026-02-02,12,2,36,159.26,0,10,0,36.395965698834544,0
2026-02-02,12,3,38,159.26,0,10,0,102.67267610276978,1
2026-02-02,13,1,27,57.86,0,9,0,60.44734730345584,0
2026-02-02,13,2,41,57.86,0,9,0,22.177695814108485,0
2026-02-02,13,3,31,57.86,0,9,0,82.59233942819027,0
2026-02-02,14,1,65,345.27,0,13,0,87.9758298219056,0
2026-02-02,14,2,65,345.27,0,13,0,163.37279298067514,0
2026-02-02,14,3,59,345.27,0,13,0,104.61795803495893,0
2026-02-02,15,1,55,225.67,0,3,0,121.99206816240329,0
2026-02-02,15,2,51,225.67,0,3,0,134.03722933001833,0
2026-02-02,15,3,52,225.67,0,3,0,60.919513188359915,0
2026-02-02,16,1,42,69.8,0,7,5,53.43185841938131,0
2026-02-02,16,2,34,69.8,0,2,0,33.54101444387974,0
2026-02-02,16,3,36,69.8,0,11,9,99.60219049654577,0
2026-02-02,17,1,59,252.64,0,17,0,107.96917978809887,0
2026-02-02,17,2,54,252.64,0,17,0,125.75144948080633,0
2026-02-02,17,3,55,252.64,0,17,0,39.143188909044405,0
2026-02-02,18,1,28,26.85,0,24,0,23.71479674761887,0
2026-02-02,18,2,31,26.85,0,24,0,91.46453046293871,0
2026-02-02,18,3,33,26.85,0,24,0,51.371567710003134,0
2026-02-02,19,1,84,455.57,0,24,0,43.44122172340718,0
2026-02-02,19,2,81,455.57,0,25,1,196.30459368421754,0
2026-02-02,19,3,81,455.57,0,24,0,174.49467376004662,0
2026-02-02,20,1,45,136.8,0,25,0,55.79921049364448,0
2026-02-02,20,2,50,136.8,0,25,0,26.687158860533835,0
2026-02-02,20,3,42,136.8,0,25,0,25.089504184445193,0
2026-02-02,21,1,56,334.64,0,6,0,143.25019109954692,0
2026-02-02,21,2,63,334.64,0,6,0,131.4330240770751,0
2026-02-02,21,3,66,334.64,0,6,0,197.73350520133792,0
2026-02-02,22,1,56,162.74,0,4,0,60.78580142170035,0
2026-02-02,22,2,38,162.74,0,4,0,71.01611636967715,0
2026-02-02,22,3,34,162.74,0,4,0,28.240410574905933,0
2026-02-02,23,1,57,264.83,0,13,0,105.32997558006106,0
2026-02-02,23,2,47,264.83,0,13,0,138.95758606814337,0
2026-02-02,23,3,56,264.83,0,13,0,35.63743608313112,0
2026-02-02,24,1,57,277.89,0,9,0,53.4611783914871,0
2026-02-02,24,2,56,277.89,0,9,0,147.68166346965864,0
2026-02-02,24,3,45,277.89,0,9,0,69.31692631098082,0
2026-02-02,25,1,38,100.58,0,23,0,54.92028892423078,0
2026-02-02,25,2,37,100.58,0,23,0,44.645571975140086,0
2026-02-02,25,3,41,100.58,0,23,0,101.0906073954946,0
2026-02-02,26,1,76,485.1,0,28,0,74.46514353725492,0
2026-02-02,26,2,71,485.1,0,28,0,210.97831802368594,0
2026-02-02,26,3,72,485.1,0,28,0,111.39654955089969,0
2026-02-02,27,1,67,389.82,0,4,0,159.95231010498665,0
2026-02-02,27,2,68,389.82,0,4,0,117.514753533806,0
2026-02-02,27,3,72,389.82,0,4,0,62.09923780160288,0
2026-02-02,28,1,73,470.35,0,2,0,130.0002715866989,0
2026-02-02,28,2,81,470.35,0,2,0,45.958338859121575,0
2026-02-02,28,3,83,470.35,0,2,0,95.33914739139361,0
2026-02-02,29,1,77,448.47,0,4,0,139.9550700466378,0
2026-02-02,29,2,74,448.47,0,4,0,72.909196925915,0
2026-02-02,29,3,69,448.47,0,4,0,77.76987580199575,0
2026-02-02,30,1,56,302.97,0,6,0,103.08252918862254,0
2026-02-02,30,2,58,302.97,0,6,0,112.0303093625377,0
2026-02-02,30,3,56,302.97,0,6,0,37.87811373715938,0
2026-02-02,31,1,84,461.72,0,16,0,178.18452774551247,0
2026-02-02,31,2,71,461.72,0,16,0,204.41383257565013,0
2026-02-02,31,3,75,461.72,0,16,0,56.31613385744606,0
2026-02-02,32,1,33,53.36,0,15,0,77.51340094569262,1
2026-02-02,32,2,32,53.36,0,15,0,18.232784351638706,0
2026-02-02,32,3,33,53.36,0,15,0,21.00369785672372,0
2026-02-02,33,1,43,106.03,0,4,0,77.98179762755568,0
2026-02-02,33,2,35,106.03,0,4,0,62.10604450238862,0
2026-02-02,33,3,43,106.03,0,4,0,75.02839557755433,0
2026-02-02,34,1,29,32.16,0,2,0,14.888549585355717,0
2026-02-02,34,2,38,32.16,0,2,0,26.093928368815945,0
2026-02-02,34,3,28,32.16,0,2,0,28.789700694912494,0
2026-02-02,35,1,34,169.41,0,6,0,31.362386719184663,0
2026-02-02,35,2,51,169.41,0,6,0,104.37302488595037,0
2026-02-02,35,3,42,169.41,0,6,0,33.511827845461795,0
2026-02-02,36,1,51,200.45,0,27,0,116.51881327245805,0
2026-02-02,36,2,50,200.45,0,27,0,60.166967600801854,0
2026-02-02,36,3,49,200.45,0,27,0,63.996715348898086,0
2026-02-02,37,1,39,142.96,0,24,0,36.37137719852091,0
2026-02-02,37,2,39,142.96,0,24,0,116.74676392694583,0
2026-02-02,37,3,40,142.96,0,24,0,52.90612849645498,0
2026-02-02,38,1,79,416.08,0,15,0,125.68766873739378,0
2026-02-02,38,2,72,416.08,0,15,0,109.18537379384564,0
2026-02-02,38,3,64,416.08,0,15,0,122.0667072192161,0
2026-02-02,39,1,41,184.81,0,8,0,79.11690608720879,0
2026-02-02,39,2,51,184.81,0,8,0,107.47500453318541,0
2026-02-02,39,3,46,184.81,0,8,0,94.13646032453322,0
2026-02-02,40,1,42,147.66,0,28,0,46.15669994187349,0
2026-02-02,40,2,39,147.66,0,28,0,79.01275009747945,0
2026-02-02,40,3,53,147.66,0,28,0,130.83391046230926,0
2026-02-02,41,1,56,275.92,0,19,9,52.75676169276879,0
2026-02-02,41,2,54,275.92,0,10,0,130.93041735885328,0
2026-02-02,41,3,51,275.92,0,10,0,69.40876396620486,0
2026-02-02,42,1,37,79.05,0,16,0,71.27960887074477,0
2026-02-02,42,2,33,79.05,0,16,0,69.56507274935016,0
2026-02-02,42,3,36,79.05,0,16,0,102.02114260871821,0
2026-02-02,43,1,67,403.08,0,16,0,66.12643451967057,0
2026-02-02,43,2,70,403.08,0,16,0,46.840103885996896,0
2026-02-02,43,3,68,403.08,0,16,0,141.1709049350687,0
2026-02-02,44,1,36,46.53,0,27,0,78.80121173013026,0
2026-02-02,44,2,39,46.53,0,27,0,88.14556811762291,0
2026-02-02,44,3,33,46.53,0,27,0,77.42487249748703,0
2026-02-02,45,1,77,493.57,0,11,0,69.02683626893062,0
2026-02-02,45,2,83,493.57,0,11,0,179.56681312603556,0
2026-02-02,45,3,80,493.57,0,11,0,107.68378287162687,0
2026-02-02,46,1,74,388.4,0,37,8,167.21660362256569,0
2026-02-02,46,2,68,388.4,0,29,0,113.8617516725775,0
2026-02-02,46,3,63,388.4,0,32,3,78.89655741766876,0
2026-02-02,47,1,49,107.37,0,14,0,48.187318503794174,0
2026-02-02,47,2,39,107.37,0,14,0,53.04101076861748,0
2026-02-02,47,3,36,107.37,0,14,0,85.52244416938366,0
2026-02-02,48,1,37,12.71,0,20,0,90.71008261387024,0
2026-02-02,48,2,31,12.71,0,20,0,91.9178667241512,0
2026-02-02,48,3,38,12.71,0,20,0,56.70146004463398,0
2026-02-02,49,1,68,409.58,0,8,0,170.70848655332884,0
2026-02-02,49,2,76,409.58,0,8,0,55.867794016378554,0
2026-02-02,49,3,72,409.58,0,8,0,113.87384085579644,0
2026-02-02,50,1,67,356.36,0,18,0,123.92871333784481,0
2026-02-02,50,2,65,356.36,0,18,0,166.47325685729385,0
2026-02-02,50,3,61,356.36,0,18,0,119.95154452393943,0
2026-02-03,1,1,63,394.74,0,4,0,116.57516889359907,0
2026-02-03,1,2,69,394.74,0,4,0,58.64655538391319,0
2026-02-03,1,3,69,394.74,0,4,0,100.36138550753353,0
2026-02-03,2,1,36,107.84,0,4,0,84.28068483349684,0
2026-02-03,2,2,37,107.84,0,4,0,24.555464849930438,0
2026-02-03,2,3,39,107.84,0,4,0,72.07472441017131,0
2026-02-03,3,1,53,261.97,0,2,0,66.40256228312883,1
2026-02-03,3,2,57,261.97,0,2,0,76.30079662932587,0
2026-02-03,3,3,56,261.97,0,2,0,107.57389652687141,0
2026-02-03,4,1,57,300.28,0,28,0,102.38079932937254,0
2026-02-03,4,2,54,300.28,0,28,0,58.42393059221085,0
2026-02-03,4,3,52,300.28,0,28,0,56.58690785841908,0
2026-02-03,5,1,29,32.76,0,6,0,82.21017518698562,0
2026-02-03,5,2,34,32.76,0,6,0,70.5341421586151,0
2026-02-03,5,3,32,32.76,0,6,0,48.65990493199262,0
2026-02-03,6,1,62,307.7,0,11,0,159.420108172874,0
2026-02-03,6,2,66,307.7,0,11,0,74.28579821720146,1
2026-02-03,6,3,53,307.7,0,11,0,121.03374609251183,0
2026-02-03,7,1,25,93.56,0,8,0,40.74059792710673,0
2026-02-03,7,2,39,93.56,0,8,0,51.70842243189493,0
2026-02-03,7,3,30,93.56,0,8,0,65.0619860830107,1
2026-02-03,8,1,28,41.88,0,27,0,66.5992614384909,0
2026-02-03,8,2,26,41.88,0,27,0,31.635366325685883,0
2026-02-03,8,3,29,41.88,0,27,0,17.881028701731594,0
2026-02-03,9,1,71,474.95,0,10,0,195.1374897397716,0
2026-02-03,9,2,61,474.95,0,10,0,61.014886915620956,0
2026-02-03,9,3,77,474.95,0,10,0,112.0845008754857,0
2026-02-03,10,1,71,483.16,0,29,0,150.71656863626507,0
2026-02-03,10,2,69,483.16,0,29,0,179.26056672202634,0
2026-02-03,10,3,84,483.16,0,29,0,73.0288527709203,0
2026-02-03,11,1,72,406.11,0,8,0,40.62055580379034,0
2026-02-03,11,2,61,406.11,0,8,0,113.61269019247196,0
2026-02-03,11,3,88,406.11,0,8,0,247.1559519760316,0
2026-02-03,12,1,55,159.26,0,10,0,135.46169379866672,0
2026-02-03,12,2,44,159.26,0,10,0,47.227468997633,0
2026-02-03,12,3,49,159.26,0,10,0,54.26955346391514,1
2026-02-03,13,1,33,57.86,0,9,0,69.1635284469987,0
2026-02-03,13,2,27,57.86,0,9,0,54.29589931654775,0
2026-02-03,13,3,31,57.86,0,9,0,83.0197161784756,0
2026-02-03,14,1,67,345.27,0,13,0,125.11296650929275,0
2026-02-03,14,2,71,345.27,0,13,0,101.60644577412708,0
2026-02-03,14,3,74,345.27,0,13,0,176.73731227113825,0
2026-02-03,15,1,57,225.67,0,3,0,116.60869776421856,0
2026-02-03,15,2,56,225.67,0,3,0,121.61886369560867,0
2026-02-03,15,3,46,225.67,0,3,0,24.091602486639836,0
2026-02-03,16,1,38,69.8,0,2,0,46.66724427501504,0
2026-02-03,16,2,32,69.8,0,2,0,22.486234842312932,0
2026-02-03,16,3,45,69.8,0,2,0,44.54970398717499,0
2026-02-03,17,1,54,252.64,0,17,0,59.88634320822468,0
2026-02-03,17,2,53,252.64,0,17,0,38.465776684945546,0
2026-02-03,17,3,60,252.64,0,17,0,54.93021640035708,0
2026-02-03,18,1,30,26.85,0,24,0,19.462639035827184,0
2026-02-03,18,2,37,26.85,0,24,0,88.17416031813106,0
2026-02-03,18,3,33,26.85,0,24,0,57.9049879032783,0
2026-02-03,19,1,71,455.57,0,24,0,120.06403992234395,0
2026-02-03,19,2,76,455.57,0,24,0,177.04576672819584,1
2026-02-03,19,3,64,455.57,0,24,0,80.67382036075625,0
2026-02-03,20,1,34,136.8,0,25,0,73.24512822224614,0
2026-02-03,20,2,41,136.8,0,25,0,88.11123806798537,0
2026-02-03,20,3,39,136.8,0,25,0,20.27273215572418,0
2026-02-03,21,1,48,334.64,0,6,0,103.88703855493547,0
2026-02-03,21,2,58,334.64,0,6,0,163.27573606696234,0
2026-02-03,21,3,52,334.64,0,6,0,48.11739375889454,0
2026-02-03,22,1,35,162.74,0,4,0,38.639163574715134,0
2026-02-03,22,2,40,162.74,0,4,0,20.067472948659606,0
2026-02-03,22,3,47,162.74,0,4,0,108.98148566093948,0
2026-02-03,23,1,60,264.83,0,13,0,151.12281529350207,0
2026-02-03,23,2,55,264.83,0,13,0,77.40030988571546,0
2026-02-03,23,3,57,264.83,0,13,0,117.6633252532139,0
2026-02-03,24,1,54,277.89,0,9,0,51.88190130263319,0
2026-02-03,24,2,55,277.89,0,9,0,54.25808162795619,0
2026-02-03,24,3,55,277.89,0,9,0,154.6935872904153,1
2026-02-03,25,1,37,100.58,0,23,0,83.42481493325036,0
2026-02-03,25,2,31,100.58,0,23,0,71.93549639879984,0
2026-02-03,25,3,44,100.58,0,23,0,115.30603453462165,0
2026-02-03,26,1,89,485.1,0,28,0,218.18271966891797,0
2026-02-03,26,2,87,485.1,0,36,8,103.17242693493435,0
2026-02-03,26,3,81,485.1,0,37,9,173.49936972029693,0
2026-02-03,27,1,62,389.82,0,4,0,120.84868151153228,0
2026-02-03,27,2,69,389.82,0,4,0,107.4581177347773,0
2026-02-03,27,3,67,389.82,0,4,0,53.88004207814911,0
2026-02-03,28,1,72,470.35,0,2,0,91.59153039083319,0
2026-02-03,28,2,69,470.35,0,2,0,78.01681282824998,0
2026-02-03,28,3,76,470.35,0,2,0,69.42021660026022,0
2026-02-03,29,1,78,448.47,0,4,0,225.72019060828595,0
2026-02-03,29,2,72,448.47,0,4,0,147.7303221643563,0
2026-02-03,29,3,73,448.47,0,4,0,50.87543628946948,0
2026-02-03,30,1,58,302.97,0,6,0,103.12020806407153,0
2026-02-03,30,2,64,302.97,0,6,0,94.82321309379333,0
2026-02-03,30,3,61,302.97,0,6,0,149.56632131913148,0
2026-02-03,31,1,73,461.72,0,16,0,49.993254941797304,0
2026-02-03,31,2,77,461.72,0,16,0,166.50969979657094,0
2026-02-03,31,3,67,461.72,0,16,0,144.77051804353803,0
2026-02-03,32,1,39,53.36,0,15,0,19.523915824919328,0
2026-02-03,32,2,34,53.36,0,15,0,86.78675705808661,0
2026-02-03,32,3,29,53.36,0,15,0,74.40723047931364,1
2026-02-03,33,1,47,106.03,0,4,0,97.68659864348815,0
2026-02-03,33,2,44,106.03,0,4,0,23.946247725044785,0
2026-02-03,33,3,43,106.03,0,4,0,49.52434142645973,0
2026-02-03,34,1,43,32.16,0,2,0,89.20824901454642,1
2026-02-03,34,2,28,32.16,0,2,0,29.932818185606934,0
2026-02-03,34,3,37,32.16,0,2,0,58.36115850247693,0
2026-02-03,35,1,50,169.41,0,6,0,135.5664299535003,0
2026-02-03,35,2,43,169.41,0,6,0,90.97007058577377,0
2026-02-03,35,3,45,169.41,0,6,0,108.06583170122285,0
2026-02-03,36,1,47,200.45,0,27,0,58.25082442846478,0
2026-02-03,36,2,45,200.45,0,27,0,101.96860888782307,0
2026-02-03,36,3,44,200.45,0,27,0,25.966573826849384,0
2026-02-03,37,1,42,142.96,0,24,0,111.27978561169977,0
2026-02-03,37,2,49,142.96,0,24,0,122.19831442127989,0
2026-02-03,37,3,45,142.96,0,24,0,46.11094976674394,0
2026-02-03,38,1,78,416.08,0,15,0,175.21302963093925,0
2026-02-03,38,2,64,416.08,0,15,0,96.97440674942509,0
2026-02-03,38,3,70,416.08,0,15,0,189.1609992054567,0
2026-02-03,39,1,48,184.81,0,8,0,107.97527305497799,0
2026-02-03,39,2,40,184.81,0,8,0,116.48059198489284,0
2026-02-03,39,3,47,184.81,0,16,8,35.3428685609653,0
2026-02-03,40,1,40,147.66,0,33,5,21.44608457538109,0
2026-02-03,40,2,36,147.66,0,28,0,46.819656145399236,0
2026-02-03,40,3,45,147.66,0,28,0,82.02201345084927,0
2026-02-03,41,1,45,275.92,0,10,0,60.59486824932132,0
2026-02-03,41,2,58,275.92,0,10,0,51.190450609238525,0
2026-02-03,41,3,62,275.92,0,10,0,149.33211920792218,0
2026-02-03,42,1,43,79.05,0,16,0,85.75812896520853,0
2026-02-03,42,2,34,79.05,0,16,0,58.07412213819494,0
2026-02-03,42,3,42,79.05,0,16,0,33.19197375326887,0
2026-02-03,43,1,68,403.08,0,16,0,128.72123143618433,0
2026-02-03,43,2,69,403.08,0,16,0,204.04911175605662,0
2026-02-03,43,3,68,403.08,0,16,0,89.70720640524675,0
2026-02-03,44,1,35,46.53,0,27,0,48.56652212945259,1
2026-02-03,44,2,36,46.53,0,27,0,89.65906911735429,0
2026-02-03,44,3,29,46.53,0,27,0,19.595027101858243,0
2026-02-03,45,1,80,493.57,0,11,0,186.27862943782603,0
2026-02-03,45,2,77,493.57,0,11,0,42.33102631461679,0
2026-02-03,45,3,88,493.57,0,11,0,73.0279064055739,0
2026-02-03,46,1,72,388.4,0,29,0,40.48291255431607,0
2026-02-03,46,2,67,388.4,0,29,0,56.87744189914388,0
2026-02-03,46,3,70,388.4,0,29,0,164.80082602664714,0
2026-02-03,47,1,39,107.37,0,14,0,90.47021157173273,0
2026-02-03,47,2,41,107.37,0,14,0,26.451154572397257,0
2026-02-03,47,3,37,107.37,0,14,0,28.77108017456125,0
2026-02-03,48,1,31,12.71,0,20,0,64.89231303114181,1
2026-02-03,48,2,31,12.71,0,20,0,74.34661442012346,0
2026-02-03,48,3,26,12.71,0,20,0,57.34257049358625,0
2026-02-03,49,1,69,409.58,0,8,0,158.04412575562003,0
2026-02-03,49,2,68,409.58,0,8,0,139.90751498132434,0
2026-02-03,49,3,65,409.58,0,8,0,135.87214122804184,0
2026-02-03,50,1,57,356.36,0,18,0,112.93538883463073,0
2026-02-03,50,2,59,356.36,0,18,0,37.646100295297394,0
2026-02-03,50,3,66,356.36,0,18,0,37.30853747966212,0
2026-02-04,1,1,64,394.74,0,4,0,74.47683272634868,0
2026-02-04,1,2,66,394.74,0,4,0,161.46346258909904,0
2026-02-04,1,3,71,394.74,0,4,0,42.39913330936879,0
2026-02-04,2,1,44,107.84,0,4,0,50.14179923622076,0
2026-02-04,2,2,38,107.84,0,4,0,54.592674739788926,0
2026-02-04,2,3,51,107.84,0,8,4,106.1529275514051,0
2026-02-04,3,1,50,261.97,0,2,0,93.78322684330047,1
2026-02-04,3,2,52,261.97,0,2,0,144.6524728173427,0
2026-02-04,3,3,47,261.97,0,2,0,44.32855510616867,0
2026-02-04,4,1,66,300.28,0,28,0,43.1358573983872,0
2026-02-04,4,2,62,300.28,0,28,0,111.29287842328877,0
2026-02-04,4,3,56,300.28,0,28,0,85.74666074654029,0
2026-02-04,5,1,31,32.76,0,6,0,92.16770422813669,0
2026-02-04,5,2,38,32.76,0,6,0,32.37423368786441,0
2026-02-04,5,3,32,32.76,0,6,0,84.60044586883184,0
2026-02-04,6,1,49,307.7,0,11,0,98.20670032242077,0
2026-02-04,6,2,63,307.7,0,11,0,51.99406866106189,0
2026-02-04,6,3,60,307.7,0,11,0,104.22535577608058,1
2026-02-04,7,1,31,93.56,0,8,0,53.70049677309087,0
2026-02-04,7,2,27,93.56,0,8,0,58.833417899349335,0
2026-02-04,7,3,40,93.56,0,8,0,63.3779400494886,0
2026-02-04,8,1,20,41.88,0,27,0,15.244736652163596,0
2026-02-04,8,2,34,41.88,0,27,0,95.51952450885801,0
2026-02-04,8,3,36,41.88,0,27,0,59.63670456077024,0
2026-02-04,9,1,76,474.95,0,10,0,125.78000204008423,0
2026-02-04,9,2,77,474.95,0,10,0,204.94316945271038,1
2026-02-04,9,3,82,474.95,0,19,9,243.19656527238814,0
2026-02-04,10,1,77,483.16,0,29,0,174.36010309172056,0
2026-02-04,10,2,78,483.16,0,29,0,225.00681373914662,0
2026-02-04,10,3,72,483.16,0,29,0,198.52375288217752,0
2026-02-04,11,1,70,406.11,0,8,0,89.61277820169893,0
2026-02-04,11,2,72,406.11,0,8,0,195.21037462076868,0
2026-02-04,11,3,75,406.11,0,8,0,66.89575245456895,0
2026-02-04,12,1,44,159.26,0,10,0,122.76280712871427,0
2026-02-04,12,2,51,159.26,0,10,0,96.93247737589631,0
2026-02-04,12,3,44,159.26,0,10,0,89.89342758487045,0
2026-02-04,13,1,35,57.86,0,9,0,42.01926344093658,0
2026-02-04,13,2,25,57.86,0,9,0,22.79280872881834,0
2026-02-04,13,3,28,57.86,0,17,8,24.227279970296614,1
2026-02-04,14,1,70,345.27,0,13,0,162.32398727491972,0
2026-02-04,14,2,58,345.27,0,13,0,114.4023673204334,0
2026-02-04,14,3,67,345.27,0,19,6,156.83567487106097,0
2026-02-04,15,1,51,225.67,0,3,0,134.08010930996312,0
2026-02-04,15,2,52,225.67,0,9,6,83.33539789334849,0
2026-02-04,15,3,46,225.67,0,3,0,25.153507555884286,0
2026-02-04,16,1,27,69.8,0,2,0,74.77681127269913,0
2026-02-04,16,2,39,69.8,0,2,0,73.97501359052279,0
2026-02-04,16,3,35,69.8,0,2,0,67.60170498064006,1
2026-02-04,17,1,54,252.64,0,17,0,77.02145992526106,0
2026-02-04,17,2,61,252.64,0,17,0,79.44967472285296,0
2026-02-04,17,3,59,252.64,0,17,0,142.99642300858343,0
2026-02-04,18,1,38,26.85,0,24,0,31.989428461982804,0
2026-02-04,18,2,33,26.85,0,24,0,69.69275900623477,0
2026-02-04,18,3,33,26.85,0,24,0,97.3266937818274,0
2026-02-04,19,1,72,455.57,0,24,0,37.65952695796248,0
2026-02-04,19,2,76,455.57,0,24,0,194.91694871710644,0
2026-02-04,19,3,92,455.57,0,24,0,129.28580162560084,0
2026-02-04,20,1,48,136.8,0,25,0,60.327479276633404,0
2026-02-04,20,2,43,136.8,0,25,0,94.21050983290306,0
2026-02-04,20,3,38,136.8,0,25,0,38.53629622769257,0
2026-02-04,21,1,117,334.64,1,6,0,278.52491211608003,0
2026-02-04,21,2,60,334.64,0,13,7,123.89856986415535,0
2026-02-04,21,3,62,334.64,0,6,0,125.72894598507659,0
2026-02-04,22,1,51,162.74,0,4,0,59.15918202891495,0
2026-02-04,22,2,45,162.74,0,4,0,34.6747976513331,0
2026-02-04,22,3,32,162.74,0,4,0,44.211584522744175,0
2026-02-04,23,1,57,264.83,0,13,0,42.18744756069206,0
2026-02-04,23,2,53,264.83,0,13,0,55.05288146792845,0
2026-02-04,23,3,63,264.83,0,13,0,99.81931076152438,0
2026-02-04,24,1,62,277.89,0,9,0,178.95707052897689,0
2026-02-04,24,2,55,277.89,0,9,0,79.71249159408502,0
2026-02-04,24,3,58,277.89,0,9,0,98.54034478435146,0
2026-02-04,25,1,42,100.58,0,23,0,79.62147557398697,0
2026-02-04,25,2,28,100.58,0,23,0,67.91310057733773,1
2026-02-04,25,3,39,100.58,0,23,0,62.13231381660148,0
2026-02-04,26,1,85,485.1,0,28,0,173.4935302743765,0
2026-02-04,26,2,88,485.1,0,28,0,136.42266690926422,0
2026-02-04,26,3,78,485.1,0,36,8,43.30555789080389,0
2026-02-04,27,1,78,389.82,0,4,0,150.11064783259067,0
2026-02-04,27,2,67,389.82,0,4,0,76.37475672600527,0
2026-02-04,27,3,72,389.82,0,4,0,130.39199503935467,0
2026-02-04,28,1,82,470.35,0,2,0,152.07623759974766,0
2026-02-04,28,2,72,470.35,0,2,0,208.55488703394704,0
2026-02-04,28,3,72,470.35,0,2,0,122.59278412152362,0
2026-02-04,29,1,74,448.47,0,4,0,165.40312831087454,0
2026-02-04,29,2,75,448.47,0,4,0,190.50203284208672,0
2026-02-04,29,3,72,448.47,0,4,0,152.37233418692222,0
2026-02-04,30,1,47,302.97,0,6,0,107.87163989938703,0
2026-02-04,30,2,59,302.97,0,6,0,42.93534232171144,0
2026-02-04,30,3,66,302.97,0,6,0,86.01564664453723,0
2026-02-04,31,1,82,461.72,0,16,0,86.90293669586352,0
2026-02-04,31,2,68,461.72,0,16,0,124.58589438930917,1
2026-02-04,31,3,74,461.72,0,16,0,129.3690473746311,0
2026-02-04,32,1,33,53.36,0,15,0,43.6064861199597,0
2026-02-04,32,2,28,53.36,0,15,0,44.42511075174878,0
2026-02-04,32,3,27,53.36,0,15,0,19.197229343701228,0
2026-02-04,33,1,33,106.03,0,4,0,73.04973133111406,0
2026-02-04,33,2,44,106.03,0,4,0,52.59756737638081,0
2026-02-04,33,3,34,106.03,0,4,0,83.87331582519758,0
2026-02-04,34,1,25,32.16,0,2,0,34.401808814660136,1
2026-02-04,34,2,33,32.16,0,2,0,40.82518414485825,0
2026-02-04,34,3,29,32.16,0,2,0,31.47560201410283,0
2026-02-04,35,1,40,169.41,0,6,0,94.11459846147578,0
2026-02-04,35,2,47,169.41,0,6,0,129.38699504436508,0
2026-02-04,35,3,46,169.41,0,6,0,132.8067618916451,0
2026-02-04,36,1,58,200.45,0,27,0,84.89265457529929,0
2026-02-04,36,2,54,200.45,0,27,0,81.99088387168959,0
2026-02-04,36,3,50,200.45,0,27,0,122.26685196078901,0
2026-02-04,37,1,36,142.96,0,24,0,43.34976806244409,0
2026-02-04,37,2,37,142.96,0,24,0,83.26567395446034,1
2026-02-04,37,3,40,142.96,0,24,0,24.128191488851982,0
2026-02-04,38,1,77,416.08,0,15,0,180.59155283812478,0
2026-02-04,38,2,68,416.08,0,15,0,71.8356070664698,1
2026-02-04,38,3,63,416.08,0,15,0,32.18306311818699,0
2026-02-04,39,1,40,184.81,0,8,0,116.68685065373809,0
2026-02-04,39,2,45,184.81,0,8,0,103.81634070445271,0
2026-02-04,39,3,48,184.81,0,8,0,51.97189756706557,0
2026-02-04,40,1,43,147.66,0,28,0,84.96605629268258,0
2026-02-04,40,2,49,147.66,0,28,0,80.90890087982294,0
2026-02-04,40,3,48,147.66,0,28,0,142.8908328654666,0
2026-02-04,41,1,52,275.92,0,10,0,87.85399139502678,1
2026-02-04,41,2,55,275.92,0,10,0,137.20344311167386,0
2026-02-04,41,3,54,275.92,0,10,0,30.54113069878713,0
2026-02-04,42,1,33,79.05,0,16,0,59.58706316325002,0
2026-02-04,42,2,33,79.05,0,16,0,88.38514720786628,0
2026-02-04,42,3,40,79.05,0,16,0,81.12206731406039,0
2026-02-04,43,1,66,403.08,0,16,0,106.62747680970872,0
2026-02-04,43,2,65,403.08,0,16,0,182.892890430264,0
2026-02-04,43,3,80,403.08,0,16,0,165.64489529551653,0
2026-02-04,44,1,36,46.53,0,27,0,28.37054814938476,0
2026-02-04,44,2,31,46.53,0,27,0,38.93802949192254,0
2026-02-04,44,3,27,46.53,0,27,0,60.10674134401289,0
2026-02-04,45,1,83,493.57,0,11,0,167.22743069800487,0
2026-02-04,45,2,81,493.57,0,11,0,139.06019668793974,0
2026-02-04,45,3,73,493.57,0,11,0,197.1306126845385,0
2026-02-04,46,1,68,388.4,0,29,0,145.08120201682578,0
2026-02-04,46,2,66,388.4,0,29,0,95.56329782173361,0
2026-02-04,46,3,62,388.4,0,29,0,177.73315948716169,0
2026-02-04,47,1,37,107.37,0,14,0,34.15208884849404,0
2026-02-04,47,2,32,107.37,0,14,0,40.15479501483196,0
2026-02-04,47,3,36,107.37,0,14,0,84.42365694453547,0
2026-02-04,48,1,28,12.71,0,23,3,21.1581273426766,0
2026-02-04,48,2,30,12.71,0,20,0,71.76106297749683,0
2026-02-04,48,3,24,12.71,0,20,0,42.325517689846876,1
2026-02-04,49,1,72,409.58,0,8,0,169.2101806728561,0
2026-02-04,49,2,73,409.58,0,8,0,198.79416670113062,0
2026-02-04,49,3,62,409.58,0,8,0,124.48517773394373,0
2026-02-04,50,1,65,356.36,0,18,0,64.53903816952547,0
2026-02-04,50,2,66,356.36,0,18,0,142.06741016040178,0
2026-02-04,50,3,64,356.36,0,18,0,51.865985321143604,0
2026-02-05,1,1,74,394.74,0,4,0,203.98505414557349,0
2026-02-05,1,2,63,394.74,0,4,0,114.63753075673226,0
2026-02-05,1,3,75,394.74,0,4,0,143.7875747471704,0
2026-02-05,2,1,39,107.84,0,4,0,60.550241582481355,0
2026-02-05,2,2,42,107.84,0,4,0,55.8471006384465,0
2026-02-05,2,3,41,107.84,0,4,0,99.57188331210884,0
2026-02-05,3,1,50,261.97,0,2,0,102.21943926644701,0
2026-02-05,3,2,46,261.97,0,2,0,91.05575751365802,0
2026-02-05,3,3,60,261.97,0,2,0,64.78083465377581,0
2026-02-05,4,1,60,300.28,0,28,0,79.4960006186503,0
2026-02-05,4,2,64,300.28,0,28,0,178.20573320382698,0
2026-02-05,4,3,45,300.28,0,28,0,37.648620891968164,0
2026-02-05,5,1,30,32.76,0,6,0,74.91295310661417,0
2026-02-05,5,2,30,32.76,0,6,0,78.42396830682672,0
2026-02-05,5,3,31,32.76,0,6,0,28.063153784106404,0
2026-02-05,6,1,67,307.7,0,11,0,158.47215039528348,0
2026-02-05,6,2,53,307.7,0,11,0,142.3923750226713,0
2026-02-05,6,3,57,307.7,0,11,0,104.46397881372869,0
2026-02-05,7,1,40,93.56,0,8,0,64.37121170725773,0
2026-02-05,7,2,36,93.56,0,8,0,62.12188280263275,1
2026-02-05,7,3,37,93.56,0,8,0,33.27395169355651,0
2026-02-05,8,1,41,41.88,0,28,1,24.896830726935303,0
2026-02-05,8,2,28,41.88,0,27,0,72.92322857493042,0
2026-02-05,8,3,37,41.88,0,27,0,67.04847279530084,0
2026-02-05,9,1,69,474.95,0,10,0,147.1849721488972,0
2026-02-05,9,2,80,474.95,0,10,0,219.03008001805605,0
2026-02-05,9,3,78,474.95,0,10,0,62.78501468900605,0
2026-02-05,10,1,75,483.16,0,29,0,79.13919373948679,0
2026-02-05,10,2,65,483.16,0,29,0,151.8589758194875,0
2026-02-05,10,3,80,483.16,0,29,0,121.21237501048083,0
2026-02-05,11,1,75,406.11,0,8,0,215.17263745813264,0
2026-02-05,11,2,63,406.11,0,8,0,178.6118973419802,0
2026-02-05,11,3,71,406.11,0,8,0,85.76503074113036,0
2026-02-05,12,1,48,159.26,0,14,4,85.1945407203137,0
2026-02-05,12,2,46,159.26,0,10,0,50.17308642454494,0
2026-02-05,12,3,38,159.26,0,10,0,65.57185115321687,0
2026-02-05,13,1,30,57.86,0,9,0,86.50363008004123,0
2026-02-05,13,2,38,57.86,0,9,0,80.64592736318423,0
2026-02-05,13,3,34,57.86,0,9,0,74.58143158593285,0
2026-02-05,14,1,130,345.27,1,13,0,347.7047105581418,0
2026-02-05,14,2,61,345.27,0,13,0,66.13987751518493,1
2026-02-05,14,3,66,345.27,0,13,0,191.24973258207623,0
2026-02-05,15,1,49,225.67,0,3,0,32.92863133523911,0
2026-02-05,15,2,55,225.67,0,3,0,74.50774021892596,0
2026-02-05,15,3,44,225.67,0,3,0,111.28242697661341,0
2026-02-05,16,1,41,69.8,0,2,0,39.41436027617092,1
2026-02-05,16,2,35,69.8,0,2,0,66.18845660951908,0
2026-02-05,16,3,39,69.8,0,2,0,30.58609112649984,0
2026-02-05,17,1,58,252.64,0,17,0,156.63560617133993,0
2026-02-05,17,2,60,252.64,0,17,0,59.34846417651428,0
2026-02-05,17,3,47,252.64,0,17,0,124.53601332271876,0
2026-02-05,18,1,35,26.85,0,24,0,18.409183278660652,0
2026-02-05,18,2,32,26.85,0,25,1,52.8852551367693,0
2026-02-05,18,3,24,26.85,0,24,0,70.49380132533854,0
2026-02-05,19,1,66,455.57,0,24,0,196.87091130721333,0
2026-02-05,19,2,68,455.57,0,24,0,125.03830138485984,0
2026-02-05,19,3,69,455.57,0,24,0,71.55128168252136,0
2026-02-05,20,1,41,136.8,0,25,0,67.1387080537169,0
2026-02-05,20,2,41,136.8,0,25,0,98.08226388144571,0
2026-02-05,20,3,43,136.8,0,25,0,96.36743664404226,0
2026-02-05,21,1,57,334.64,0,6,0,119.67716659939255,0
2026-02-05,21,2,65,334.64,0,6,0,51.00967878115011,0
2026-02-05,21,3,61,334.64,0,6,0,44.46201965781825,0
2026-02-05,22,1,33,162.74,0,4,0,84.3861302070979,0
2026-02-05,22,2,49,162.74,0,4,0,92.1253234668712,0
2026-02-05,22,3,49,162.74,0,4,0,42.26399050604495,0
2026-02-05,23,1,49,264.83,0,13,0,126.49871584605395,0
2026-02-05,23,2,51,264.83,0,20,7,127.96032761383233,0
2026-02-05,23,3,62,264.83,0,13,0,144.40324389940227,0
2026-02-05,24,1,59,277.89,0,9,0,63.76318823925927,0
2026-02-05,24,2,57,277.89,0,9,0,154.83033254434153,0
2026-02-05,24,3,50,277.89,0,9,0,72.13039210681451,0
2026-02-05,25,1,41,100.58,0,23,0,57.190341355224845,0
2026-02-05,25,2,42,100.58,0,23,0,26.569595557267114,0
2026-02-05,25,3,42,100.58,0,23,0,106.1910881971826,0
2026-02-05,26,1,69,485.1,0,28,0,167.83158645946042,0
2026-02-05,26,2,72,485.1,0,28,0,39.29399760671468,0
2026-02-05,26,3,72,485.1,0,31,3,143.7990569226524,0
2026-02-05,27,1,58,389.82,0,4,0,68.81187819752539,0
2026-02-05,27,2,65,389.82,0,4,0,82.67606365882459,0
2026-02-05,27,3,63,389.82,0,4,0,182.55222987508483,0
2026-02-05,28,1,65,470.35,0,2,0,65.93375458248923,0
2026-02-05,28,2,73,470.35,0,2,0,52.375201536798656,0
2026-02-05,28,3,74,470.35,0,2,0,55.430029475687,0
2026-02-05,29,1,70,448.47,0,4,0,89.97548265135605,0
2026-02-05,29,2,64,448.47,0,4,0,161.3684473963874,0
2026-02-05,29,3,68,448.47,0,4,0,111.52643701845727,0
2026-02-05,30,1,63,302.97,0,6,0,122.8644801546149,0
2026-02-05,30,2,69,302.97,0,6,0,164.15380526957335,0
2026-02-05,30,3,56,302.97,0,6,0,128.29597905087402,0
2026-02-05,31,1,75,461.72,0,16,0,218.5117723090147,0
2026-02-05,31,2,79,461.72,0,16,0,158.04071984017875,0
2026-02-05,31,3,77,461.72,0,16,0,112.35982481539675,0
2026-02-05,32,1,34,53.36,0,15,0,78.97371918128053,0
2026-02-05,32,2,33,53.36,0,15,0,88.51254334958749,0
2026-02-05,32,3,27,53.36,0,15,0,35.84663954515542,0
2026-02-05,33,1,37,106.03,0,4,0,108.40313619207475,0
2026-02-05,33,2,32,106.03,0,4,0,74.40632211960127,0
2026-02-05,33,3,38,106.03,0,4,0,80.54928867146275,0
2026-02-05,34,1,25,32.16,0,2,0,72.82861444720075,0
2026-02-05,34,2,25,32.16,0,2,0,41.70202389436134,0
2026-02-05,34,3,30,32.16,0,2,0,36.35244713246282,0
2026-02-05,35,1,41,169.41,0,6,0,80.9515321795773,0
2026-02-05,35,2,49,169.41,0,6,0,107.1888470205385,0
2026-02-05,35,3,44,169.41,0,6,0,40.65297021850262,0
2026-02-05,36,1,47,200.45,0,27,0,69.15103424449524,0
2026-02-05,36,2,44,200.45,0,27,0,76.86154075196353,0
2026-02-05,36,3,44,200.45,0,27,0,107.50286642845836,0
2026-02-05,37,1,36,142.96,0,24,0,25.64403495943619,0
2026-02-05,37,2,43,142.96,0,24,0,55.27560028395494,0
2026-02-05,37,3,57,142.96,0,24,0,127.58063627212768,0
2026-02-05,38,1,72,416.08,0,15,0,84.86304910185127,0
2026-02-05,38,2,71,416.08,0,15,0,139.62743899440065,0
2026-02-05,38,3,69,416.08,0,15,0,129.480864585945,0
2026-02-05,39,1,51,184.81,0,8,0,89.05592514032776,0
2026-02-05,39,2,37,184.81,0,12,4,52.4529286724647,0
2026-02-05,39,3,44,184.81,0,8,0,73.38716446237612,0
2026-02-05,40,1,46,147.66,0,28,0,73.49419842884575,0
2026-02-05,40,2,41,147.66,0,31,3,85.73159119354881,0
2026-02-05,40,3,49,147.66,0,28,0,97.4227358261086,0
2026-02-05,41,1,57,275.92,0,10,0,102.94187322648837,0
2026-02-05,41,2,57,275.92,0,10,0,63.965909651562846,0
2026-02-05,41,3,53,275.92,0,10,0,110.93914533579496,0
2026-02-05,42,1,39,79.05,0,16,0,53.79852719433073,0
2026-02-05,42,2,47,79.05,0,16,0,138.89112714825566,0
2026-02-05,42,3,26,79.05,0,16,0,14.759507953902732,0
2026-02-05,43,1,72,403.08,0,16,0,123.2116002924788,0
2026-02-05,43,2,67,403.08,0,16,0,191.84829888761723,0
2026-02-05,43,3,72,403.08,0,16,0,129.32909537841513,0
2026-02-05,44,1,38,46.53,0,27,0,81.16097477461325,0
2026-02-05,44,2,38,46.53,0,27,0,81.49597897735777,0
2026-02-05,44,3,35,46.53,0,27,0,68.7745565727611,0
2026-02-05,45,1,71,493.57,0,11,0,101.23429884519756,0
2026-02-05,45,2,74,493.57,0,11,0,39.664485874408356,0
2026-02-05,45,3,78,493.57,0,11,0,141.59304120927155,0
2026-02-05,46,1,70,388.4,0,29,0,61.616520651110115,0
2026-02-05,46,2,71,388.4,0,29,0,45.67035511267199,1
2026-02-05,46,3,74,388.4,0,29,0,98.1273165617224,0
2026-02-05,47,1,40,107.37,0,14,0,26.24971195733145,0
2026-02-05,47,2,35,107.37,0,14,0,102.71432281285712,0
2026-02-05,47,3,33,107.37,0,14,0,56.2316843086579,0
2026-02-05,48,1,37,12.71,0,20,0,69.82835117525991,0
2026-02-05,48,2,33,12.71,0,20,0,91.4104711593493,0
2026-02-05,48,3,30,12.71,0,20,0,69.38732751967544,0
2026-02-05,49,1,67,409.58,0,8,0,126.96112242295324,0
2026-02-05,49,2,70,409.58,0,8,0,205.2834160359208,0
2026-02-05,49,3,143,409.58,1,8,0,357.8380514697887,0
2026-02-05,50,1,69,356.36,0,18,0,79.67921360634121,1
2026-02-05,50,2,65,356.36,0,18,0,35.28273772129397,0
2026-02-05,50,3,60,356.36,0,18,0,111.2361309369406,0
2026-02-06,1,1,68,394.74,0,4,0,161.29381342978957,0
2026-02-06,1,2,69,394.74,0,4,0,164.08139854916317,0
2026-02-06,1,3,65,394.74,0,4,0,88.91195154032842,0
2026-02-06,2,1,38,107.84,0,4,0,61.42704097612377,0
2026-02-06,2,2,37,107.84,0,4,0,70.77381130150746,0
2026-02-06,2,3,43,107.84,0,4,0,69.54769332891999,0
2026-02-06,3,1,59,261.97,0,2,0,64.05739289972952,0
2026-02-06,3,2,58,261.97,0,2,0,88.3502192773552,0
2026-02-06,3,3,59,261.97,0,2,0,57.80897978053995,0
2026-02-06,4,1,54,300.28,0,28,0,154.70760611078566,0
2026-02-06,4,2,62,300.28,0,28,0,90.5665248170714,0
2026-02-06,4,3,50,300.28,0,28,0,95.64529172655895,0
2026-02-06,5,1,20,32.76,0,6,0,51.2120624725589,0
2026-02-06,5,2,27,32.76,0,6,0,34.06422241544504,0
2026-02-06,5,3,35,32.76,0,6,0,98.61140914664382,0
2026-02-06,6,1,53,307.7,0,11,0,42.583372327886835,0
2026-02-06,6,2,67,307.7,0,11,0,54.74855147157839,0
2026-02-06,6,3,61,307.7,0,11,0,95.45978441787464,1
2026-02-06,7,1,44,93.56,0,8,0,28.825237579740985,0
2026-02-06,7,2,33,93.56,0,8,0,65.79814608636173,0
2026-02-06,7,3,50,93.56,0,8,0,101.87761112880919,0
2026-02-06,8,1,38,41.88,0,27,0,41.76926831807104,0
2026-02-06,8,2,32,41.88,0,27,0,58.38276202750286,0
2026-02-06,8,3,29,41.88,0,27,0,75.71542378138658,0
2026-02-06,9,1,84,474.95,0,10,0,97.8217989444769,0
2026-02-06,9,2,73,474.95,0,10,0,67.17280511576573,0
2026-02-06,9,3,73,474.95,0,10,0,183.74327740039078,0
2026-02-06,10,1,68,483.16,0,29,0,45.76717345959597,0
2026-02-06,10,2,77,483.16,0,29,0,100.35764981482156,0
2026-02-06,10,3,82,483.16,0,32,3,173.49753632691363,0
2026-02-06,11,1,61,406.11,0,14,6,109.14546500328223,0
2026-02-06,11,2,65,406.11,0,8,0,149.03685600111925,0
2026-02-06,11,3,66,406.11,0,14,6,179.6862210717911,0
2026-02-06,12,1,44,159.26,0,10,0,41.16747091351771,0
2026-02-06,12,2,45,159.26,0,10,0,86.78037350467262,0
2026-02-06,12,3,37,159.26,0,10,0,56.739429909884585,0
2026-02-06,13,1,38,57.86,0,9,0,67.11712013988958,0
2026-02-06,13,2,29,57.86,0,9,0,23.61256223342914,0
2026-02-06,13,3,32,57.86,0,9,0,62.82622824401912,0
2026-02-06,14,1,61,345.27,0,13,0,155.43943385228002,1
2026-02-06,14,2,67,345.27,0,13,0,166.40002060317758,0
2026-02-06,14,3,58,345.27,0,13,0,153.35857551370523,1
2026-02-06,15,1,56,225.67,0,3,0,113.95703302740029,0
2026-02-06,15,2,61,225.67,0,3,0,146.31930915519973,0
2026-02-06,15,3,46,225.67,0,3,0,82.83645199973188,0
2026-02-06,16,1,37,69.8,0,2,0,29.52999429266677,0
2026-02-06,16,2,34,69.8,0,2,0,90.72334181760215,0
2026-02-06,16,3,28,69.8,0,2,0,21.03449909710207,0
2026-02-06,17,1,109,252.64,1,17,0,220.10511106114032,1
2026-02-06,17,2,60,252.64,0,17,0,176.227902091006,0
2026-02-06,17,3,57,252.64,0,17,0,125.37282323290722,0
2026-02-06,18,1,21,26.85,0,24,0,53.64029011880009,0
2026-02-06,18,2,36,26.85,0,24,0,31.526235439127525,0
2026-02-06,18,3,30,26.85,0,24,0,52.14422803916129,0
2026-02-06,19,1,77,455.57,0,24,0,223.53120948173023,0
2026-02-06,19,2,82,455.57,0,24,0,117.47082548370443,0
2026-02-06,19,3,79,455.57,0,24,0,232.0866513449407,1
2026-02-06,20,1,30,136.8,0,25,0,15.632059317159388,0
2026-02-06,20,2,48,136.8,0,25,0,56.43939237184607,0
2026-02-06,20,3,33,136.8,0,25,0,53.485363654745086,0
2026-02-06,21,1,52,334.64,0,6,0,44.65614729686343,0
2026-02-06,21,2,60,334.64,0,6,0,100.37723158623203,0
2026-02-06,21,3,60,334.64,0,6,0,112.15683589423908,0
2026-02-06,22,1,49,162.74,0,4,0,115.1153259821648,0
2026-02-06,22,2,43,162.74,0,4,0,44.23864384965819,0
2026-02-06,22,3,42,162.74,0,4,0,106.8983667849543,0
2026-02-06,23,1,53,264.83,0,13,0,68.04144780734642,0
2026-02-06,23,2,58,264.83,0,13,0,147.78853529619764,0
2026-02-06,23,3,60,264.83,0,13,0,158.82482568776587,1
2026-02-06,24,1,54,277.89,0,11,2,111.23246926745465,0
2026-02-06,24,2,53,277.89,0,9,0,119.13464761515519,0
2026-02-06,24,3,111,277.89,1,9,0,317.8019701513094,0
2026-02-06,25,1,35,100.58,0,23,0,24.957507787182095,0
2026-02-06,25,2,35,100.58,0,23,0,92.05246223488648,0
2026-02-06,25,3,36,100.58,0,23,0,75.67526639652732,0
2026-02-06,26,1,71,485.1,0,28,0,119.6260390632503,0
2026-02-06,26,2,77,485.1,0,28,0,162.31947091553616,0
2026-02-06,26,3,81,485.1,0,28,0,147.25432186028783,1
2026-02-06,27,1,71,389.82,0,4,0,195.43375693152976,0
2026-02-06,27,2,67,389.82,0,4,0,94.96531638603618,0
2026-02-06,27,3,62,389.82,0,4,0,102.97121841642071,0
2026-02-06,28,1,82,470.35,0,2,0,122.74690430012055,0
2026-02-06,28,2,76,470.35,0,2,0,63.579359406567086,0
2026-02-06,28,3,80,470.35,0,2,0,173.69305103377954,0
2026-02-06,29,1,69,448.47,0,4,0,172.7467450773172,0
2026-02-06,29,2,61,448.47,0,4,0,62.84991281961654,0
2026-02-06,29,3,71,448.47,0,4,0,98.02968106327108,0
2026-02-06,30,1,61,302.97,0,6,0,135.56268525380582,1
2026-02-06,30,2,58,302.97,0,6,0,126.98677356522296,0
2026-02-06,30,3,58,302.97,0,6,0,97.87022056658397,0
2026-02-06,31,1,77,461.72,0,16,0,182.68994114787552,0
2026-02-06,31,2,64,461.72,0,19,3,132.07523606709276,0
2026-02-06,31,3,72,461.72,0,16,0,126.56257121375847,0
2026-02-06,32,1,32,53.36,0,15,0,87.39652137668591,0
2026-02-06,32,2,30,53.36,0,15,0,66.55618528282658,0
2026-02-06,32,3,36,53.36,0,15,0,20.781253572083525,0
2026-02-06,33,1,32,106.03,0,4,0,16.301970385769845,0
2026-02-06,33,2,40,106.03,0,4,0,83.82157862237271,0
2026-02-06,33,3,37,106.03,0,4,0,59.63786266400467,0
2026-02-06,34,1,20,32.16,0,2,0,36.24701695376021,0
2026-02-06,34,2,32,32.16,0,2,0,22.991694081737172,0
2026-02-06,34,3,28,32.16,0,2,0,14.915277047016039,0
2026-02-06,35,1,47,169.41,0,6,0,106.69035245837797,0
2026-02-06,35,2,47,169.41,0,6,0,45.12748912116446,1
2026-02-06,35,3,39,169.41,0,6,0,72.60788890363968,0
2026-02-06,36,1,44,200.45,0,27,0,119.0531970554138,0
2026-02-06,36,2,39,200.45,0,30,3,82.11447153056046,1
2026-02-06,36,3,53,200.45,0,27,0,29.23124354575207,0
2026-02-06,37,1,35,142.96,0,24,0,39.29562476496246,0
2026-02-06,37,2,49,142.96,0,24,0,105.53032681160764,0
2026-02-06,37,3,38,142.96,0,24,0,37.11805838391773,0
2026-02-06,38,1,77,416.08,0,15,0,102.91836255923604,0
2026-02-06,38,2,78,416.08,0,18,3,78.27156492294229,0
2026-02-06,38,3,67,416.08,0,15,0,171.17706332189857,0
2026-02-06,39,1,50,184.81,0,8,0,25.997020917686562,0
2026-02-06,39,2,42,184.81,0,8,0,71.20724806889208,0
2026-02-06,39,3,48,184.81,0,8,0,70.69024893099538,0
2026-02-06,40,1,85,147.66,1,28,0,169.40143626404196,0
2026-02-06,40,2,54,147.66,0,28,0,90.34226829262201,0
2026-02-06,40,3,51,147.66,0,28,0,111.95142804501366,0
2026-02-06,41,1,61,275.92,0,10,0,38.595922646327246,0
2026-02-06,41,2,53,275.92,0,10,0,147.09462264222452,0
2026-02-06,41,3,50,275.92,0,10,0,60.79116002926723,0
2026-02-06,42,1,35,79.05,0,16,0,90.59342010009786,0
2026-02-06,42,2,38,79.05,0,16,0,34.809714583248734,0
2026-02-06,42,3,42,79.05,0,16,0,93.56031853568183,0
2026-02-06,43,1,67,403.08,0,16,0,85.18378735785716,0
2026-02-06,43,2,63,403.08,0,16,0,159.3894869593333,1
2026-02-06,43,3,62,403.08,0,16,0,32.527808639181224,0
2026-02-06,44,1,36,46.53,0,27,0,33.6299693120256,0
2026-02-06,44,2,32,46.53,0,27,0,18.06026137763785,0
2026-02-06,44,3,41,46.53,0,27,0,102.85152463681928,0
2026-02-06,45,1,72,493.57,0,13,2,159.05244419840702,0
2026-02-06,45,2,85,493.57,0,11,0,51.30413980229278,0
2026-02-06,45,3,73,493.57,0,11,0,40.99187352262529,0
2026-02-06,46,1,137,388.4,1,29,0,237.8947795806419,0
2026-02-06,46,2,71,388.4,0,29,0,79.26070762315715,0
2026-02-06,46,3,62,388.4,0,29,0,39.22302371631049,0
2026-02-06,47,1,33,107.37,0,14,0,86.23860956693284,0
2026-02-06,47,2,49,107.37,0,14,0,48.75439505295999,0
2026-02-06,47,3,33,107.37,0,14,0,83.0095761060906,0
2026-02-06,48,1,30,12.71,0,20,0,51.376553076719716,0
2026-02-06,48,2,37,12.71,0,20,0,65.92888872380692,0
2026-02-06,48,3,32,12.71,0,20,0,62.35064670331256,0
2026-02-06,49,1,69,409.58,0,8,0,203.60146226762055,0
2026-02-06,49,2,62,409.58,0,8,0,134.2336334803576,0
2026-02-06,49,3,76,409.58,0,8,0,182.4867805126372,0
2026-02-06,50,1,63,356.36,0,18,0,82.41850587820454,0
2026-02-06,50,2,59,356.36,0,18,0,61.15621934078202,0
2026-02-06,50,3,57,356.36,0,18,0,60.64518523250172,0
2026-02-07,1,1,80,394.74,0,4,0,193.72956712999672,0
2026-02-07,1,2,72,394.74,0,4,0,158.1294955449532,0
2026-02-07,1,3,66,394.74,0,4,0,53.178883949322554,0
2026-02-07,2,1,38,107.84,0,4,0,73.04955185129614,0
2026-02-07,2,2,45,107.84,0,4,0,29.816826718634243,0
2026-02-07,2,3,47,107.84,0,4,0,93.28104537270048,0
2026-02-07,3,1,54,261.97,0,2,0,79.2737544603143,0
2026-02-07,3,2,54,261.97,0,2,0,73.11031332290817,0
2026-02-07,3,3,57,261.97,0,2,0,65.61007351618572,0
2026-02-07,4,1,66,300.28,0,28,0,174.36250959719757,0
2026-02-07,4,2,70,300.28,0,28,0,126.12076532020895,0
2026-02-07,4,3,67,300.28,0,28,0,91.57063815239968,0
2026-02-07,5,1,40,32.76,0,6,0,60.59847658269216,0
2026-02-07,5,2,26,32.76,0,6,0,50.41554378816785,0
2026-02-07,5,3,40,32.76,0,6,0,109.63433041346933,0
2026-02-07,6,1,62,307.7,0,11,0,112.41516263072171,0
2026-02-07,6,2,68,307.7,0,11,0,65.48118447719443,0
2026-02-07,6,3,57,307.7,0,11,0,64.01620759535638,0
2026-02-07,7,1,46,93.56,0,8,0,67.72384199752229,0
2026-02-07,7,2,43,93.56,0,11,3,23.83591079403248,0
2026-02-07,7,3,45,93.56,0,8,0,76.29598972601768,0
2026-02-07,8,1,35,41.88,0,27,0,67.58950399665379,0
2026-02-07,8,2,41,41.88,0,27,0,76.59314048241876,0
2026-02-07,8,3,39,41.88,0,27,0,57.026321716383144,0
2026-02-07,9,1,78,474.95,0,10,0,164.83458001983394,0
2026-02-07,9,2,161,474.95,1,10,0,339.540778137698,0
2026-02-07,9,3,86,474.95,0,10,0,193.05881971242945,0
2026-02-07,10,1,76,483.16,0,29,0,70.7930370025992,0
2026-02-07,10,2,81,483.16,0,29,0,144.9661289617584,0
2026-02-07,10,3,81,483.16,0,29,0,106.80570803750007,0
2026-02-07,11,1,79,406.11,0,8,0,179.43156541362063,0
2026-02-07,11,2,74,406.11,0,8,0,177.56232653857,0
2026-02-07,11,3,77,406.11,0,8,0,147.54611849723307,1
2026-02-07,12,1,53,159.26,0,10,0,58.62948683365898,0
2026-02-07,12,2,56,159.26,0,10,0,89.36793612538959,0
2026-02-07,12,3,53,159.26,0,10,0,95.64919632995223,0
2026-02-07,13,1,37,57.86,0,9,0,42.636913247336196,0
2026-02-07,13,2,42,57.86,0,9,0,26.01387412243514,0
2026-02-07,13,3,44,57.86,0,9,0,22.33396210379994,0
2026-02-07,14,1,66,345.27,0,13,0,118.89812228490399,0
2026-02-07,14,2,69,345.27,0,13,0,199.65621533393565,0
2026-02-07,14,3,74,345.27,0,13,0,117.76069697288177,0
2026-02-07,15,1,59,225.67,0,3,0,116.80469145856866,0
2026-02-07,15,2,52,225.67,0,3,0,85.47678572395213,0
2026-02-07,15,3,40,225.67,0,3,0,23.99032706112883,0
2026-02-07,16,1,39,69.8,0,2,0,64.14516196495693,0
2026-02-07,16,2,43,69.8,0,2,0,107.6685411112878,0
2026-02-07,16,3,32,69.8,0,2,0,89.68152112007168,0
2026-02-07,17,1,61,252.64,0,17,0,34.192757843619326,0
2026-02-07,17,2,62,252.64,0,17,0,76.09061404434827,0
2026-02-07,17,3,55,252.64,0,17,0,126.26627480772358,0
2026-02-07,18,1,34,26.85,0,24,0,37.549561571927846,0
2026-02-07,18,2,39,26.85,0,24,0,60.56696976457223,0
2026-02-07,18,3,41,26.85,0,24,0,88.76713491843198,0
2026-02-07,19,1,76,455.57,0,24,0,144.33654778338646,0
2026-02-07,19,2,74,455.57,0,24,0,57.22061669262127,0
2026-02-07,19,3,74,455.57,0,24,0,173.34715693267887,0
2026-02-07,20,1,45,136.8,0,25,0,102.30984930030199,0
2026-02-07,20,2,42,136.8,0,25,0,54.69836243454239,0
2026-02-07,20,3,94,136.8,1,25,0,126.03485954781698,0
2026-02-07,21,1,62,334.64,0,6,0,43.90710859297855,0
2026-02-07,21,2,71,334.64,0,6,0,99.22899683959159,0
2026-02-07,21,3,69,334.64,0,6,0,152.49263861031784,0
2026-02-07,22,1,49,162.74,0,4,0,133.14347436062286,0
2026-02-07,22,2,56,162.74,0,4,0,125.0652282858293,0
2026-02-07,22,3,41,162.74,0,4,0,71.34493555090037,0
2026-02-07,23,1,62,264.83,0,13,0,44.77444688069687,0
2026-02-07,23,2,60,264.83,0,13,0,120.74015829195858,0
2026-02-07,23,3,59,264.83,0,13,0,97.23164331255323,0
2026-02-07,24,1,73,277.89,0,9,0,62.40387189063269,0
2026-02-07,24,2,68,277.89,0,9,0,62.92613776028655,0
2026-02-07,24,3,64,277.89,0,9,0,136.73400909963476,0
2026-02-07,25,1,47,100.58,0,23,0,51.86762011349684,0
2026-02-07,25,2,49,100.58,0,23,0,45.82020368694902,1
2026-02-07,25,3,45,100.58,0,23,0,67.72163941466893,0
2026-02-07,26,1,85,485.1,0,28,0,141.03248221050757,0
2026-02-07,26,2,82,485.1,0,28,0,143.5260264926616,0
2026-02-07,26,3,75,485.1,0,28,0,94.75717318774521,0
2026-02-07,27,1,71,389.82,0,4,0,174.72097429263331,0
2026-02-07,27,2,79,389.82,0,4,0,119.41123202311701,0
2026-02-07,27,3,77,389.82,0,4,0,94.68726134050944,0
2026-02-07,28,1,83,470.35,0,2,0,116.18379414528192,0
2026-02-07,28,2,86,470.35,0,2,0,138.0365228360166,0
2026-02-07,28,3,83,470.35,0,2,0,59.3491453461137,0
2026-02-07,29,1,80,448.47,0,4,0,173.31792983260522,0
2026-02-07,29,2,74,448.47,0,4,0,51.32220641739398,0
2026-02-07,29,3,83,448.47,0,4,0,69.36980220418124,0
2026-02-07,30,1,70,302.97,0,6,0,199.3558393640856,0
2026-02-07,30,2,69,302.97,0,6,0,151.06918966746863,0
2026-02-07,30,3,71,302.97,0,6,0,180.64156166286978,0
2026-02-07,31,1,83,461.72,0,16,0,69.88029441403175,1
2026-02-07,31,2,74,461.72,0,16,0,66.01706186629097,0
2026-02-07,31,3,80,461.72,0,16,0,204.16097974122908,0
2026-02-07,32,1,47,53.36,0,15,0,103.216538507536,0
2026-02-07,32,2,40,53.36,0,15,0,70.43978298304701,1
2026-02-07,32,3,39,53.36,0,15,0,105.80542725838255,0
2026-02-07,33,1,87,106.03,1,4,0,217.45147513121316,0
2026-02-07,33,2,42,106.03,0,4,0,64.30584032474239,0
2026-02-07,33,3,51,106.03,0,4,0,144.00992875922734,0
2026-02-07,34,1,39,32.16,0,2,0,50.25666777736694,0
2026-02-07,34,2,37,32.16,0,2,0,105.25533312228717,0
2026-02-07,34,3,48,32.16,0,2,0,89.62705606285809,0
2026-02-07,35,1,45,169.41,0,6,0,40.00088172827412,0
2026-02-07,35,2,52,169.41,0,6,0,106.25825448825648,0
2026-02-07,35,3,59,169.41,0,6,0,143.40394367002654,0
2026-02-07,36,1,59,200.45,0,27,0,69.64382368310531,0
2026-02-07,36,2,49,200.45,0,27,0,122.14048572621077,0
2026-02-07,36,3,53,200.45,0,27,0,114.9924780333137,0
2026-02-07,37,1,49,142.96,0,24,0,30.58270919617385,0
2026-02-07,37,2,48,142.96,0,24,0,44.323634591239774,0
2026-02-07,37,3,45,142.96,0,24,0,115.93101882405936,0
2026-02-07,38,1,75,416.08,0,15,0,178.28981912086738,0
2026-02-07,38,2,73,416.08,0,15,0,45.64002964196921,0
2026-02-07,38,3,80,416.08,0,15,0,88.08796713489984,0
2026-02-07,39,1,49,184.81,0,8,0,106.96743031082966,0
2026-02-07,39,2,49,184.81,0,8,0,75.30499358739996,0
2026-02-07,39,3,44,184.81,0,8,0,60.09240182312361,0
2026-02-07,40,1,56,147.66,0,28,0,147.24103800029985,0
2026-02-07,40,2,43,147.66,0,28,0,30.47739783193371,0
2026-02-07,40,3,46,147.66,0,28,0,68.8536423426394,0
2026-02-07,41,1,61,275.92,0,10,0,118.87657047056103,0
2026-02-07,41,2,66,275.92,0,10,0,105.09130422128761,0
2026-02-07,41,3,58,275.92,0,16,6,99.70379119559597,0
2026-02-07,42,1,41,79.05,0,16,0,38.04028707025757,0
2026-02-07,42,2,46,79.05,0,16,0,24.62876863152391,0
2026-02-07,42,3,39,79.05,0,16,0,93.987668252911,0
2026-02-07,43,1,76,403.08,0,16,0,203.15910945709132,1
2026-02-07,43,2,78,403.08,0,16,0,199.87500565803532,0
2026-02-07,43,3,68,403.08,0,16,0,37.34796677039949,0
2026-02-07,44,1,43,46.53,0,27,0,114.8181300767746,0
2026-02-07,44,2,37,46.53,0,27,0,32.510964849083145,0
2026-02-07,44,3,41,46.53,0,27,0,89.94798489229711,0
2026-02-07,45,1,75,493.57,0,11,0,124.27257560416318,0
2026-02-07,45,2,93,493.57,0,11,0,198.97983188799094,0
2026-02-07,45,3,79,493.57,0,11,0,211.65576817775448,0
2026-02-07,46,1,66,388.4,0,29,0,50.46201799296372,0
2026-02-07,46,2,77,388.4,0,29,0,87.85417280860473,0
2026-02-07,46,3,70,388.4,0,29,0,89.52539254287814,0
2026-02-07,47,1,49,107.37,0,14,0,84.86337848457926,0
2026-02-07,47,2,42,107.37,0,14,0,38.5495279867169,0
2026-02-07,47,3,50,107.37,0,14,0,76.86921645901482,0
2026-02-07,48,1,33,12.71,0,20,0,34.67565209309457,0
2026-02-07,48,2,28,12.71,0,20,0,57.624957474066036,0
2026-02-07,48,3,32,12.71,0,20,0,18.85883647041798,0
2026-02-07,49,1,79,409.58,0,8,0,179.8567930511056,0
2026-02-07,49,2,74,409.58,0,8,0,181.01083035445157,0
2026-02-07,49,3,76,409.58,0,8,0,220.60029675100733,0
2026-02-07,50,1,69,356.36,0,18,0,175.48437366032465,1
2026-02-07,50,2,73,356.36,0,18,0,134.0001908465493,0
2026-02-07,50,3,66,356.36,0,18,0,85.21760767159645,0
2026-02-08,1,1,76,394.74,0,4,0,169.58259619161598,0
2026-02-08,1,2,68,394.74,0,4,0,65.6627623780497,0
2026-02-08,1,3,72,394.74,0,4,0,37.825947554526714,1
2026-02-08,2,1,34,107.84,0,4,0,45.5674966801893,0
2026-02-08,2,2,46,107.84,0,4,0,108.64285057298935,0
2026-02-08,2,3,54,107.84,0,4,0,140.197680838424,0
2026-02-08,3,1,52,261.97,0,2,0,150.22538415668814,0
2026-02-08,3,2,120,261.97,1,2,0,145.29734751316275,0
2026-02-08,3,3,63,261.97,0,2,0,180.55692030699606,0
2026-02-08,4,1,65,300.28,0,28,0,32.76096642644228,0
2026-02-08,4,2,66,300.28,0,28,0,131.78253156116494,1
2026-02-08,4,3,66,300.28,0,28,0,88.90003794461637,0
2026-02-08,5,1,40,32.76,0,15,9,113.54561556059762,0
2026-02-08,5,2,33,32.76,0,6,0,82.86641976289262,0
2026-02-08,5,3,36,32.76,0,6,0,73.38266730822315,0
2026-02-08,6,1,64,307.7,0,11,0,159.2903138226863,0
2026-02-08,6,2,61,307.7,0,11,0,34.897364352046054,0
2026-02-08,6,3,68,307.7,0,11,0,166.6350638724023,1
2026-02-08,7,1,38,93.56,0,8,0,113.88413854612875,0
2026-02-08,7,2,40,93.56,0,8,0,79.86702575069637,0
2026-02-08,7,3,43,93.56,0,8,0,53.31395362589556,0
2026-02-08,8,1,40,41.88,0,27,0,93.51587979194005,0
2026-02-08,8,2,47,41.88,0,27,0,111.74393029872545,0
2026-02-08,8,3,38,41.88,0,27,0,106.22639160818706,0
2026-02-08,9,1,81,474.95,0,10,0,200.7509423992548,0
2026-02-08,9,2,76,474.95,0,10,0,167.76057596254427,0
2026-02-08,9,3,81,474.95,0,10,0,153.98556001971335,0
2026-02-08,10,1,89,483.16,0,34,5,113.37118725982604,0
2026-02-08,10,2,80,483.16,0,29,0,128.4133916331682,0
2026-02-08,10,3,80,483.16,0,29,0,224.1526582314742,0
2026-02-08,11,1,68,406.11,0,8,0,76.34682144952923,0
2026-02-08,11,2,69,406.11,0,8,0,176.56475058633197,0
2026-02-08,11,3,76,406.11,0,8,0,166.3357932653104,0
2026-02-08,12,1,43,159.26,0,10,0,90.29901417169279,0
2026-02-08,12,2,55,159.26,0,10,0,62.011090946357314,1
2026-02-08,12,3,47,159.26,0,10,0,119.7659345242012,0
2026-02-08,13,1,54,57.86,0,9,0,37.7882442786497,0
2026-02-08,13,2,35,57.86,0,9,0,68.60203448143076,0
2026-02-08,13,3,33,57.86,0,9,0,95.9760401198827,0
2026-02-08,14,1,64,345.27,0,13,0,103.0015606964481,0
2026-02-08,14,2,69,345.27,0,13,0,44.57008148200745,0
2026-02-08,14,3,67,345.27,0,13,0,67.16342783183063,0
2026-02-08,15,1,58,225.67,0,3,0,50.98096633201801,0
2026-02-08,15,2,58,225.67,0,3,0,160.92975027449285,0
2026-02-08,15,3,54,225.67,0,3,0,76.45396170502801,0
2026-02-08,16,1,35,69.8,0,2,0,70.20785684745822,0
2026-02-08,16,2,41,69.8,0,2,0,94.51301986132768,0
2026-02-08,16,3,48,69.8,0,2,0,142.72567517525704,0
2026-02-08,17,1,64,252.64,0,17,0,101.04530105900338,0
2026-02-08,17,2,60,252.64,0,22,5,39.71570407242551,0
2026-02-08,17,3,54,252.64,0,17,0,149.95452295854292,0
2026-02-08,18,1,36,26.85,0,24,0,106.30979448514712,0
2026-02-08,18,2,31,26.85,0,24,0,83.99727503717786,0
2026-02-08,18,3,38,26.85,0,24,0,76.3748348623168,0
2026-02-08,19,1,84,455.57,0,24,0,66.60277745513768,0
2026-02-08,19,2,86,455.57,0,24,0,232.3884768442542,0
2026-02-08,19,3,84,455.57,0,24,0,177.78143889614154,0
2026-02-08,20,1,56,136.8,0,25,0,41.42009298937389,0
2026-02-08,20,2,40,136.8,0,25,0,51.58193796513055,0
2026-02-08,20,3,44,136.8,0,25,0,98.78506465292656,0
2026-02-08,21,1,70,334.64,0,6,0,59.36328886554095,0
2026-02-08,21,2,69,334.64,0,6,0,88.12132673493514,0
2026-02-08,21,3,70,334.64,0,6,0,207.40463293401874,0
2026-02-08,22,1,43,162.74,0,4,0,105.8820410295847,0
2026-02-08,22,2,51,162.74,0,4,0,27.859690293426173,0
2026-02-08,22,3,53,162.74,0,4,0,47.533332089503986,0
2026-02-08,23,1,61,264.83,0,13,0,160.02110661170713,0
2026-02-08,23,2,57,264.83,0,13,0,167.81671883453157,0
2026-02-08,23,3,51,264.83,0,13,0,150.99586960811033,0
2026-02-08,24,1,71,277.89,0,9,0,129.10128883974534,0
2026-02-08,24,2,54,277.89,0,9,0,84.41623405947371,0
2026-02-08,24,3,64,277.89,0,9,0,137.92963366672308,0
2026-02-08,25,1,44,100.58,0,23,0,109.59047120542954,0
2026-02-08,25,2,53,100.58,0,23,0,61.384046903028825,0
2026-02-08,25,3,36,100.58,0,23,0,74.26514090969178,0
2026-02-08,26,1,83,485.1,0,28,0,216.59662297414306,0
2026-02-08,26,2,95,485.1,0,28,0,167.98380523400934,0
2026-02-08,26,3,76,485.1,0,28,0,128.52653041281124,0
2026-02-08,27,1,70,389.82,0,10,6,68.35880722209299,0
2026-02-08,27,2,74,389.82,0,4,0,174.62213491624416,1
2026-02-08,27,3,75,389.82,0,4,0,38.30857920821871,0
2026-02-08,28,1,81,470.35,0,2,0,180.9300836197462,0
2026-02-08,28,2,79,470.35,0,2,0,184.29558684949976,0
2026-02-08,28,3,76,470.35,0,2,0,198.4611529827539,0
2026-02-08,29,1,76,448.47,0,4,0,50.964017300770756,0
2026-02-08,29,2,81,448.47,0,4,0,73.129524323244,0
2026-02-08,29,3,73,448.47,0,4,0,105.93788263727191,0
2026-02-08,30,1,66,302.97,0,6,0,117.7941263338104,0
2026-02-08,30,2,54,302.97,0,6,0,142.8228018932378,0
2026-02-08,30,3,67,302.97,0,6,0,133.61423038923633,0
2026-02-08,31,1,74,461.72,0,16,0,217.71465049659685,1
2026-02-08,31,2,76,461.72,0,16,0,192.13724589145764,0
2026-02-08,31,3,79,461.72,0,16,0,65.47785090702388,0
2026-02-08,32,1,31,53.36,0,15,0,72.97361612630111,0
2026-02-08,32,2,33,53.36,0,15,0,49.567183629670524,0
2026-02-08,32,3,47,53.36,0,15,0,104.20442478709812,0
2026-02-08,33,1,38,106.03,0,4,0,26.695654789335574,0
2026-02-08,33,2,38,106.03,0,4,0,109.73499428152856,1
2026-02-08,33,3,48,106.03,0,4,0,61.45611779513317,0
2026-02-08,34,1,71,32.16,1,2,0,74.13651763846745,0
2026-02-08,34,2,40,32.16,0,2,0,48.455794673761204,0
2026-02-08,34,3,35,32.16,0,2,0,61.96821531578614,0
2026-02-08,35,1,48,169.41,0,6,0,89.10657967384128,0
2026-02-08,35,2,56,169.41,0,6,0,128.37805585125184,0
2026-02-08,35,3,50,169.41,0,6,0,82.72160451073076,0
2026-02-08,36,1,53,200.45,0,27,0,53.06733457666293,0
2026-02-08,36,2,60,200.45,0,27,0,134.4209244306134,0
2026-02-08,36,3,56,200.45,0,27,0,78.35967890053911,0
2026-02-08,37,1,44,142.96,0,24,0,39.79571535235643,0
2026-02-08,37,2,43,142.96,0,24,0,74.57590120222925,0
2026-02-08,37,3,63,142.96,0,24,0,181.68293369791706,0
2026-02-08,38,1,74,416.08,0,21,6,89.95521403924936,0
2026-02-08,38,2,81,416.08,0,15,0,200.97656166135042,0
2026-02-08,38,3,78,416.08,0,15,0,98.82015696879056,1
2026-02-08,39,1,43,184.81,0,8,0,73.7185553214709,0
2026-02-08,39,2,55,184.81,0,8,0,120.09743645613797,0
2026-02-08,39,3,51,184.81,0,8,0,39.49685328591687,0
2026-02-08,40,1,49,147.66,0,28,0,42.29892582529491,0
2026-02-08,40,2,43,147.66,0,28,0,94.3774649289806,0
2026-02-08,40,3,48,147.66,0,28,0,52.788798230655175,0
2026-02-08,41,1,60,275.92,0,10,0,69.45531334346799,0
2026-02-08,41,2,61,275.92,0,10,0,93.63358887510513,0
2026-02-08,41,3,62,275.92,0,10,0,175.06381840973773,0
2026-02-08,42,1,43,79.05,0,16,0,76.37340022769622,0
2026-02-08,42,2,38,79.05,0,19,3,49.644924145430764,0
2026-02-08,42,3,35,79.05,0,16,0,46.52990464306248,0
2026-02-08,43,1,67,403.08,0,16,0,63.56883737260673,0
2026-02-08,43,2,78,403.08,0,16,0,142.99702757155788,0
2026-02-08,43,3,72,403.08,0,16,0,85.5803906870349,0
2026-02-08,44,1,35,46.53,0,27,0,77.882852180149,1
2026-02-08,44,2,47,46.53,0,27,0,106.14303702355465,0
2026-02-08,44,3,37,46.53,0,27,0,35.95170517914532,0
2026-02-08,45,1,82,493.57,0,11,0,93.08734961594568,0
2026-02-08,45,2,87,493.57,0,11,0,67.57493893632606,0
2026-02-08,45,3,82,493.57,0,11,0,132.84945350717638,0
2026-02-08,46,1,64,388.4,0,29,0,55.55511734983226,0
2026-02-08,46,2,67,388.4,0,29,0,147.590573542817,0
2026-02-08,46,3,81,388.4,0,29,0,153.00898475561445,0
2026-02-08,47,1,51,107.37,0,14,0,101.89364910368081,0
2026-02-08,47,2,43,107.37,0,14,0,81.72071133447652,0
2026-02-08,47,3,52,107.37,0,14,0,121.80739538963542,0
2026-02-08,48,1,42,12.71,0,20,0,56.96562785450677,0
2026-02-08,48,2,40,12.71,0,20,0,26.691814271974273,0
2026-02-08,48,3,31,12.71,0,20,0,59.85112923463262,0
2026-02-08,49,1,76,409.58,0,8,0,63.77549747105628,0
2026-02-08,49,2,67,409.58,0,8,0,100.31209846601837,0
2026-02-08,49,3,78,409.58,0,8,0,213.80234826765803,0
2026-02-08,50,1,65,356.36,0,18,0,90.44117224757639,0
2026-02-08,50,2,66,356.36,0,18,0,175.645357065206,0
2026-02-08,50,3,79,356.36,0,19,1,236.49123476251515,0
2026-02-09,1,1,69,394.74,0,4,0,151.96187058874958,0
2026-02-09,1,2,73,394.74,0,4,0,69.03668914941782,0
2026-02-09,1,3,70,394.74,0,4,0,40.221039975808836,0
2026-02-09,2,1,36,107.84,0,4,0,19.644796326452127,0
2026-02-09,2,2,73,107.84,1,4,0,154.51237102498388,0
2026-02-09,2,3,42,107.84,0,4,0,90.56345928022907,1
2026-02-09,3,1,51,261.97,0,2,0,150.7980883693864,0
2026-02-09,3,2,60,261.97,0,2,0,57.20516404062149,0
2026-02-09,3,3,51,261.97,0,2,0,101.35696912117879,1
2026-02-09,4,1,62,300.28,0,28,0,92.9238319595108,0
2026-02-09,4,2,57,300.28,0,28,0,29.851378097243458,0
2026-02-09,4,3,54,300.28,0,28,0,133.12164093976574,0
2026-02-09,5,1,34,32.76,0,6,0,41.62667231053139,0
2026-02-09,5,2,37,32.76,0,6,0,96.49677500195962,0
2026-02-09,5,3,29,32.76,0,6,0,29.928958882213564,0
2026-02-09,6,1,77,307.7,0,11,0,112.59420646750932,0
2026-02-09,6,2,55,307.7,0,11,0,82.97471450577063,0
2026-02-09,6,3,57,307.7,0,11,0,48.70429273169211,0
2026-02-09,7,1,47,93.56,0,8,0,94.28938005413119,0
2026-02-09,7,2,35,93.56,0,8,0,21.41635613106935,0
2026-02-09,7,3,31,93.56,0,8,0,64.25793199065023,1
2026-02-09,8,1,39,41.88,0,27,0,83.7847712037313,0
2026-02-09,8,2,31,41.88,0,27,0,28.537989144450435,0
2026-02-09,8,3,30,41.88,0,27,0,18.55025916068687,0
2026-02-09,9,1,83,474.95,0,10,0,181.97033805976056,0
2026-02-09,9,2,82,474.95,0,10,0,133.12946600577155,0
2026-02-09,9,3,78,474.95,0,10,0,79.19322026079354,0
2026-02-09,10,1,68,483.16,0,29,0,177.19569323425605,0
2026-02-09,10,2,73,483.16,0,29,0,150.52527023581612,0
2026-02-09,10,3,81,483.16,0,29,0,212.36692802547944,0
2026-02-09,11,1,68,406.11,0,8,0,91.54386352086672,0
2026-02-09,11,2,66,406.11,0,8,0,164.41644597781408,0
2026-02-09,11,3,80,406.11,0,8,0,138.59680156804828,0
2026-02-09,12,1,39,159.26,0,10,0,42.87542808399331,0
2026-02-09,12,2,44,159.26,0,10,0,29.438896040143977,0
2026-02-09,12,3,46,159.26,0,10,0,41.10146946281688,0
2026-02-09,13,1,36,57.86,0,9,0,28.48795385329137,0
2026-02-09,13,2,31,57.86,0,9,0,27.094221583416452,0
2026-02-09,13,3,39,57.86,0,9,0,48.49389597726606,0
2026-02-09,14,1,63,345.27,0,13,0,141.5233614588014,0
2026-02-09,14,2,57,345.27,0,13,0,133.42811355593017,0
2026-02-09,14,3,59,345.27,0,13,0,131.98561857065428,0
2026-02-09,15,1,57,225.67,0,3,0,61.090482043893154,0
2026-02-09,15,2,47,225.67,0,3,0,114.69174173857293,0
2026-02-09,15,3,48,225.67,0,3,0,55.5850619919951,0
2026-02-09,16,1,38,69.8,0,2,0,28.91832860632357,0
2026-02-09,16,2,41,69.8,0,2,0,103.25845175316489,0
2026-02-09,16,3,39,69.8,0,2,0,115.51260462609528,0
2026-02-09,17,1,54,252.64,0,17,0,45.47702581431209,0
2026-02-09,17,2,57,252.64,0,17,0,142.9732606008826,0
2026-02-09,17,3,54,252.64,0,17,0,28.622779673928733,0
2026-02-09,18,1,34,26.85,0,24,0,63.61894207313595,0
2026-02-09,18,2,29,26.85,0,24,0,41.521439603534915,0
2026-02-09,18,3,25,26.85,0,24,0,63.62656930229852,1
2026-02-09,19,1,71,455.57,0,24,0,136.7153967609478,0
2026-02-09,19,2,83,455.57,0,29,5,93.46295672933988,0
2026-02-09,19,3,75,455.57,0,24,0,77.83254014902268,1
2026-02-09,20,1,40,136.8,0,25,0,59.428870146042314,0
2026-02-09,20,2,38,136.8,0,25,0,32.07163436125583,0
2026-02-09,20,3,51,136.8,0,25,0,50.449333842052425,0
2026-02-09,21,1,57,334.64,0,6,0,156.06863435797015,0
2026-02-09,21,2,57,334.64,0,6,0,84.98562515511077,1
2026-02-09,21,3,69,334.64,0,6,0,130.3557561313815,0
2026-02-09,22,1,46,162.74,0,4,0,59.60151292518019,0
2026-02-09,22,2,43,162.74,0,4,0,57.44927179208348,0
2026-02-09,22,3,48,162.74,0,4,0,139.64802559539513,0
2026-02-09,23,1,59,264.83,0,13,0,50.475767735172205,0
2026-02-09,23,2,63,264.83,0,13,0,73.54650556594224,0
2026-02-09,23,3,55,264.83,0,13,0,47.57709203816447,0
2026-02-09,24,1,64,277.89,0,9,0,185.2360442312167,0
2026-02-09,24,2,54,277.89,0,9,0,82.20039768522784,0
2026-02-09,24,3,61,277.89,0,9,0,112.06567262385343,0
2026-02-09,25,1,39,100.58,0,23,0,76.04032711543097,0
2026-02-09,25,2,34,100.58,0,23,0,28.16475720107847,0
2026-02-09,25,3,30,100.58,0,23,0,27.25173837852198,0
2026-02-09,26,1,81,485.1,0,28,0,233.38426840285135,0
2026-02-09,26,2,74,485.1,0,28,0,133.92080299265763,0
2026-02-09,26,3,81,485.1,0,28,0,241.72266551988326,0
2026-02-09,27,1,62,389.82,0,4,0,113.26479198658996,0
2026-02-09,27,2,76,389.82,0,4,0,125.57219923608476,0
2026-02-09,27,3,66,389.82,0,4,0,140.6211517806265,0
2026-02-09,28,1,73,470.35,0,2,0,128.84949761219372,0
2026-02-09,28,2,79,470.35,0,2,0,130.09131786767506,0
2026-02-09,28,3,76,470.35,0,2,0,155.72463087928423,0
2026-02-09,29,1,74,448.47,0,4,0,197.20647186099447,0
2026-02-09,29,2,73,448.47,0,4,0,173.54856039318307,0
2026-02-09,29,3,76,448.47,0,4,0,172.8164199452146,0
2026-02-09,30,1,52,302.97,0,6,0,126.23379347546748,0
2026-02-09,30,2,53,302.97,0,6,0,76.29475469834183,0
2026-02-09,30,3,51,302.97,0,6,0,81.65525654389998,1
2026-02-09,31,1,71,461.72,0,16,0,74.1638360893089,0
2026-02-09,31,2,76,461.72,0,16,0,189.90728885331032,0
2026-02-09,31,3,73,461.72,0,16,0,182.38128671625108,0
2026-02-09,32,1,32,53.36,0,15,0,47.67458874354782,0
2026-02-09,32,2,35,53.36,0,15,0,58.572945584786815,0
2026-02-09,32,3,33,53.36,0,15,0,76.31028769853866,0
2026-02-09,33,1,40,106.03,0,4,0,34.60263776489976,0
2026-02-09,33,2,43,106.03,0,4,0,101.87898896475278,0
2026-02-09,33,3,41,106.03,0,4,0,45.1359220326804,0
2026-02-09,34,1,33,32.16,0,2,0,34.99304278735672,0
2026-02-09,34,2,24,32.16,0,2,0,42.883517138632016,0
2026-02-09,34,3,28,32.16,0,2,0,79.16841421600452,0
2026-02-09,35,1,42,169.41,0,6,0,36.3124574120885,1
2026-02-09,35,2,50,169.41,0,6,0,148.34089657952356,0
2026-02-09,35,3,50,169.41,0,6,0,95.22294433271028,0
2026-02-09,36,1,55,200.45,0,27,0,102.86378222000648,0
2026-02-09,36,2,46,200.45,0,27,0,64.63557175098424,0
2026-02-09,36,3,52,200.45,0,27,0,120.30469179501308,0
2026-02-09,37,1,51,142.96,0,24,0,112.35715581796133,0
2026-02-09,37,2,47,142.96,0,24,0,132.58213731511492,0
2026-02-09,37,3,49,142.96,0,24,0,141.53722801630158,0
2026-02-09,38,1,68,416.08,0,15,0,148.10143303407943,0
2026-02-09,38,2,71,416.08,0,15,0,181.10205556266362,0
2026-02-09,38,3,66,416.08,0,15,0,166.7957497666464,0
2026-02-09,39,1,45,184.81,0,8,0,26.536001082085132,0
2026-02-09,39,2,49,184.81,0,8,0,79.71488121034118,0
2026-02-09,39,3,54,184.81,0,8,0,85.23033425651423,0
2026-02-09,40,1,45,147.66,0,28,0,80.07714048521171,0
2026-02-09,40,2,46,147.66,0,28,0,93.6876136471591,0
2026-02-09,40,3,39,147.66,0,28,0,96.27055026407814,0
2026-02-09,41,1,65,275.92,0,10,0,190.80018246779042,0
2026-02-09,41,2,58,275.92,0,10,0,121.7493687748763,1
2026-02-09,41,3,57,275.92,0,10,0,136.23155712260757,0
2026-02-09,42,1,35,79.05,0,16,0,99.3079173621279,0
2026-02-09,42,2,36,79.05,0,16,0,27.165934393748124,0
2026-02-09,42,3,40,79.05,0,16,0,72.89724052500503,0
2026-02-09,43,1,70,403.08,0,16,0,90.00402473353383,0
2026-02-09,43,2,73,403.08,0,16,0,142.74782989648804,0
2026-02-09,43,3,65,403.08,0,16,0,75.2436781273208,0
2026-02-09,44,1,36,46.53,0,27,0,89.2056479600184,0
2026-02-09,44,2,33,46.53,0,27,0,43.72210914914335,0
2026-02-09,44,3,33,46.53,0,27,0,41.68975979236862,0
2026-02-09,45,1,158,493.57,1,11,0,302.508795880715,1
2026-02-09,45,2,74,493.57,0,11,0,51.28648643354143,0
2026-02-09,45,3,80,493.57,0,20,9,220.1622241890594,0
2026-02-09,46,1,65,388.4,0,29,0,183.0351979146486,0
2026-02-09,46,2,63,388.4,0,29,0,102.35567738899361,0
2026-02-09,46,3,68,388.4,0,29,0,116.21075742781791,0
2026-02-09,47,1,46,107.37,0,14,0,117.82838377835928,0
2026-02-09,47,2,80,107.37,1,14,0,192.13893861724807,0
2026-02-09,47,3,41,107.37,0,18,4,77.39398133266339,0
2026-02-09,48,1,23,12.71,0,20,0,29.850358763173425,0
2026-02-09,48,2,22,12.71,0,26,6,20.233876068076025,0
2026-02-09,48,3,34,12.71,0,20,0,87.63643965112026,0
2026-02-09,49,1,75,409.58,0,8,0,86.83738570451423,0
2026-02-09,49,2,74,409.58,0,8,0,159.74879136822946,0
2026-02-09,49,3,73,409.58,0,8,0,196.08055504794334,0
2026-02-09,50,1,62,356.36,0,18,0,105.38721668241116,0
2026-02-09,50,2,64,356.36,0,18,0,127.40274152614049,0
2026-02-09,50,3,65,356.36,0,18,0,117.70324044682629,0
2026-02-10,1,1,69,394.74,0,4,0,185.7903392573233,0
2026-02-10,1,2,74,394.74,0,4,0,211.5251502813092,0
2026-02-10,1,3,68,394.74,0,4,0,63.67827616595092,0
2026-02-10,2,1,38,107.84,0,4,0,94.56994196329885,1
2026-02-10,2,2,28,107.84,0,4,0,75.12088704153928,0
2026-02-10,2,3,32,107.84,0,4,0,68.04174259638772,0
2026-02-10,3,1,54,261.97,0,2,0,129.26862677058392,0
2026-02-10,3,2,64,261.97,0,2,0,174.48665362089548,0
2026-02-10,3,3,56,261.97,0,2,0,119.25824658387765,0
2026-02-10,4,1,55,300.28,0,28,0,110.28867926358018,0
2026-02-10,4,2,62,300.28,0,28,0,184.35952511850462,0
2026-02-10,4,3,64,300.28,0,28,0,141.1447726638148,0
2026-02-10,5,1,41,32.76,0,6,0,106.52654869698891,0
2026-02-10,5,2,22,32.76,0,6,0,12.46617487131651,1
2026-02-10,5,3,31,32.76,0,6,0,59.14789123701759,0
2026-02-10,6,1,64,307.7,0,11,0,41.15076854102079,0
2026-02-10,6,2,55,307.7,0,11,0,144.904637368317,0
2026-02-10,6,3,66,307.7,0,14,3,182.04798962023767,0
2026-02-10,7,1,48,93.56,0,8,0,36.38339536135845,0
2026-02-10,7,2,37,93.56,0,8,0,102.4940178745937,0
2026-02-10,7,3,40,93.56,0,8,0,51.066271406820164,0
2026-02-10,8,1,33,41.88,0,27,0,59.22419201207915,0
2026-02-10,8,2,41,41.88,0,27,0,98.63832320189654,0
2026-02-10,8,3,30,41.88,0,27,0,17.500539789471272,0
2026-02-10,9,1,85,474.95,0,10,0,201.77117852818503,0
2026-02-10,9,2,86,474.95,0,10,0,223.3848676518669,0
2026-02-10,9,3,73,474.95,0,10,0,193.4129970751065,0
2026-02-10,10,1,168,483.16,1,29,0,88.0765033688941,0
2026-02-10,10,2,76,483.16,0,29,0,79.13220198130637,0
2026-02-10,10,3,84,483.16,0,29,0,204.3397892697636,0
2026-02-10,11,1,72,406.11,0,8,0,135.82833188017278,0
2026-02-10,11,2,75,406.11,0,8,0,186.9826288484442,0
2026-02-10,11,3,67,406.11,0,8,0,46.81744963791375,0
2026-02-10,12,1,51,159.26,0,10,0,85.74714571946116,0
2026-02-10,12,2,51,159.26,0,10,0,36.854717563862714,0
2026-02-10,12,3,45,159.26,0,10,0,34.438566640433095,0
2026-02-10,13,1,40,57.86,0,16,7,30.926448562115098,0
2026-02-10,13,2,32,57.86,0,9,0,84.90799928789029,0
2026-02-10,13,3,28,57.86,0,9,0,39.285163320758855,0
2026-02-10,14,1,62,345.27,0,13,0,35.18785479612028,0
2026-02-10,14,2,61,345.27,0,13,0,144.6826531392854,0
2026-02-10,14,3,68,345.27,0,13,0,37.51707608315519,0
2026-02-10,15,1,56,225.67,0,3,0,162.28999816879642,0
2026-02-10,15,2,54,225.67,0,3,0,56.44728535604207,0
2026-02-10,15,3,42,225.67,0,3,0,76.10000517223123,0
2026-02-10,16,1,44,69.8,0,2,0,105.46212836638277,0
2026-02-10,16,2,33,69.8,0,2,0,23.538720500281094,0
2026-02-10,16,3,35,69.8,0,2,0,62.6854495639338,0
2026-02-10,17,1,57,252.64,0,17,0,52.29941193659614,0
2026-02-10,17,2,60,252.64,0,17,0,168.23468636060173,0
2026-02-10,17,3,54,252.64,0,17,0,107.603303102053,0
2026-02-10,18,1,27,26.85,0,24,0,15.503749129539239,0
2026-02-10,18,2,37,26.85,0,24,0,36.90103629656552,0
2026-02-10,18,3,31,26.85,0,24,0,32.767447017106726,0
2026-02-10,19,1,75,455.57,0,24,0,122.9229079205193,0
2026-02-10,19,2,83,455.57,0,24,0,185.6552564845906,0
2026-02-10,19,3,78,455.57,0,24,0,136.96806620078627,0
2026-02-10,20,1,36,136.8,0,25,0,41.977653384309924,0
2026-02-10,20,2,42,136.8,0,25,0,42.797472777828204,0
2026-02-10,20,3,42,136.8,0,25,0,70.89475448799264,0
2026-02-10,21,1,66,334.64,0,6,0,148.13322083686313,0
2026-02-10,21,2,64,334.64,0,12,6,175.85684682487604,0
2026-02-10,21,3,56,334.64,0,6,0,117.03249121209772,0
2026-02-10,22,1,52,162.74,0,4,0,104.86578277762902,0
2026-02-10,22,2,42,162.74,0,4,0,86.20163596884723,0
2026-02-10,22,3,44,162.74,0,4,0,68.13437579871615,0
2026-02-10,23,1,55,264.83,0,13,0,37.13729959576444,0
2026-02-10,23,2,67,264.83,0,13,0,195.13104235556392,0
2026-02-10,23,3,64,264.83,0,13,0,107.52737451160601,0
2026-02-10,24,1,49,277.89,0,9,0,134.81723591022075,0
2026-02-10,24,2,64,277.89,0,9,0,167.9740411245154,0
2026-02-10,24,3,65,277.89,0,9,0,138.17467640722546,0
2026-02-10,25,1,34,100.58,0,23,0,70.01010040888511,0
2026-02-10,25,2,38,100.58,0,23,0,43.35921861024807,0
2026-02-10,25,3,39,100.58,0,23,0,70.61983772929318,0
2026-02-10,26,1,70,485.1,0,28,0,72.01654211382296,0
2026-02-10,26,2,69,485.1,0,28,0,41.69511137657593,0
2026-02-10,26,3,81,485.1,0,28,0,195.15955316816215,0
2026-02-10,27,1,66,389.82,0,4,0,60.38674080523068,0
2026-02-10,27,2,66,389.82,0,4,0,182.86114463233972,0
2026-02-10,27,3,68,389.82,0,4,0,110.6136981303018,0
2026-02-10,28,1,73,470.35,0,2,0,166.35262237773713,0
2026-02-10,28,2,75,470.35,0,2,0,158.5214251101227,0
2026-02-10,28,3,81,470.35,0,2,0,157.82570734280867,0
2026-02-10,29,1,61,448.47,0,4,0,99.77923248424936,0
2026-02-10,29,2,77,448.47,0,4,0,204.60382711279178,0
2026-02-10,29,3,77,448.47,0,4,0,99.62103378874623,0
2026-02-10,30,1,55,302.97,0,6,0,156.57548039419282,0
2026-02-10,30,2,61,302.97,0,6,0,114.72370555185354,0
2026-02-10,30,3,64,302.97,0,6,0,72.58729348097455,0
2026-02-10,31,1,69,461.72,0,16,0,38.623261393235076,0
2026-02-10,31,2,69,461.72,0,16,0,153.29807891939777,0
2026-02-10,31,3,70,461.72,0,16,0,162.82362601410148,0
2026-02-10,32,1,27,53.36,0,15,0,21.232184649009458,0
2026-02-10,32,2,38,53.36,0,15,0,46.314622028688056,0
2026-02-10,32,3,44,53.36,0,15,0,78.40585823704419,0
2026-02-10,33,1,36,106.03,0,4,0,77.95041642983317,0
2026-02-10,33,2,34,106.03,0,4,0,38.1726972006211,0
2026-02-10,33,3,37,106.03,0,4,0,74.09451848182515,0
2026-02-10,34,1,27,32.16,0,2,0,36.308279818703234,0
2026-02-10,34,2,23,32.16,0,2,0,57.211079704600955,0
2026-02-10,34,3,38,32.16,0,2,0,22.08142070832806,0
2026-02-10,35,1,41,169.41,0,6,0,120.80816184523266,0
2026-02-10,35,2,44,169.41,0,6,0,40.575627336349775,0
2026-02-10,35,3,49,169.41,0,8,2,33.41536656164056,0
2026-02-10,36,1,65,200.45,0,27,0,118.48178567110918,0
2026-02-10,36,2,49,200.45,0,27,0,106.06683681458121,0
2026-02-10,36,3,99,200.45,1,27,0,222.5524774883712,0
2026-02-10,37,1,44,142.96,0,24,0,79.68699578983262,0
2026-02-10,37,2,42,142.96,0,32,8,27.033812190638752,0
2026-02-10,37,3,46,142.96,0,30,6,71.15348186281763,0
2026-02-10,38,1,77,416.08,0,15,0,185.0133750377647,0
2026-02-10,38,2,69,416.08,0,15,0,100.52285456159456,0
2026-02-10,38,3,71,416.08,0,15,0,211.8348813666833,0
2026-02-10,39,1,49,184.81,0,8,0,36.628927085989865,0
2026-02-10,39,2,50,184.81,0,8,0,50.9754843127482,0
2026-02-10,39,3,50,184.81,0,14,6,69.38067964037238,0
2026-02-10,40,1,86,147.66,1,28,0,174.58093292195073,0
2026-02-10,40,2,39,147.66,0,28,0,26.521234199781993,0
2026-02-10,40,3,40,147.66,0,28,0,96.81614245768392,0
2026-02-10,41,1,119,275.92,1,19,9,309.9386593375943,0
2026-02-10,41,2,57,275.92,0,10,0,157.5440141961606,0
2026-02-10,41,3,57,275.92,0,10,0,46.933653706312455,0
2026-02-10,42,1,35,79.05,0,16,0,91.40535877849972,0
2026-02-10,42,2,40,79.05,0,16,0,38.282210690233924,0
2026-02-10,42,3,42,79.05,0,16,0,42.98241927277205,0
2026-02-10,43,1,65,403.08,0,16,0,117.73141828236537,0
2026-02-10,43,2,71,403.08,0,16,0,178.67551686686366,0
2026-02-10,43,3,69,403.08,0,16,0,40.172544645698224,0
2026-02-10,44,1,23,46.53,0,27,0,61.555212820312406,0
2026-02-10,44,2,41,46.53,0,27,0,26.98393930104967,0
2026-02-10,44,3,40,46.53,0,27,0,78.41055029438083,0
2026-02-10,45,1,77,493.57,0,11,0,207.48423482776167,0
2026-02-10,45,2,82,493.57,0,11,0,160.53771182399007,0
2026-02-10,45,3,90,493.57,0,11,0,255.5665948791049,0
2026-02-10,46,1,64,388.4,0,29,0,177.74207272089777,0
2026-02-10,46,2,59,388.4,0,29,0,115.32285802778715,0
2026-02-10,46,3,69,388.4,0,29,0,82.2630077133749,0
2026-02-10,47,1,47,107.37,0,14,0,133.99191394972212,0
2026-02-10,47,2,47,107.37,0,14,0,89.73135020311545,0
2026-02-10,47,3,41,107.37,0,14,0,58.845410661703944,0
2026-02-10,48,1,25,12.71,0,20,0,21.8529474299339,0
2026-02-10,48,2,35,12.71,0,20,0,61.056525820304145,0
2026-02-10,48,3,38,12.71,0,20,0,47.430616515368385,0
2026-02-10,49,1,74,409.58,0,8,0,91.76822939993095,0
2026-02-10,49,2,80,409.58,0,8,0,191.81490267952213,0
2026-02-10,49,3,74,409.58,0,8,0,110.168688258503,0
2026-02-10,50,1,63,356.36,0,18,0,42.816827576107826,0
2026-02-10,50,2,68,356.36,0,18,0,194.8619669095285,0
2026-02-10,50,3,62,356.36,0,18,0,157.3703949361608,0
2026-02-11,1,1,67,394.74,0,4,0,41.032235680120976,0
2026-02-11,1,2,65,394.74,0,4,0,177.02478790304897,0
2026-02-11,1,3,69,394.74,0,4,0,88.77034187730216,0
2026-02-11,2,1,42,107.84,0,4,0,26.264702320787283,0
2026-02-11,2,2,32,107.84,0,4,0,51.891059161333835,0
2026-02-11,2,3,37,107.84,0,4,0,58.56698528552506,0
2026-02-11,3,1,52,261.97,0,2,0,91.55196995878366,0
2026-02-11,3,2,103,261.97,1,2,0,157.33208122315705,0
2026-02-11,3,3,56,261.97,0,2,0,82.7265324907653,0
2026-02-11,4,1,54,300.28,0,28,0,79.2282316123396,0
2026-02-11,4,2,52,300.28,0,28,0,126.73215488769493,0
2026-02-11,4,3,55,300.28,0,32,4,79.5871166213473,0
2026-02-11,5,1,26,32.76,0,6,0,52.906371899944276,0
2026-02-11,5,2,34,32.76,0,6,0,64.11283328123902,0
2026-02-11,5,3,24,32.76,0,6,0,38.65544846602519,0
2026-02-11,6,1,69,307.7,0,11,0,35.23849699962398,0
2026-02-11,6,2,66,307.7,0,11,0,33.01689146676473,0
2026-02-11,6,3,59,307.7,0,11,0,33.792772641530384,0
2026-02-11,7,1,33,93.56,0,8,0,88.2417606284762,0
2026-02-11,7,2,41,93.56,0,8,0,110.4080121482645,0
2026-02-11,7,3,40,93.56,0,8,0,31.052525520579625,0
2026-02-11,8,1,31,41.88,0,27,0,29.35402278821082,0
2026-02-11,8,2,33,41.88,0,27,0,38.56308745097872,0
2026-02-11,8,3,31,41.88,0,27,0,42.15830989269817,0
2026-02-11,9,1,76,474.95,0,10,0,61.566161956961665,0
2026-02-11,9,2,75,474.95,0,10,0,190.93540192670002,0
2026-02-11,9,3,76,474.95,0,10,0,164.7419465144321,0
2026-02-11,10,1,76,483.16,0,29,0,125.77418297902662,0
2026-02-11,10,2,76,483.16,0,29,0,203.12825936546218,0
2026-02-11,10,3,83,483.16,0,29,0,62.89882078221936,0
2026-02-11,11,1,75,406.11,0,8,0,118.69073995762339,1
2026-02-11,11,2,69,406.11,0,8,0,149.72100601434482,0
2026-02-11,11,3,73,406.11,0,8,0,97.478477507231,0
2026-02-11,12,1,40,159.26,0,10,0,86.77994708896506,0
2026-02-11,12,2,45,159.26,0,10,0,50.17422759363144,0
2026-02-11,12,3,45,159.26,0,10,0,33.0213708367872,0
2026-02-11,13,1,32,57.86,0,9,0,52.66993534040496,0
2026-02-11,13,2,33,57.86,0,9,0,95.83909460583612,0
2026-02-11,13,3,37,57.86,0,9,0,99.14449320685182,0
2026-02-11,14,1,70,345.27,0,13,0,122.7176067291155,0
2026-02-11,14,2,68,345.27,0,13,0,153.07300470790025,0
2026-02-11,14,3,67,345.27,0,13,0,170.54509132839155,0
2026-02-11,15,1,55,225.67,0,3,0,112.59739108476089,1
2026-02-11,15,2,56,225.67,0,3,0,129.1989309275889,0
2026-02-11,15,3,54,225.67,0,3,0,153.11582141579422,0
2026-02-11,16,1,44,69.8,0,2,0,79.98111210613848,0
2026-02-11,16,2,29,69.8,0,2,0,81.38859016487721,0
2026-02-11,16,3,39,69.8,0,2,0,25.1619513323939,0
2026-02-11,17,1,62,252.64,0,17,0,112.48539131179552,0
2026-02-11,17,2,64,252.64,0,17,0,158.29479225550816,0
2026-02-11,17,3,50,252.64,0,17,0,40.67136157783023,0
2026-02-11,18,1,41,26.85,0,24,0,51.8842674453782,0
2026-02-11,18,2,32,26.85,0,24,0,67.56745304088001,0
2026-02-11,18,3,33,26.85,0,24,0,92.07260166104058,0
2026-02-11,19,1,84,455.57,0,24,0,96.45679772798417,0
2026-02-11,19,2,68,455.57,0,24,0,93.21659212165332,0
2026-02-11,19,3,81,455.57,0,24,0,134.078728246572,0
2026-02-11,20,1,47,136.8,0,25,0,108.18392292379828,0
2026-02-11,20,2,38,136.8,0,25,0,52.57387630206938,0
2026-02-11,20,3,48,136.8,0,25,0,32.82631246377646,0
2026-02-11,21,1,71,334.64,0,6,0,89.23331909270631,0
2026-02-11,21,2,65,334.64,0,6,0,59.0495437620372,0
2026-02-11,21,3,59,334.64,0,6,0,50.774765250239966,0
2026-02-11,22,1,49,162.74,0,4,0,77.06935489202169,0
2026-02-11,22,2,49,162.74,0,4,0,99.39379748586616,0
2026-02-11,22,3,39,162.74,0,4,0,36.318658351997705,0
2026-02-11,23,1,45,264.83,0,13,0,37.278638736689224,0
2026-02-11,23,2,49,264.83,0,13,0,139.79460143884083,0
2026-02-11,23,3,67,264.83,0,13,0,101.09017819863641,0
2026-02-11,24,1,60,277.89,0,9,0,50.6842474949518,0
2026-02-11,24,2,57,277.89,0,15,6,137.67647994467598,0
2026-02-11,24,3,62,277.89,0,9,0,170.2976170145293,0
2026-02-11,25,1,39,100.58,0,23,0,104.36811602503427,0
2026-02-11,25,2,33,100.58,0,23,0,48.88609857983391,0
2026-02-11,25,3,36,100.58,0,23,0,103.81160517580892,0
2026-02-11,26,1,77,485.1,0,28,0,123.98815150703227,0
2026-02-11,26,2,73,485.1,0,28,0,128.43424010999553,0
2026-02-11,26,3,82,485.1,0,28,0,71.3814764602619,0
2026-02-11,27,1,77,389.82,0,4,0,77.56673311544003,0
2026-02-11,27,2,80,389.82,0,4,0,111.93999528493381,0
2026-02-11,27,3,72,389.82,0,4,0,76.51448712945964,0
2026-02-11,28,1,74,470.35,0,2,0,146.85187944039924,0
2026-02-11,28,2,83,470.35,0,2,0,217.53576798497346,0
2026-02-11,28,3,76,470.35,0,2,0,72.46339848307943,0
2026-02-11,29,1,80,448.47,0,4,0,51.94206255509589,0
2026-02-11,29,2,71,448.47,0,4,0,72.37531254601974,0
2026-02-11,29,3,76,448.47,0,4,0,67.51793983524023,0
2026-02-11,30,1,56,302.97,0,6,0,77.25641627010427,0
2026-02-11,30,2,61,302.97,0,6,0,148.01432543994324,0
2026-02-11,30,3,62,302.97,0,6,0,79.32357985171564,0
2026-02-11,31,1,70,461.72,0,16,0,115.39800446170618,0
2026-02-11,31,2,74,461.72,0,16,0,218.77023266027786,0
2026-02-11,31,3,72,461.72,0,16,0,68.1370478220213,0
2026-02-11,32,1,33,53.36,0,15,0,92.96634153899117,0
2026-02-11,32,2,32,53.36,0,15,0,39.97313369498519,0
2026-02-11,32,3,71,53.36,1,15,0,140.77589784610137,0
2026-02-11,33,1,42,106.03,0,4,0,107.08167782798449,0
2026-02-11,33,2,41,106.03,0,4,0,75.3506719303993,0
2026-02-11,33,3,44,106.03,0,4,0,42.1115451156114,0
2026-02-11,34,1,28,32.16,0,2,0,36.99840791137508,0
2026-02-11,34,2,30,32.16,0,2,0,40.19243262138275,0
2026-02-11,34,3,26,32.16,0,2,0,49.43854073625351,0
2026-02-11,35,1,50,169.41,0,10,4,68.45120528428905,0
2026-02-11,35,2,42,169.41,0,6,0,35.726453858677274,0
2026-02-11,35,3,52,169.41,0,6,0,137.11261131792364,0
2026-02-11,36,1,53,200.45,0,27,0,150.5300222838882,0
2026-02-11,36,2,53,200.45,0,27,0,30.527177682853313,0
2026-02-11,36,3,51,200.45,0,27,0,28.774321944008566,0
2026-02-11,37,1,43,142.96,0,24,0,122.1874127377884,0
2026-02-11,37,2,48,142.96,0,24,0,143.2574175642053,0
2026-02-11,37,3,52,142.96,0,28,4,123.77701126200374,0
2026-02-11,38,1,68,416.08,0,15,0,91.5497882444535,0
2026-02-11,38,2,66,416.08,0,22,7,97.15925980967843,0
2026-02-11,38,3,74,416.08,0,15,0,220.8289214295556,0
2026-02-11,39,1,49,184.81,0,8,0,98.11217814814758,0
2026-02-11,39,2,43,184.81,0,8,0,54.35501473722286,0
2026-02-11,39,3,50,184.81,0,8,0,65.83270199557698,0
2026-02-11,40,1,39,147.66,0,28,0,80.51876341864471,0
2026-02-11,40,2,55,147.66,0,28,0,102.24776473928084,0
2026-02-11,40,3,43,147.66,0,28,0,70.84139507296044,0
2026-02-11,41,1,65,275.92,0,15,5,34.52449192862204,0
2026-02-11,41,2,65,275.92,0,10,0,184.14691794549458,0
2026-02-11,41,3,59,275.92,0,10,0,48.25487052848166,0
2026-02-11,42,1,46,79.05,0,16,0,51.3086829036877,0
2026-02-11,42,2,42,79.05,0,16,0,37.982545621917275,0
2026-02-11,42,3,35,79.05,0,16,0,92.2843351641186,0
2026-02-11,43,1,76,403.08,0,16,0,174.00719402733316,0
2026-02-11,43,2,74,403.08,0,16,0,193.17302407332556,0
2026-02-11,43,3,74,403.08,0,21,5,210.85255284007593,0
2026-02-11,44,1,29,46.53,0,27,0,39.92601461129762,0
2026-02-11,44,2,37,46.53,0,27,0,46.391758617827136,0
2026-02-11,44,3,28,46.53,0,27,0,32.88845003143703,0
2026-02-11,45,1,77,493.57,0,11,0,169.1724972259146,0
2026-02-11,45,2,80,493.57,0,11,0,46.937247041271384,0
2026-02-11,45,3,82,493.57,0,11,0,239.5559685070387,0
2026-02-11,46,1,73,388.4,0,29,0,36.53020311145889,0
2026-02-11,46,2,65,388.4,0,29,0,135.53465104635475,0
2026-02-11,46,3,68,388.4,0,29,0,91.8634561507241,0
2026-02-11,47,1,41,107.37,0,14,0,22.764560741956775,0
2026-02-11,47,2,45,107.37,0,14,0,110.70378258047378,0
2026-02-11,47,3,38,107.37,0,14,0,101.19119498120139,1
2026-02-11,48,1,31,12.71,0,20,0,37.652491818250375,0
2026-02-11,48,2,27,12.71,0,20,0,44.85194051617071,0
2026-02-11,48,3,22,12.71,0,20,0,45.74881386383963,1
2026-02-11,49,1,77,409.58,0,8,0,104.70639726438286,0
2026-02-11,49,2,67,409.58,0,8,0,121.88343947269196,0
2026-02-11,49,3,79,409.58,0,8,0,180.92005067550187,0
2026-02-11,50,1,67,356.36,0,18,0,170.9436059963909,0
2026-02-11,50,2,67,356.36,0,18,0,197.49643483311553,0
2026-02-11,50,3,62,356.36,0,18,0,115.86015855542942,0
2026-02-12,1,1,66,394.74,0,4,0,149.9186839724191,1
2026-02-12,1,2,67,394.74,0,4,0,142.07854429422093,0
2026-02-12,1,3,72,394.74,0,4,0,177.7210922632407,0
2026-02-12,2,1,39,107.84,0,4,0,70.96778224874016,0
2026-02-12,2,2,33,107.84,0,4,0,58.14264265255534,0
2026-02-12,2,3,41,107.84,0,4,0,39.13759639174512,0
2026-02-12,3,1,57,261.97,0,2,0,150.27585850920187,0
2026-02-12,3,2,61,261.97,0,2,0,53.85203058501699,0
2026-02-12,3,3,52,261.97,0,2,0,122.9079513129109,0
2026-02-12,4,1,56,300.28,0,28,0,149.93892524369448,0
2026-02-12,4,2,113,300.28,1,28,0,130.42391639439472,0
2026-02-12,4,3,54,300.28,0,28,0,133.1176094012553,0
2026-02-12,5,1,31,32.76,0,6,0,24.822704586040896,0
2026-02-12,5,2,31,32.76,0,6,0,92.64865092098067,0
2026-02-12,5,3,31,32.76,0,6,0,37.87652545831047,0
2026-02-12,6,1,59,307.7,0,11,0,67.52371346500279,0
2026-02-12,6,2,51,307.7,0,11,0,123.21246021918724,0
2026-02-12,6,3,58,307.7,0,11,0,153.67203711902783,0
2026-02-12,7,1,42,93.56,0,8,0,29.463685402942907,0
2026-02-12,7,2,40,93.56,0,8,0,53.475771576693035,0
2026-02-12,7,3,37,93.56,0,8,0,45.81176809376885,0
2026-02-12,8,1,31,41.88,0,27,0,88.99893241608032,0
2026-02-12,8,2,35,41.88,0,27,0,25.428530717613178,0
2026-02-12,8,3,33,41.88,0,27,0,39.327118337887896,0
2026-02-12,9,1,80,474.95,0,10,0,94.8899776184463,0
2026-02-12,9,2,82,474.95,0,10,0,70.17620523495482,0
2026-02-12,9,3,155,474.95,1,10,0,199.9538822895397,0
2026-02-12,10,1,94,483.16,0,29,0,94.36375336391197,0
2026-02-12,10,2,77,483.16,0,29,0,177.77090631849384,0
2026-02-12,10,3,73,483.16,0,32,3,41.05371891535844,0
2026-02-12,11,1,72,406.11,0,8,0,171.1245705435901,0
2026-02-12,11,2,67,406.11,0,8,0,173.02103950132397,0
2026-02-12,11,3,71,406.11,0,8,0,90.66135280151319,0
2026-02-12,12,1,51,159.26,0,10,0,123.7944722792965,0
2026-02-12,12,2,39,159.26,0,18,8,106.7445356309412,0
2026-02-12,12,3,46,159.26,0,10,0,107.70363063458892,0
2026-02-12,13,1,42,57.86,0,9,0,44.8307609596414,0
2026-02-12,13,2,38,57.86,0,9,0,84.90499622130936,0
2026-02-12,13,3,41,57.86,0,9,0,25.127062570867185,0
2026-02-12,14,1,58,345.27,0,13,0,158.90917068058803,0
2026-02-12,14,2,66,345.27,0,13,0,92.77773081093433,0
2026-02-12,14,3,65,345.27,0,13,0,65.29316341850883,0
2026-02-12,15,1,53,225.67,0,3,0,75.43229576780898,0
2026-02-12,15,2,52,225.67,0,3,0,56.392193473512926,0
2026-02-12,15,3,49,225.67,0,3,0,66.42256769277303,0
2026-02-12,16,1,38,69.8,0,2,0,19.639943783231352,1
2026-02-12,16,2,45,69.8,0,2,0,126.14280701559036,0
2026-02-12,16,3,39,69.8,0,2,0,33.246992836230696,0
2026-02-12,17,1,56,252.64,0,17,0,167.85162776047127,0
2026-02-12,17,2,53,252.64,0,17,0,26.945532198818267,0
2026-02-12,17,3,58,252.64,0,17,0,113.07249356394831,0
2026-02-12,18,1,23,26.85,0,24,0,22.94395471739907,0
2026-02-12,18,2,21,26.85,0,24,0,45.832543754049745,0
2026-02-12,18,3,38,26.85,0,24,0,70.36070447874272,0
2026-02-12,19,1,76,455.57,0,24,0,105.49882801645424,0
2026-02-12,19,2,72,455.57,0,24,0,157.23432783324026,0
2026-02-12,19,3,69,455.57,0,24,0,166.0919088152442,0
2026-02-12,20,1,52,136.8,0,25,0,91.09724250482682,0
2026-02-12,20,2,48,136.8,0,32,7,95.53506862853445,0
2026-02-12,20,3,50,136.8,0,25,0,104.58569084792606,0
2026-02-12,21,1,64,334.64,0,6,0,127.21778341238077,0
2026-02-12,21,2,60,334.64,0,6,0,31.213093732896944,0
2026-02-12,21,3,62,334.64,0,6,0,70.44479524380333,1
2026-02-12,22,1,42,162.74,0,5,1,104.20974381864647,0
2026-02-12,22,2,47,162.74,0,4,0,66.87750526373365,0
2026-02-12,22,3,47,162.74,0,4,0,76.73181899025282,0
2026-02-12,23,1,62,264.83,0,13,0,160.1731348328103,0
2026-02-12,23,2,57,264.83,0,13,0,161.75376418290674,0
2026-02-12,23,3,65,264.83,0,13,0,72.96046889064453,0
2026-02-12,24,1,63,277.89,0,9,0,182.09605416621184,0
2026-02-12,24,2,65,277.89,0,9,0,150.12626113455576,0
2026-02-12,24,3,51,277.89,0,9,0,84.89227386024807,0
2026-02-12,25,1,46,100.58,0,23,0,27.7759533558592,0
2026-02-12,25,2,42,100.58,0,23,0,105.02814553822277,0
2026-02-12,25,3,50,100.58,0,23,0,114.69586760869792,0
2026-02-12,26,1,86,485.1,0,28,0,105.1507457396287,0
2026-02-12,26,2,80,485.1,0,28,0,104.53673893007696,0
2026-02-12,26,3,86,485.1,0,28,0,82.55941117650376,0
2026-02-12,27,1,71,389.82,0,4,0,80.10365043773939,0
2026-02-12,27,2,66,389.82,0,4,0,79.25266559991908,0
2026-02-12,27,3,64,389.82,0,4,0,63.8102361728074,0
2026-02-12,28,1,77,470.35,0,2,0,91.9627088721499,0
2026-02-12,28,2,73,470.35,0,9,7,68.23755515564889,0
2026-02-12,28,3,76,470.35,0,2,0,151.66143744796796,0
2026-02-12,29,1,70,448.47,0,4,0,73.61297315778492,0
2026-02-12,29,2,75,448.47,0,4,0,208.3995784111363,0
2026-02-12,29,3,75,448.47,0,4,0,100.21557952752582,0
2026-02-12,30,1,60,302.97,0,6,0,137.4301167830365,0
2026-02-12,30,2,64,302.97,0,6,0,117.34405130408204,0
2026-02-12,30,3,63,302.97,0,6,0,84.60828211983059,0
2026-02-12,31,1,72,461.72,0,16,0,52.748840337863264,0
2026-02-12,31,2,79,461.72,0,20,4,234.28828072568822,0
2026-02-12,31,3,71,461.72,0,16,0,132.88859484899396,0
2026-02-12,32,1,29,53.36,0,15,0,23.87238044022863,0
2026-02-12,32,2,73,53.36,1,15,0,63.620068392261274,0
2026-02-12,32,3,32,53.36,0,15,0,41.11337004875138,0
2026-02-12,33,1,43,106.03,0,4,0,107.77937844691859,0
2026-02-12,33,2,37,106.03,0,4,0,109.6541586708347,0
2026-02-12,33,3,37,106.03,0,4,0,91.76972939601397,0
2026-02-12,34,1,35,32.16,0,2,0,71.76217955568616,0
2026-02-12,34,2,36,32.16,0,2,0,25.03038283424756,0
2026-02-12,34,3,32,32.16,0,4,2,55.96222279143487,0
2026-02-12,35,1,45,169.41,0,6,0,40.08265661045713,0
2026-02-12,35,2,41,169.41,0,6,0,62.78280326118181,0
2026-02-12,35,3,52,169.41,0,6,0,68.96867050931122,0
2026-02-12,36,1,54,200.45,0,27,0,62.97242829194889,0
2026-02-12,36,2,53,200.45,0,27,0,78.14384596346054,0
2026-02-12,36,3,52,200.45,0,27,0,136.3773777678569,0
2026-02-12,37,1,38,142.96,0,24,0,96.7494091068315,0
2026-02-12,37,2,46,142.96,0,24,0,32.97387130386613,0
2026-02-12,37,3,39,142.96,0,24,0,106.96596846186759,0
2026-02-12,38,1,68,416.08,0,15,0,130.5337784345712,0
2026-02-12,38,2,70,416.08,0,15,0,110.31918220300527,0
2026-02-12,38,3,66,416.08,0,15,0,189.32594969983631,0
2026-02-12,39,1,47,184.81,0,8,0,40.95797129529135,0
2026-02-12,39,2,47,184.81,0,8,0,96.80816411268805,0
2026-02-12,39,3,104,184.81,1,8,0,95.68539480658524,0
2026-02-12,40,1,38,147.66,0,28,0,65.6293113149634,0
2026-02-12,40,2,48,147.66,0,28,0,128.6842233302222,0
2026-02-12,40,3,44,147.66,0,28,0,44.02853975413338,0
2026-02-12,41,1,52,275.92,0,10,0,83.11535401147947,0
2026-02-12,41,2,57,275.92,0,10,0,97.26109351008508,0
2026-02-12,41,3,54,275.92,0,10,0,106.34876680070268,0
2026-02-12,42,1,38,79.05,0,16,0,107.23237463136992,0
2026-02-12,42,2,42,79.05,0,16,0,112.59200542026434,0
2026-02-12,42,3,44,79.05,0,16,0,124.64046344991135,0
2026-02-12,43,1,68,403.08,0,16,0,135.5196410857683,0
2026-02-12,43,2,66,403.08,0,16,0,73.29828984685824,0
2026-02-12,43,3,70,403.08,0,16,0,42.90932577857381,0
2026-02-12,44,1,33,46.53,0,27,0,76.4514782883913,0
2026-02-12,44,2,44,46.53,0,27,0,107.7605174894853,0
2026-02-12,44,3,37,46.53,0,27,0,60.47332162862768,0
2026-02-12,45,1,82,493.57,0,11,0,158.85227017276935,0
2026-02-12,45,2,75,493.57,0,11,0,82.39058284233674,0
2026-02-12,45,3,72,493.57,0,11,0,106.83271127679984,0
2026-02-12,46,1,68,388.4,0,29,0,46.51667652902953,0
2026-02-12,46,2,68,388.4,0,29,0,173.99133640152067,0
2026-02-12,46,3,72,388.4,0,29,0,97.5013225003885,0
2026-02-12,47,1,35,107.37,0,14,0,19.125364629448146,0
2026-02-12,47,2,44,107.37,0,14,0,36.71815416515551,0
2026-02-12,47,3,42,107.37,0,14,0,87.55661526218002,0
2026-02-12,48,1,62,12.71,1,20,0,63.00223033145669,0
2026-02-12,48,2,37,12.71,0,20,0,42.531501446396256,0
2026-02-12,48,3,32,12.71,0,20,0,68.52312895018957,0
2026-02-12,49,1,65,409.58,0,8,0,174.9145023834714,0
2026-02-12,49,2,77,409.58,0,8,0,125.64859239447284,0
2026-02-12,49,3,77,409.58,0,15,7,52.23202702551591,0
2026-02-12,50,1,79,356.36,0,18,0,141.72882242469345,0
2026-02-12,50,2,66,356.36,0,18,0,130.67033635732687,0
2026-02-12,50,3,59,356.36,0,18,0,115.98479943890666,0
2026-02-13,1,1,66,394.74,0,4,0,186.25948435053908,0
2026-02-13,1,2,62,394.74,0,4,0,134.1996855181385,0
2026-02-13,1,3,63,394.74,0,4,0,174.78773313688362,0
2026-02-13,2,1,50,107.84,0,4,0,59.18223784534059,0
2026-02-13,2,2,50,107.84,0,4,0,32.864681558092826,0
2026-02-13,2,3,45,107.84,0,4,0,34.50514987325295,0
2026-02-13,3,1,60,261.97,0,2,0,152.9488720448946,0
2026-02-13,3,2,53,261.97,0,2,0,133.89524473677739,0
2026-02-13,3,3,57,261.97,0,2,0,83.44693079070223,0
2026-02-13,4,1,47,300.28,0,28,0,44.10681218573305,0
2026-02-13,4,2,55,300.28,0,28,0,35.34741837096985,0
2026-02-13,4,3,125,300.28,1,36,8,339.87205079114744,0
2026-02-13,5,1,32,32.76,0,6,0,39.58164629729516,0
2026-02-13,5,2,32,32.76,0,6,0,24.38872115034853,0
2026-02-13,5,3,33,32.76,0,6,0,18.857824462168193,1
2026-02-13,6,1,60,307.7,0,11,0,75.63041514571967,0
2026-02-13,6,2,60,307.7,0,11,0,123.9883577508351,0
2026-02-13,6,3,60,307.7,0,11,0,79.35891211518111,0
2026-02-13,7,1,29,93.56,0,8,0,33.30901763103335,0
2026-02-13,7,2,45,93.56,0,8,0,61.56301166515082,0
2026-02-13,7,3,39,93.56,0,8,0,67.6023456769378,0
2026-02-13,8,1,39,41.88,0,27,0,65.9083419625078,0
2026-02-13,8,2,40,41.88,0,27,0,87.68362975550278,0
2026-02-13,8,3,35,41.88,0,27,0,29.525486703283647,0
2026-02-13,9,1,72,474.95,0,10,0,40.859278515936346,0
2026-02-13,9,2,78,474.95,0,10,0,206.54844676085045,0
2026-02-13,9,3,68,474.95,0,10,0,159.48668625749886,0
2026-02-13,10,1,78,483.16,0,29,0,94.08696183806254,0
2026-02-13,10,2,79,483.16,0,29,0,174.95744311576922,0
2026-02-13,10,3,70,483.16,0,32,3,149.1439346070965,0
2026-02-13,11,1,80,406.11,0,8,0,136.7342517997981,0
2026-02-13,11,2,63,406.11,0,8,0,125.69379602576262,0
2026-02-13,11,3,69,406.11,0,8,0,97.20261513194558,0
2026-02-13,12,1,44,159.26,0,10,0,27.201793639342768,0
2026-02-13,12,2,49,159.26,0,10,0,84.491855086967,0
2026-02-13,12,3,52,159.26,0,10,0,121.56942992101489,0
2026-02-13,13,1,31,57.86,0,9,0,77.22836813614434,0
2026-02-13,13,2,39,57.86,0,9,0,77.68087904209888,0
2026-02-13,13,3,34,57.86,0,9,0,87.09293585428892,0
2026-02-13,14,1,70,345.27,0,13,0,101.99828363159824,0
2026-02-13,14,2,67,345.27,0,13,0,165.44188710090302,0
2026-02-13,14,3,69,345.27,0,21,8,45.924845510304046,0
2026-02-13,15,1,46,225.67,0,3,0,39.78525573455209,0
2026-02-13,15,2,47,225.67,0,3,0,125.28949246806884,0
2026-02-13,15,3,52,225.67,0,3,0,69.66068231997652,0
2026-02-13,16,1,45,69.8,0,2,0,87.86865588025839,0
2026-02-13,16,2,76,69.8,1,2,0,215.47158987872862,0
2026-02-13,16,3,42,69.8,0,2,0,79.36280800273511,0
2026-02-13,17,1,53,252.64,0,17,0,41.97198401934172,0
2026-02-13,17,2,57,252.64,0,17,0,56.81391973961669,0
2026-02-13,17,3,57,252.64,0,17,0,164.28914342734325,0
2026-02-13,18,1,42,26.85,0,24,0,113.16723179527759,0
2026-02-13,18,2,28,26.85,0,24,0,34.56430649007785,0
2026-02-13,18,3,35,26.85,0,24,0,69.4085039242872,0
2026-02-13,19,1,81,455.57,0,24,0,119.97122906504856,0
2026-02-13,19,2,74,455.57,0,24,0,213.4343514472025,0
2026-02-13,19,3,75,455.57,0,24,0,57.917532792511366,0
2026-02-13,20,1,48,136.8,0,25,0,46.38668721456841,1
2026-02-13,20,2,45,136.8,0,25,0,117.17210345809828,0
2026-02-13,20,3,46,136.8,0,25,0,104.32615164093265,0
2026-02-13,21,1,67,334.64,0,6,0,78.69936545978294,0
2026-02-13,21,2,60,334.64,0,6,0,138.09246952077027,0
2026-02-13,21,3,61,334.64,0,6,0,158.77357286258646,0
2026-02-13,22,1,50,162.74,0,4,0,30.055148326488524,0
2026-02-13,22,2,38,162.74,0,4,0,88.24470942232408,0
2026-02-13,22,3,40,162.74,0,4,0,25.974860532352597,0
2026-02-13,23,1,96,264.83,1,13,0,134.99903489380188,0
2026-02-13,23,2,65,264.83,0,14,1,114.57030325182602,0
2026-02-13,23,3,55,264.83,0,13,0,76.60100664642087,1
2026-02-13,24,1,56,277.89,0,9,0,71.46726633336696,0
2026-02-13,24,2,59,277.89,0,9,0,148.18197446507614,0
2026-02-13,24,3,111,277.89,1,9,0,259.181623961192,0
2026-02-13,25,1,38,100.58,0,23,0,65.4647452666934,0
2026-02-13,25,2,39,100.58,0,23,0,101.60160708628219,0
2026-02-13,25,3,90,100.58,1,23,0,130.9591317795168,0
2026-02-13,26,1,77,485.1,0,28,0,158.43702876540246,0
2026-02-13,26,2,78,485.1,0,28,0,175.98639990636653,0
2026-02-13,26,3,73,485.1,0,28,0,128.31297517394836,0
2026-02-13,27,1,68,389.82,0,4,0,95.85095985996134,0
2026-02-13,27,2,82,389.82,0,4,0,157.58624895244665,0
2026-02-13,27,3,68,389.82,0,4,0,123.83630744883287,0
2026-02-13,28,1,81,470.35,0,2,0,144.2827302924222,0
2026-02-13,28,2,83,470.35,0,2,0,95.20865582992462,0
2026-02-13,28,3,75,470.35,0,3,1,77.44049688714902,0
2026-02-13,29,1,79,448.47,0,4,0,93.00608101337073,0
2026-02-13,29,2,79,448.47,0,4,0,86.72401612506822,0
2026-02-13,29,3,73,448.47,0,4,0,109.75752039935219,0
2026-02-13,30,1,60,302.97,0,6,0,118.33975254534326,0
2026-02-13,30,2,58,302.97,0,6,0,127.95584856651111,0
2026-02-13,30,3,57,302.97,0,6,0,90.29183716283343,0
2026-02-13,31,1,76,461.72,0,16,0,89.28451479343705,0
2026-02-13,31,2,86,461.72,0,16,0,63.83212742341613,0
2026-02-13,31,3,146,461.72,1,16,0,196.55691490930113,0
2026-02-13,32,1,39,53.36,0,15,0,79.26522418039166,0
2026-02-13,32,2,44,53.36,0,15,0,77.01928290129851,0
2026-02-13,32,3,39,53.36,0,15,0,92.6450168190615,0
2026-02-13,33,1,80,106.03,1,4,0,168.59641398161202,0
2026-02-13,33,2,47,106.03,0,4,0,24.618597517951272,0
2026-02-13,33,3,38,106.03,0,4,0,32.51303114409353,0
2026-02-13,34,1,35,32.16,0,2,0,88.30553153323824,0
2026-02-13,34,2,28,32.16,0,2,0,30.879474783584108,0
2026-02-13,34,3,27,32.16,0,2,0,66.27502279341991,1
2026-02-13,35,1,45,169.41,0,6,0,128.9015830939457,0
2026-02-13,35,2,45,169.41,0,8,2,41.755992160309454,0
2026-02-13,35,3,44,169.41,0,6,0,33.74162196838797,0
2026-02-13,36,1,49,200.45,0,27,0,145.32887709768428,0
2026-02-13,36,2,44,200.45,0,27,0,40.02441489955916,0
2026-02-13,36,3,51,200.45,0,27,0,103.48439756408648,0
2026-02-13,37,1,97,142.96,1,24,0,141.28987513084118,0
2026-02-13,37,2,41,142.96,0,24,0,114.73246733769322,0
2026-02-13,37,3,43,142.96,0,24,0,32.26993096574054,0
2026-02-13,38,1,65,416.08,0,15,0,142.6686223000046,0
2026-02-13,38,2,69,416.08,0,15,0,204.76850623051584,0
2026-02-13,38,3,86,416.08,0,15,0,69.92357558064522,0
2026-02-13,39,1,60,184.81,0,8,0,130.67435299614002,0
2026-02-13,39,2,48,184.81,0,8,0,108.79583111566274,0
2026-02-13,39,3,46,184.81,0,8,0,100.63289781900357,0
2026-02-13,40,1,48,147.66,0,28,0,106.82752242108477,0
2026-02-13,40,2,53,147.66,0,28,0,108.43727724662571,0
2026-02-13,40,3,42,147.66,0,28,0,98.35695931498427,0
2026-02-13,41,1,52,275.92,0,10,0,127.53343334007135,0
2026-02-13,41,2,53,275.92,0,10,0,154.3341652658799,0
2026-02-13,41,3,62,275.92,0,10,0,164.70375586467497,0
2026-02-13,42,1,42,79.05,0,16,0,69.34876854975622,0
2026-02-13,42,2,27,79.05,0,16,0,79.87630149240029,0
2026-02-13,42,3,34,79.05,0,16,0,32.270870126224594,0
2026-02-13,43,1,61,403.08,0,16,0,100.99071135938803,0
2026-02-13,43,2,76,403.08,0,16,0,103.11645401511078,0
2026-02-13,43,3,73,403.08,0,16,0,201.6062549683409,0
2026-02-13,44,1,35,46.53,0,27,0,25.346003091860176,0
2026-02-13,44,2,34,46.53,0,27,0,56.147200115268426,0
2026-02-13,44,3,38,46.53,0,27,0,60.1349930176304,0
2026-02-13,45,1,80,493.57,0,11,0,174.29905105831813,0
2026-02-13,45,2,74,493.57,0,11,0,125.06333700855986,0
2026-02-13,45,3,82,493.57,0,18,7,82.75286649990697,0
2026-02-13,46,1,65,388.4,0,29,0,194.47849935701893,0
2026-02-13,46,2,64,388.4,0,29,0,128.5799234160986,0
2026-02-13,46,3,67,388.4,0,29,0,178.83178613008874,0
2026-02-13,47,1,34,107.37,0,14,0,47.70508010857057,0
2026-02-13,47,2,38,107.37,0,14,0,100.70162165105512,0
2026-02-13,47,3,43,107.37,0,14,0,116.6891611172054,0
2026-02-13,48,1,28,12.71,0,20,0,59.29796267101034,0
2026-02-13,48,2,23,12.71,0,20,0,44.06141447468832,0
2026-02-13,48,3,29,12.71,0,20,0,57.08572660186022,1
2026-02-13,49,1,64,409.58,0,8,0,137.1797746530805,0
2026-02-13,49,2,66,409.58,0,8,0,107.7074741756137,0
2026-02-13,49,3,67,409.58,0,8,0,155.49620761881314,0
2026-02-13,50,1,63,356.36,0,18,0,67.1072074032524,0
2026-02-13,50,2,60,356.36,0,18,0,99.06367337434392,0
2026-02-13,50,3,62,356.36,0,18,0,129.56363990799636,0
2026-02-14,1,1,68,394.74,0,4,0,115.48526219813596,0
2026-02-14,1,2,77,394.74,0,4,0,163.12890804953682,0
2026-02-14,1,3,77,394.74,0,4,0,159.4176190880505,0
2026-02-14,2,1,54,107.84,0,4,0,106.71635706616544,0
2026-02-14,2,2,47,107.84,0,4,0,67.81913696972018,0
2026-02-14,2,3,43,107.84,0,4,0,58.09736086040047,0
2026-02-14,3,1,66,261.97,0,2,0,70.60757965612706,0
2026-02-14,3,2,68,261.97,0,2,0,120.96991958535273,0
2026-02-14,3,3,61,261.97,0,2,0,125.75898150028421,0
2026-02-14,4,1,71,300.28,0,28,0,145.6657720638412,0
2026-02-14,4,2,127,300.28,1,28,0,152.96725198356555,0
2026-02-14,4,3,59,300.28,0,28,0,65.12516744576797,0
2026-02-14,5,1,44,32.76,0,6,0,103.28242996358256,0
2026-02-14,5,2,35,32.76,0,6,0,44.40997124836546,0
2026-02-14,5,3,36,32.76,0,6,0,39.77516129293042,0
2026-02-14,6,1,64,307.7,0,11,0,125.78752962124756,0
2026-02-14,6,2,68,307.7,0,11,0,47.31715761203615,0
2026-02-14,6,3,59,307.7,0,11,0,141.35398280807897,0
2026-02-14,7,1,45,93.56,0,8,0,109.09088448456019,0
2026-02-14,7,2,31,93.56,0,8,0,90.8437707807247,0
2026-02-14,7,3,45,93.56,0,8,0,92.41128388413435,0
2026-02-14,8,1,42,41.88,0,27,0,54.51762351823527,0
2026-02-14,8,2,76,41.88,1,27,0,50.26620052981209,0
2026-02-14,8,3,42,41.88,0,27,0,105.66202296123532,0
2026-02-14,9,1,84,474.95,0,10,0,148.89139684518582,0
2026-02-14,9,2,81,474.95,0,16,6,122.0423385815303,0
2026-02-14,9,3,80,474.95,0,18,8,69.13694027732134,0
2026-02-14,10,1,81,483.16,0,29,0,105.8035915405316,0
2026-02-14,10,2,87,483.16,0,29,0,171.3393649620644,0
2026-02-14,10,3,90,483.16,0,29,0,168.6448028675755,0
2026-02-14,11,1,81,406.11,0,8,0,233.7759400480078,0
2026-02-14,11,2,77,406.11,0,8,0,52.47963374095025,1
2026-02-14,11,3,74,406.11,0,8,0,220.00666433987706,0
2026-02-14,12,1,51,159.26,0,10,0,75.67582439648842,0
2026-02-14,12,2,51,159.26,0,10,0,35.1550336686289,0
2026-02-14,12,3,58,159.26,0,10,0,30.473616438519425,0
2026-02-14,13,1,39,57.86,0,9,0,112.27792095343659,0
2026-02-14,13,2,48,57.86,0,9,0,131.55151125429282,0
2026-02-14,13,3,47,57.86,0,9,0,125.26997673913779,1
2026-02-14,14,1,73,345.27,0,13,0,202.95924951293802,0
2026-02-14,14,2,71,345.27,0,13,0,105.1596333694416,1
2026-02-14,14,3,67,345.27,0,13,0,163.1687466196993,0
2026-02-14,15,1,60,225.67,0,3,0,44.83852211195082,0
2026-02-14,15,2,58,225.67,0,3,0,108.16596775082871,0
2026-02-14,15,3,54,225.67,0,3,0,99.31161235165592,0
2026-02-14,16,1,40,69.8,0,2,0,40.58122077761634,1
2026-02-14,16,2,47,69.8,0,2,0,52.794520545634626,0
2026-02-14,16,3,49,69.8,0,2,0,82.8765841127185,0
2026-02-14,17,1,50,252.64,0,17,0,98.43174468828353,0
2026-02-14,17,2,72,252.64,0,17,0,70.58176221863873,0
2026-02-14,17,3,133,252.64,1,20,3,324.54934227647135,0
2026-02-14,18,1,38,26.85,0,24,0,22.051889084649915,0
2026-02-14,18,2,36,26.85,0,24,0,100.49400682041022,1
2026-02-14,18,3,44,26.85,0,24,0,41.42349217214829,0
2026-02-14,19,1,81,455.57,0,24,0,99.28764982300511,0
2026-02-14,19,2,83,455.57,0,24,0,166.26859005414963,0
2026-02-14,19,3,91,455.57,0,24,0,92.55418469232058,0
2026-02-14,20,1,54,136.8,0,25,0,94.1953732780642,0
2026-02-14,20,2,53,136.8,0,25,0,49.10043978729754,0
2026-02-14,20,3,48,136.8,0,25,0,95.27811405750033,0
2026-02-14,21,1,70,334.64,0,6,0,73.57404391662371,0
2026-02-14,21,2,73,334.64,0,6,0,84.07726803153446,0
2026-02-14,21,3,72,334.64,0,6,0,146.2229836466494,0
2026-02-14,22,1,59,162.74,0,4,0,115.96936590000433,0
2026-02-14,22,2,54,162.74,0,4,0,130.08122397353787,0
2026-02-14,22,3,51,162.74,0,4,0,51.551394333221026,0
2026-02-14,23,1,57,264.83,0,13,0,53.160150509488396,0
2026-02-14,23,2,60,264.83,0,13,0,169.4052135003497,0
2026-02-14,23,3,65,264.83,0,13,0,154.8341388596718,0
2026-02-14,24,1,55,277.89,0,9,0,56.04488560593719,0
2026-02-14,24,2,61,277.89,0,9,0,104.26529140724145,0
2026-02-14,24,3,64,277.89,0,9,0,103.48217847428414,0
2026-02-14,25,1,42,100.58,0,23,0,94.44648933270352,0
2026-02-14,25,2,43,100.58,0,23,0,31.193686035069927,1
2026-02-14,25,3,45,100.58,0,23,0,114.46961460812794,0
2026-02-14,26,1,94,485.1,0,28,0,232.8047853847257,0
2026-02-14,26,2,84,485.1,0,28,0,194.53065823354495,0
2026-02-14,26,3,79,485.1,0,28,0,91.00453266368466,0
2026-02-14,27,1,81,389.82,0,4,0,105.16448845028293,1
2026-02-14,27,2,68,389.82,0,4,0,63.92807158908924,0
2026-02-14,27,3,76,389.82,0,4,0,122.87334920939804,0
2026-02-14,28,1,82,470.35,0,2,0,122.23808799382974,0
2026-02-14,28,2,82,470.35,0,2,0,42.443928471355534,0
2026-02-14,28,3,89,470.35,0,2,0,52.92629958302853,0
2026-02-14,29,1,79,448.47,0,4,0,225.4343226961473,0
2026-02-14,29,2,83,448.47,0,4,0,47.30953163528007,0
2026-02-14,29,3,83,448.47,0,4,0,102.66213716755549,0
2026-02-14,30,1,65,302.97,0,6,0,63.99980123087831,0
2026-02-14,30,2,69,302.97,0,6,0,113.75296762212238,0
2026-02-14,30,3,69,302.97,0,6,0,102.35712568443392,0
2026-02-14,31,1,73,461.72,0,16,0,165.27011356670005,0
2026-02-14,31,2,87,461.72,0,16,0,193.07674852948975,0
2026-02-14,31,3,77,461.72,0,16,0,89.56803920589402,0
2026-02-14,32,1,38,53.36,0,15,0,33.9855010824521,0
2026-02-14,32,2,38,53.36,0,15,0,42.46384251352736,0
2026-02-14,32,3,85,53.36,1,15,0,237.15079920095496,0
2026-02-14,33,1,98,106.03,1,4,0,254.33229345282587,0
2026-02-14,33,2,43,106.03,0,4,0,49.85613839240991,0
2026-02-14,33,3,55,106.03,0,4,0,134.90334792058968,0
2026-02-14,34,1,38,32.16,0,2,0,44.795019170204405,0
2026-02-14,34,2,34,32.16,0,2,0,62.34245804258455,0
2026-02-14,34,3,30,32.16,0,2,0,82.80974878687417,0
2026-02-14,35,1,50,169.41,0,9,3,47.877039461145266,0
2026-02-14,35,2,59,169.41,0,6,0,98.70324134995295,0
2026-02-14,35,3,58,169.41,0,6,0,153.63667956644034,0
2026-02-14,36,1,54,200.45,0,27,0,36.23248966516402,0
2026-02-14,36,2,51,200.45,0,27,0,68.06030283368267,0
2026-02-14,36,3,57,200.45,0,27,0,35.48743792314381,0
2026-02-14,37,1,55,142.96,0,33,9,85.5395815692781,1
2026-02-14,37,2,59,142.96,0,24,0,143.0088568100999,0
2026-02-14,37,3,41,142.96,0,24,0,24.041352581373207,0
2026-02-14,38,1,78,416.08,0,15,0,224.86869931972848,0
2026-02-14,38,2,80,416.08,0,15,0,65.89723911341244,0
2026-02-14,38,3,81,416.08,0,15,0,239.2622702193638,0
2026-02-14,39,1,48,184.81,0,8,0,63.292948014179814,0
2026-02-14,39,2,48,184.81,0,8,0,27.699932734129252,0
2026-02-14,39,3,62,184.81,0,8,0,156.99888576335618,0
2026-02-14,40,1,53,147.66,0,28,0,39.9013504497423,0
2026-02-14,40,2,50,147.66,0,28,0,25.697941334748624,0
2026-02-14,40,3,53,147.66,0,28,0,53.64747483938818,0
2026-02-14,41,1,68,275.92,0,10,0,91.93974377167868,0
2026-02-14,41,2,65,275.92,0,10,0,120.22455834705077,0
2026-02-14,41,3,69,275.92,0,10,0,56.13413101689062,0
2026-02-14,42,1,38,79.05,0,16,0,23.042019080710386,0
2026-02-14,42,2,41,79.05,0,16,0,114.30131266613935,0
2026-02-14,42,3,42,79.05,0,16,0,100.86140452249754,0
2026-02-14,43,1,73,403.08,0,16,0,196.9535684312487,0
2026-02-14,43,2,74,403.08,0,16,0,127.47096760291441,0
2026-02-14,43,3,76,403.08,0,16,0,194.36867592842023,0
2026-02-14,44,1,37,46.53,0,27,0,74.04694009844256,0
2026-02-14,44,2,40,46.53,0,27,0,41.821186101934025,0
2026-02-14,44,3,35,46.53,0,27,0,65.2378109394224,0
2026-02-14,45,1,87,493.57,0,11,0,125.50602047033887,0
2026-02-14,45,2,83,493.57,0,11,0,95.50370743805954,0
2026-02-14,45,3,80,493.57,0,11,0,86.66031074824656,1
2026-02-14,46,1,68,388.4,0,29,0,171.63957183350965,1
2026-02-14,46,2,76,388.4,0,29,0,106.05633089799096,0
2026-02-14,46,3,82,388.4,0,36,7,130.06181573020487,0
2026-02-14,47,1,41,107.37,0,14,0,58.06368434047123,0
2026-02-14,47,2,39,107.37,0,23,9,52.39127881914595,0
2026-02-14,47,3,50,107.37,0,14,0,52.4964060769267,0
2026-02-14,48,1,28,12.71,0,20,0,22.655878468859946,0
2026-02-14,48,2,32,12.71,0,20,0,59.15945530894986,0
2026-02-14,48,3,41,12.71,0,20,0,65.07384602349829,0
2026-02-14,49,1,77,409.58,0,8,0,122.40038669516828,0
2026-02-14,49,2,73,409.58,0,8,0,42.35777463621092,0
2026-02-14,49,3,72,409.58,0,8,0,110.19399508966097,0
2026-02-14,50,1,81,356.36,0,18,0,118.1876507840489,0
2026-02-14,50,2,68,356.36,0,18,0,98.99515501160775,0
2026-02-14,50,3,72,356.36,0,18,0,200.99039989138964,0
2026-02-15,1,1,65,394.74,0,4,0,93.00557510061401,0
2026-02-15,1,2,79,394.74,0,4,0,47.25488087720749,0
2026-02-15,1,3,72,394.74,0,4,0,194.0332137972374,1
2026-02-15,2,1,87,107.84,1,4,0,125.26179432202342,0
2026-02-15,2,2,44,107.84,0,4,0,87.53913132031036,0
2026-02-15,2,3,51,107.84,0,4,0,115.92563038763852,0
2026-02-15,3,1,60,261.97,0,11,9,75.84985307702375,0
2026-02-15,3,2,58,261.97,0,2,0,52.30101261307905,0
2026-02-15,3,3,64,261.97,0,2,0,149.96291417958776,0
2026-02-15,4,1,78,300.28,0,28,0,233.0165411196583,0
2026-02-15,4,2,65,300.28,0,28,0,185.48560064931863,0
2026-02-15,4,3,59,300.28,0,28,0,117.58959652274075,0
2026-02-15,5,1,37,32.76,0,6,0,29.78499034778111,0
2026-02-15,5,2,40,32.76,0,6,0,92.13805492346643,0
2026-02-15,5,3,48,32.76,0,6,0,60.170739607576714,0
2026-02-15,6,1,65,307.7,0,11,0,96.11374372255234,0
2026-02-15,6,2,72,307.7,0,11,0,140.56288970407365,0
2026-02-15,6,3,67,307.7,0,11,0,60.80465231917848,0
2026-02-15,7,1,36,93.56,0,8,0,71.43773761621463,0
2026-02-15,7,2,46,93.56,0,8,0,59.21044135930875,0
2026-02-15,7,3,51,93.56,0,8,0,60.39234313927101,0
2026-02-15,8,1,41,41.88,0,27,0,32.66835973870581,0
2026-02-15,8,2,38,41.88,0,27,0,72.54592835054507,0
2026-02-15,8,3,44,41.88,0,27,0,50.17515501855902,0
2026-02-15,9,1,82,474.95,0,10,0,186.72365735021063,0
2026-02-15,9,2,77,474.95,0,10,0,200.90111170113713,1
2026-02-15,9,3,82,474.95,0,10,0,105.81207123375538,0
2026-02-15,10,1,88,483.16,0,29,0,163.33410197567568,0
2026-02-15,10,2,91,483.16,0,29,0,190.39984464783763,0
2026-02-15,10,3,78,483.16,0,29,0,162.23640977657723,0
2026-02-15,11,1,79,406.11,0,8,0,197.73868703649393,0
2026-02-15,11,2,149,406.11,1,8,0,330.45876123810586,0
2026-02-15,11,3,74,406.11,0,8,0,50.66606459894417,0
2026-02-15,12,1,51,159.26,0,10,0,79.4808121776704,0
2026-02-15,12,2,50,159.26,0,10,0,140.1654925879912,0
2026-02-15,12,3,47,159.26,0,10,0,32.72828025364749,0
2026-02-15,13,1,38,57.86,0,9,0,79.74460329253999,0
2026-02-15,13,2,35,57.86,0,9,0,44.280859834316885,0
2026-02-15,13,3,43,57.86,0,9,0,108.4989452933288,0
2026-02-15,14,1,71,345.27,0,13,0,66.64039030755136,0
2026-02-15,14,2,65,345.27,0,13,0,47.8324514349179,0
2026-02-15,14,3,68,345.27,0,13,0,198.68859571890837,0
2026-02-15,15,1,54,225.67,0,3,0,149.75533049602888,0
2026-02-15,15,2,63,225.67,0,12,9,60.302093549454995,0
2026-02-15,15,3,57,225.67,0,3,0,146.8301639792564,0
2026-02-15,16,1,40,69.8,0,2,0,46.62755399264667,0
2026-02-15,16,2,43,69.8,0,2,0,77.02094082082577,0
2026-02-15,16,3,22,69.8,0,2,0,22.47957234194448,0
2026-02-15,17,1,56,252.64,0,17,0,107.53288894596483,0
2026-02-15,17,2,63,252.64,0,17,0,93.8893535991996,0
2026-02-15,17,3,56,252.64,0,17,0,112.74970720731616,0
2026-02-15,18,1,43,26.85,0,24,0,81.36425599382437,0
2026-02-15,18,2,43,26.85,0,24,0,92.39102405148584,0
2026-02-15,18,3,41,26.85,0,24,0,107.12291184555511,0
2026-02-15,19,1,87,455.57,0,24,0,49.38740259523296,0
2026-02-15,19,2,80,455.57,0,24,0,85.39766072175962,0
2026-02-15,19,3,79,455.57,0,24,0,87.98590617749564,0
2026-02-15,20,1,52,136.8,0,25,0,72.23787585426668,0
2026-02-15,20,2,49,136.8,0,25,0,98.22100694990274,0
2026-02-15,20,3,42,136.8,0,25,0,24.689091329932612,0
2026-02-15,21,1,71,334.64,0,6,0,43.31621424215765,0
2026-02-15,21,2,73,334.64,0,6,0,57.066137948984164,0
2026-02-15,21,3,69,334.64,0,6,0,92.73015849777275,0
2026-02-15,22,1,46,162.74,0,4,0,87.23804904839909,0
2026-02-15,22,2,47,162.74,0,4,0,60.5951963226239,0
2026-02-15,22,3,44,162.74,0,4,0,122.34678180716206,0
2026-02-15,23,1,65,264.83,0,13,0,151.74747864812366,0
2026-02-15,23,2,69,264.83,0,13,0,178.3808348628368,0
2026-02-15,23,3,64,264.83,0,13,0,121.15294570912783,0
2026-02-15,24,1,72,277.89,0,9,0,135.99711842229902,0
2026-02-15,24,2,62,277.89,0,9,0,177.5524246722517,0
2026-02-15,24,3,61,277.89,0,11,2,132.47612924489536,0
2026-02-15,25,1,51,100.58,0,23,0,47.80118104937125,0
2026-02-15,25,2,43,100.58,0,23,0,72.8581208240258,0
2026-02-15,25,3,40,100.58,0,23,0,44.81669013941633,0
2026-02-15,26,1,85,485.1,0,28,0,247.4975775525647,0
2026-02-15,26,2,82,485.1,0,28,0,174.1579927182505,0
2026-02-15,26,3,82,485.1,0,28,0,70.8641557872011,0
2026-02-15,27,1,74,389.82,0,4,0,191.37133118877426,0
2026-02-15,27,2,68,389.82,0,4,0,174.17879090409673,0
2026-02-15,27,3,62,389.82,0,4,0,69.31374877542034,0
2026-02-15,28,1,80,470.35,0,5,3,92.27650068585291,0
2026-02-15,28,2,83,470.35,0,2,0,66.82973869326138,0
2026-02-15,28,3,81,470.35,0,2,0,73.55006498127214,0
2026-02-15,29,1,87,448.47,0,4,0,204.37598153003802,0
2026-02-15,29,2,84,448.47,0,4,0,82.53729227362858,0
2026-02-15,29,3,75,448.47,0,4,0,98.4134777000188,0
2026-02-15,30,1,70,302.97,0,6,0,53.66938397070416,0
2026-02-15,30,2,70,302.97,0,6,0,138.97963736167404,0
2026-02-15,30,3,67,302.97,0,6,0,65.83608879544985,0
2026-02-15,31,1,80,461.72,0,16,0,150.38346142445982,0
2026-02-15,31,2,79,461.72,0,16,0,139.4828354694101,0
2026-02-15,31,3,86,461.72,0,16,0,148.47026558508765,0
2026-02-15,32,1,46,53.36,0,15,0,75.89071611476936,0
2026-02-15,32,2,80,53.36,1,15,0,182.41550241429627,0
2026-02-15,32,3,35,53.36,0,15,0,41.20333206288714,0
2026-02-15,33,1,45,106.03,0,4,0,132.78616790659726,0
2026-02-15,33,2,43,106.03,0,4,0,125.11630510691931,1
2026-02-15,33,3,51,106.03,0,4,0,96.15785391888511,0
2026-02-15,34,1,37,32.16,0,8,6,19.92500815689666,0
2026-02-15,34,2,41,32.16,0,2,0,70.62468789841553,0
2026-02-15,34,3,46,32.16,0,2,0,112.95631892216919,0
2026-02-15,35,1,45,169.41,0,6,0,83.15826609388219,0
2026-02-15,35,2,54,169.41,0,6,0,41.96145144935516,0
2026-02-15,35,3,48,169.41,0,6,0,49.31148818227241,0
2026-02-15,36,1,51,200.45,0,27,0,64.40393368976723,0
2026-02-15,36,2,51,200.45,0,27,0,100.28584082862707,0
2026-02-15,36,3,62,200.45,0,27,0,80.70112421412821,0
2026-02-15,37,1,50,142.96,0,24,0,120.08336804360286,0
2026-02-15,37,2,47,142.96,0,24,0,103.36150348685149,0
2026-02-15,37,3,47,142.96,0,24,0,63.07280241303275,0
2026-02-15,38,1,70,416.08,0,15,0,68.62880236208241,0
2026-02-15,38,2,74,416.08,0,15,0,162.5805842731795,0
2026-02-15,38,3,72,416.08,0,15,0,101.55764632570924,0
2026-02-15,39,1,57,184.81,0,8,0,84.142470024051,0
2026-02-15,39,2,53,184.81,0,8,0,30.752937364272864,0
2026-02-15,39,3,49,184.81,0,8,0,33.33783276187858,0
2026-02-15,40,1,51,147.66,0,28,0,48.02874113157077,0
2026-02-15,40,2,50,147.66,0,28,0,122.81337721073785,0
2026-02-15,40,3,58,147.66,0,28,0,140.94175839886566,0
2026-02-15,41,1,71,275.92,0,13,3,134.66791240496053,0
2026-02-15,41,2,63,275.92,0,10,0,107.33419114810248,0
2026-02-15,41,3,56,275.92,0,13,3,111.47530500521528,0
2026-02-15,42,1,38,79.05,0,22,6,69.3357318708402,0
2026-02-15,42,2,44,79.05,0,25,9,73.32043494315954,0
2026-02-15,42,3,45,79.05,0,16,0,40.33504180096195,0
2026-02-15,43,1,78,403.08,0,16,0,89.43424773427827,0
2026-02-15,43,2,75,403.08,0,16,0,199.42491036027252,0
2026-02-15,43,3,66,403.08,0,16,0,104.48318448068228,0
2026-02-15,44,1,37,46.53,0,27,0,78.92792936594063,0
2026-02-15,44,2,40,46.53,0,27,0,39.544787497666036,0
2026-02-15,44,3,42,46.53,0,27,0,102.72647779986114,0
2026-02-15,45,1,80,493.57,0,11,0,171.71584207218137,0
2026-02-15,45,2,90,493.57,0,11,0,197.56637585138512,0
2026-02-15,45,3,91,493.57,0,11,0,147.84410698712884,0
2026-02-15,46,1,76,388.4,0,29,0,186.54823512084545,0
2026-02-15,46,2,76,388.4,0,29,0,135.11126346704006,0
2026-02-15,46,3,78,388.4,0,29,0,205.80174814558816,0
2026-02-15,47,1,44,107.37,0,14,0,73.98370095767855,0
2026-02-15,47,2,46,107.37,0,14,0,49.064378981999845,0
2026-02-15,47,3,43,107.37,0,14,0,46.57503453561068,0
2026-02-15,48,1,37,12.71,0,20,0,43.55168508525259,0
2026-02-15,48,2,38,12.71,0,20,0,41.08085704227551,0
2026-02-15,48,3,30,12.71,0,20,0,15.457605839285709,0
2026-02-15,49,1,72,409.58,0,8,0,157.55608652143422,0
2026-02-15,49,2,74,409.58,0,8,0,144.38872497170217,0
2026-02-15,49,3,73,409.58,0,8,0,172.44101734099186,0
2026-02-15,50,1,66,356.36,0,18,0,40.008115116294924,0
2026-02-15,50,2,69,356.36,0,18,0,170.73827134079556,0
2026-02-15,50,3,63,356.36,0,18,0,104.66048330900266,0
2026-02-16,1,1,74,394.74,0,4,0,113.77000064978421,0
2026-02-16,1,2,74,394.74,0,4,0,197.8411790585978,0
2026-02-16,1,3,65,394.74,0,4,0,134.13943618019857,0
2026-02-16,2,1,47,107.84,0,4,0,72.86658538504805,0
2026-02-16,2,2,58,107.84,0,4,0,145.6573468247944,0
2026-02-16,2,3,36,107.84,0,4,0,106.55350461578348,0
2026-02-16,3,1,52,261.97,0,2,0,51.790823693349864,0
2026-02-16,3,2,60,261.97,0,2,0,50.200451441872275,0
2026-02-16,3,3,53,261.97,0,2,0,45.425488526994144,0
2026-02-16,4,1,54,300.28,0,28,0,85.73967891327106,0
2026-02-16,4,2,59,300.28,0,28,0,170.04378047433408,0
2026-02-16,4,3,58,300.28,0,28,0,83.79082251037838,0
2026-02-16,5,1,37,32.76,0,6,0,43.32657968114145,0
2026-02-16,5,2,36,32.76,0,6,0,73.1598224861335,0
2026-02-16,5,3,38,32.76,0,6,0,69.53187033079908,0
2026-02-16,6,1,60,307.7,0,11,0,65.94260364483597,0
2026-02-16,6,2,65,307.7,0,11,0,33.24969959754961,1
2026-02-16,6,3,48,307.7,0,11,0,82.34296425263008,0
2026-02-16,7,1,41,93.56,0,8,0,99.13337444462728,0
2026-02-16,7,2,36,93.56,0,8,0,86.10559323405703,0
2026-02-16,7,3,32,93.56,0,8,0,16.099150061310034,0
2026-02-16,8,1,32,41.88,0,27,0,73.79596449038569,0
2026-02-16,8,2,42,41.88,0,27,0,91.11091533368091,0
2026-02-16,8,3,32,41.88,0,27,0,92.49957241910373,0
2026-02-16,9,1,79,474.95,0,10,0,219.0047381647146,0
2026-02-16,9,2,80,474.95,0,10,0,45.485820389191446,0
2026-02-16,9,3,73,474.95,0,15,5,213.84257310504148,0
2026-02-16,10,1,78,483.16,0,29,0,117.21176689461979,0
2026-02-16,10,2,73,483.16,0,29,0,183.01038954449348,0
2026-02-16,10,3,80,483.16,0,29,0,155.55140331408063,0
2026-02-16,11,1,76,406.11,0,8,0,62.50780721487496,0
2026-02-16,11,2,62,406.11,0,8,0,117.40191562799384,0
2026-02-16,11,3,75,406.11,0,8,0,204.94199707114487,0
2026-02-16,12,1,35,159.26,0,10,0,94.26384851738663,0
2026-02-16,12,2,43,159.26,0,10,0,71.89109835868919,0
2026-02-16,12,3,41,159.26,0,10,0,110.17707924604927,0
2026-02-16,13,1,33,57.86,0,9,0,89.37641789329322,0
2026-02-16,13,2,30,57.86,0,9,0,20.78735413246925,0
2026-02-16,13,3,37,57.86,0,9,0,89.97100052593561,0
2026-02-16,14,1,73,345.27,0,13,0,173.4325850152246,0
2026-02-16,14,2,65,345.27,0,13,0,82.92041540662018,0
2026-02-16,14,3,64,345.27,0,13,0,64.70242622392674,0
2026-02-16,15,1,50,225.67,0,3,0,115.73632628304931,0
2026-02-16,15,2,56,225.67,0,3,0,167.7174921979026,0
2026-02-16,15,3,51,225.67,0,3,0,116.95014247525987,0
2026-02-16,16,1,34,69.8,0,5,3,66.58062996966387,0
2026-02-16,16,2,41,69.8,0,2,0,37.096225457422584,0
2026-02-16,16,3,43,69.8,0,2,0,84.38750671902295,0
2026-02-16,17,1,57,252.64,0,17,0,110.6335302687848,0
2026-02-16,17,2,58,252.64,0,17,0,156.92001105193063,0
2026-02-16,17,3,56,252.64,0,17,0,32.75401668244527,0
2026-02-16,18,1,34,26.85,0,24,0,101.93783824168686,0
2026-02-16,18,2,26,26.85,0,24,0,37.96313285949186,0
2026-02-16,18,3,36,26.85,0,24,0,32.91065081618617,0
2026-02-16,19,1,75,455.57,0,24,0,88.42814982712538,0
2026-02-16,19,2,75,455.57,0,24,0,39.11924661353085,0
2026-02-16,19,3,82,455.57,0,24,0,111.49556306383722,0
2026-02-16,20,1,42,136.8,0,25,0,43.47602574028765,0
2026-02-16,20,2,51,136.8,0,25,0,120.87492441650241,0
2026-02-16,20,3,43,136.8,0,25,0,47.88730023708991,0
2026-02-16,21,1,69,334.64,0,6,0,95.889648958523,0
2026-02-16,21,2,64,334.64,0,6,0,167.20276015469443,1
2026-02-16,21,3,63,334.64,0,6,0,81.77857803313546,0
2026-02-16,22,1,48,162.74,0,4,0,40.34050712244874,0
2026-02-16,22,2,50,162.74,0,4,0,99.45270972884641,0
2026-02-16,22,3,49,162.74,0,4,0,37.16834273925749,0
2026-02-16,23,1,61,264.83,0,13,0,162.08982019317776,0
2026-02-16,23,2,59,264.83,0,18,5,68.42266769536388,0
2026-02-16,23,3,71,264.83,0,13,0,55.21431912036089,0
2026-02-16,24,1,55,277.89,0,9,0,72.67948569755526,0
2026-02-16,24,2,51,277.89,0,9,0,47.41129990825239,0
2026-02-16,24,3,61,277.89,0,9,0,45.83121117929138,0
2026-02-16,25,1,49,100.58,0,23,0,103.9047106856158,0
2026-02-16,25,2,45,100.58,0,23,0,58.04306406260946,1
2026-02-16,25,3,38,100.58,0,23,0,105.88530589311891,0
2026-02-16,26,1,83,485.1,0,28,0,95.58214581764952,0
2026-02-16,26,2,77,485.1,0,28,0,160.8007375199147,0
2026-02-16,26,3,76,485.1,0,28,0,112.74937948458532,0
2026-02-16,27,1,71,389.82,0,4,0,147.64819330725783,0
2026-02-16,27,2,60,389.82,0,4,0,110.32852661330597,0
2026-02-16,27,3,71,389.82,0,4,0,118.83261330502935,0
2026-02-16,28,1,72,470.35,0,2,0,99.5855389523832,0
2026-02-16,28,2,71,470.35,0,2,0,172.6634953463468,0
2026-02-16,28,3,70,470.35,0,2,0,163.3158446326653,1
2026-02-16,29,1,73,448.47,0,4,0,183.16610662089118,0
2026-02-16,29,2,144,448.47,1,4,0,430.7862943528639,0
2026-02-16,29,3,78,448.47,0,4,0,136.73642754928773,0
2026-02-16,30,1,57,302.97,0,6,0,125.80315678766321,0
2026-02-16,30,2,61,302.97,0,6,0,176.72894366556483,1
2026-02-16,30,3,58,302.97,0,6,0,140.04663874419143,0
2026-02-16,31,1,68,461.72,0,16,0,93.01818926117174,0
2026-02-16,31,2,71,461.72,0,16,0,108.95734581903766,0
2026-02-16,31,3,75,461.72,0,16,0,103.18823120027487,0
2026-02-16,32,1,40,53.36,0,15,0,88.20034841676627,0
2026-02-16,32,2,39,53.36,0,15,0,59.416152070988694,0
2026-02-16,32,3,33,53.36,0,15,0,26.94584471369225,0
2026-02-16,33,1,45,106.03,0,4,0,41.095012847093784,0
2026-02-16,33,2,43,106.03,0,4,0,76.59890122990952,0
2026-02-16,33,3,39,106.03,0,4,0,35.75555032325699,0
2026-02-16,34,1,40,32.16,0,2,0,111.58630723349958,0
2026-02-16,34,2,27,32.16,0,2,0,56.931886390906215,0
2026-02-16,34,3,28,32.16,0,2,0,51.82554108017488,0
2026-02-16,35,1,48,169.41,0,6,0,80.2071109405259,0
2026-02-16,35,2,44,169.41,0,6,0,57.02761871586326,0
2026-02-16,35,3,43,169.41,0,6,0,41.69084468192781,0
2026-02-16,36,1,52,200.45,0,27,0,138.23588206567734,0
2026-02-16,36,2,59,200.45,0,27,0,145.71334240929502,0
2026-02-16,36,3,58,200.45,0,27,0,126.33827967542572,0
2026-02-16,37,1,47,142.96,0,24,0,127.55349078870584,0
2026-02-16,37,2,39,142.96,0,24,0,84.32389786405453,0
2026-02-16,37,3,36,142.96,0,24,0,68.27733498915548,0
2026-02-16,38,1,81,416.08,0,15,0,189.61989043219367,0
2026-02-16,38,2,77,416.08,0,15,0,134.1720463802231,0
2026-02-16,38,3,69,416.08,0,15,0,65.23144963995729,0
2026-02-16,39,1,52,184.81,0,8,0,119.94685767506945,0
2026-02-16,39,2,47,184.81,0,8,0,36.353885659947274,0
2026-02-16,39,3,51,184.81,0,8,0,96.8242954142854,0
2026-02-16,40,1,53,147.66,0,28,0,128.3701940670277,0
2026-02-16,40,2,94,147.66,1,28,0,264.82667107512356,0
2026-02-16,40,3,39,147.66,0,28,0,103.38543402815411,0
2026-02-16,41,1,59,275.92,0,10,0,154.26360104785863,0
2026-02-16,41,2,59,275.92,0,10,0,29.99572613933457,0
2026-02-16,41,3,58,275.92,0,10,0,43.80778064701384,0
2026-02-16,42,1,42,79.05,0,16,0,93.59257992321996,0
2026-02-16,42,2,35,79.05,0,16,0,42.15451349351032,0
2026-02-16,42,3,68,79.05,1,16,0,109.69999086940828,0
2026-02-16,43,1,72,403.08,0,16,0,106.55456827339788,0
2026-02-16,43,2,70,403.08,0,16,0,37.14087524389659,0
2026-02-16,43,3,74,403.08,0,16,0,53.56399296772516,0
2026-02-16,44,1,34,46.53,0,27,0,35.168283231919716,0
2026-02-16,44,2,31,46.53,0,27,0,51.54249362825583,0
2026-02-16,44,3,33,46.53,0,27,0,50.37323414671277,0
2026-02-16,45,1,68,493.57,0,11,0,110.18819069195366,0
2026-02-16,45,2,81,493.57,0,11,0,44.183603147498964,0
2026-02-16,45,3,83,493.57,0,11,0,99.8426259012998,0
2026-02-16,46,1,63,388.4,0,29,0,102.78292902247924,0
2026-02-16,46,2,68,388.4,0,29,0,58.10447704293851,0
2026-02-16,46,3,67,388.4,0,29,0,167.2217817082023,0
2026-02-16,47,1,45,107.37,0,14,0,112.76770829589923,0
2026-02-16,47,2,46,107.37,0,14,0,62.75027888059832,0
2026-02-16,47,3,31,107.37,0,14,0,82.61511859505703,0
2026-02-16,48,1,35,12.71,0,20,0,21.229408351634607,0
2026-02-16,48,2,44,12.71,0,20,0,113.97834967975263,0
2026-02-16,48,3,37,12.71,0,20,0,79.3335047535216,0
2026-02-16,49,1,70,409.58,0,8,0,58.6135522588823,0
2026-02-16,49,2,81,409.58,0,8,0,208.26284421278515,0
2026-02-16,49,3,72,409.58,0,8,0,85.89675341824972,0
2026-02-16,50,1,63,356.36,0,18,0,110.7113512634256,0
2026-02-16,50,2,62,356.36,0,18,0,148.37511014740068,0
2026-02-16,50,3,62,356.36,0,18,0,129.97869221932595,0
2026-02-17,1,1,61,394.74,0,4,0,50.26857350106063,0
2026-02-17,1,2,67,394.74,0,4,0,73.21980370622416,0
2026-02-17,1,3,72,394.74,0,4,0,45.24390283663921,0
2026-02-17,2,1,36,107.84,0,4,0,28.172277184820597,0
2026-02-17,2,2,41,107.84,0,4,0,82.35995855844831,0
2026-02-17,2,3,41,107.84,0,4,0,100.04579822068101,0
2026-02-17,3,1,51,261.97,0,2,0,149.58875447956868,0
2026-02-17,3,2,52,261.97,0,2,0,118.29045367040236,0
2026-02-17,3,3,55,261.97,0,2,0,84.23236206638394,0
2026-02-17,4,1,60,300.28,0,28,0,125.87562328757312,0
2026-02-17,4,2,61,300.28,0,28,0,137.01627337777302,0
2026-02-17,4,3,63,300.28,0,28,0,110.29035297640108,0
2026-02-17,5,1,33,32.76,0,6,0,42.472062450615155,0
2026-02-17,5,2,35,32.76,0,6,0,42.42811249733755,0
2026-02-17,5,3,42,32.76,0,6,0,114.65708486789764,0
2026-02-17,6,1,61,307.7,0,11,0,80.62480241438924,0
2026-02-17,6,2,53,307.7,0,11,0,94.67176925469185,0
2026-02-17,6,3,62,307.7,0,11,0,123.03060960922043,0
2026-02-17,7,1,38,93.56,0,8,0,50.85403533292364,0
2026-02-17,7,2,41,93.56,0,8,0,113.31338430571128,0
2026-02-17,7,3,33,93.56,0,8,0,62.97331462408276,0
2026-02-17,8,1,38,41.88,0,27,0,43.3274802419351,0
2026-02-17,8,2,34,41.88,0,27,0,32.340379445934424,0
2026-02-17,8,3,33,41.88,0,27,0,89.2539336428453,0
2026-02-17,9,1,73,474.95,0,10,0,76.82693419594526,0
2026-02-17,9,2,68,474.95,0,10,0,118.80899012161481,0
2026-02-17,9,3,79,474.95,0,10,0,142.58229438874287,0
2026-02-17,10,1,78,483.16,0,29,0,44.424119141558016,0
2026-02-17,10,2,81,483.16,0,29,0,104.48421704406282,0
2026-02-17,10,3,76,483.16,0,29,0,157.817969374613,0
2026-02-17,11,1,77,406.11,0,8,0,182.52345514828207,0
2026-02-17,11,2,78,406.11,0,8,0,165.66332659913698,1
2026-02-17,11,3,74,406.11,0,8,0,208.92978296397848,0
2026-02-17,12,1,47,159.26,0,10,0,25.720835461441553,0
2026-02-17,12,2,42,159.26,0,10,0,108.85355399873734,0
2026-02-17,12,3,50,159.26,0,10,0,126.62280336214849,0
2026-02-17,13,1,36,57.86,0,9,0,87.65038250806357,0
2026-02-17,13,2,34,57.86,0,9,0,72.33196737598361,0
2026-02-17,13,3,34,57.86,0,9,0,61.472537792333746,1
2026-02-17,14,1,69,345.27,0,13,0,117.47271626562514,0
2026-02-17,14,2,56,345.27,0,13,0,57.23286239004184,0
2026-02-17,14,3,122,345.27,1,13,0,285.75508655754203,0
2026-02-17,15,1,49,225.67,0,3,0,80.5611742599129,0
2026-02-17,15,2,55,225.67,0,3,0,38.808212202201005,0
2026-02-17,15,3,58,225.67,0,3,0,90.77476316949947,0
2026-02-17,16,1,38,69.8,0,2,0,62.23889289372071,0
2026-02-17,16,2,35,69.8,0,2,0,53.638222203918055,0
2026-02-17,16,3,37,69.8,0,2,0,61.499808844892016,0
2026-02-17,17,1,54,252.64,0,17,0,141.50232811973174,0
2026-02-17,17,2,54,252.64,0,17,0,157.7119526059015,0
2026-02-17,17,3,47,252.64,0,17,0,66.08781202163716,0
2026-02-17,18,1,29,26.85,0,24,0,69.68203763441318,0
2026-02-17,18,2,28,26.85,0,24,0,32.529739476281904,1
2026-02-17,18,3,33,26.85,0,24,0,48.02353028385146,0
2026-02-17,19,1,80,455.57,0,24,0,214.76488869230218,0
2026-02-17,19,2,78,455.57,0,24,0,136.95343446087657,0
2026-02-17,19,3,76,455.57,0,24,0,117.59367297623267,1
2026-02-17,20,1,45,136.8,0,25,0,34.10325707570562,0
2026-02-17,20,2,44,136.8,0,25,0,101.03868943216932,0
2026-02-17,20,3,47,136.8,0,34,9,46.63749806931556,0
2026-02-17,21,1,60,334.64,0,6,0,136.1329590316995,0
2026-02-17,21,2,68,334.64,0,6,0,167.46101568536798,0
2026-02-17,21,3,60,334.64,0,6,0,87.96703307234017,0
2026-02-17,22,1,43,162.74,0,4,0,74.71875465750583,0
2026-02-17,22,2,46,162.74,0,4,0,105.58802003122901,0
2026-02-17,22,3,53,162.74,0,4,0,114.77828524083272,0
2026-02-17,23,1,56,264.83,0,13,0,54.314080478922364,0
2026-02-17,23,2,46,264.83,0,13,0,122.89288634185925,0
2026-02-17,23,3,50,264.83,0,13,0,33.936822183627655,0
2026-02-17,24,1,56,277.89,0,9,0,47.31717428089086,1
2026-02-17,24,2,59,277.89,0,9,0,41.71491213027421,1
2026-02-17,24,3,61,277.89,0,9,0,39.93541974793037,0
2026-02-17,25,1,43,100.58,0,23,0,111.4225079987849,0
2026-02-17,25,2,41,100.58,0,23,0,66.77206045242538,0
2026-02-17,25,3,41,100.58,0,23,0,82.31811463454615,0
2026-02-17,26,1,80,485.1,0,28,0,144.01943810307296,1
2026-02-17,26,2,77,485.1,0,28,0,114.21259873861356,0
2026-02-17,26,3,78,485.1,0,28,0,125.52525365965242,0
2026-02-17,27,1,74,389.82,0,4,0,146.51316771175888,0
2026-02-17,27,2,68,389.82,0,4,0,195.0592355654815,0
2026-02-17,27,3,74,389.82,0,4,0,171.95381688467268,0
2026-02-17,28,1,83,470.35,0,2,0,103.4347513010099,0
2026-02-17,28,2,70,470.35,0,2,0,191.42645816298966,0
2026-02-17,28,3,75,470.35,0,2,0,150.03928464951952,0
2026-02-17,29,1,75,448.47,0,4,0,147.49451079713427,1
2026-02-17,29,2,72,448.47,0,4,0,179.85238779617572,0
2026-02-17,29,3,74,448.47,0,4,0,150.963291498052,0
2026-02-17,30,1,64,302.97,0,6,0,185.59453019393027,0
2026-02-17,30,2,64,302.97,0,6,0,169.53783434644868,0
2026-02-17,30,3,65,302.97,0,6,0,108.40175829101561,0
2026-02-17,31,1,76,461.72,0,16,0,87.95599071183216,0
2026-02-17,31,2,72,461.72,0,16,0,180.11842357052078,0
2026-02-17,31,3,84,461.72,0,16,0,141.63426995811957,0
2026-02-17,32,1,40,53.36,0,15,0,41.89529010121605,0
2026-02-17,32,2,40,53.36,0,15,0,108.16437551809346,0
2026-02-17,32,3,33,53.36,0,15,0,21.282891799777826,0
2026-02-17,33,1,34,106.03,0,4,0,56.430614905309156,0
2026-02-17,33,2,45,106.03,0,4,0,74.20427130833302,0
2026-02-17,33,3,44,106.03,0,4,0,106.94270968607196,0
2026-02-17,34,1,38,32.16,0,2,0,100.43412795292626,0
2026-02-17,34,2,26,32.16,0,10,8,67.8268812342519,0
2026-02-17,34,3,31,32.16,0,2,0,34.33664559065504,0
2026-02-17,35,1,55,169.41,0,6,0,55.47657684794984,0
2026-02-17,35,2,41,169.41,0,6,0,37.261693942618855,0
2026-02-17,35,3,44,169.41,0,6,0,118.71903811737646,0
2026-02-17,36,1,55,200.45,0,27,0,71.55452512187583,1
2026-02-17,36,2,58,200.45,0,27,0,63.56033705262227,0
2026-02-17,36,3,55,200.45,0,27,0,28.06479292595326,0
2026-02-17,37,1,45,142.96,0,24,0,43.41364045153408,0
2026-02-17,37,2,53,142.96,0,24,0,82.08554340551515,0
2026-02-17,37,3,40,142.96,0,24,0,73.71888395659866,0
2026-02-17,38,1,75,416.08,0,15,0,95.07166581690608,0
2026-02-17,38,2,69,416.08,0,22,7,50.3441939386369,0
2026-02-17,38,3,76,416.08,0,15,0,88.17939032099208,0
2026-02-17,39,1,52,184.81,0,8,0,69.8799329320786,0
2026-02-17,39,2,55,184.81,0,14,6,36.37886167308641,0
2026-02-17,39,3,43,184.81,0,8,0,60.01780495881545,0
2026-02-17,40,1,41,147.66,0,28,0,73.48232332956898,0
2026-02-17,40,2,48,147.66,0,28,0,121.13716214288877,0
2026-02-17,40,3,54,147.66,0,28,0,42.199748688870045,0
2026-02-17,41,1,61,275.92,0,10,0,69.61972390793821,0
2026-02-17,41,2,51,275.92,0,10,0,102.03210713434994,0
2026-02-17,41,3,56,275.92,0,10,0,115.03694372705145,0
2026-02-17,42,1,41,79.05,0,16,0,98.70310890129417,0
2026-02-17,42,2,35,79.05,0,16,0,59.208214735760016,0
2026-02-17,42,3,39,79.05,0,16,0,84.58618803932103,0
2026-02-17,43,1,72,403.08,0,16,0,170.5573135135968,0
2026-02-17,43,2,74,403.08,0,16,0,102.94987196015036,0
2026-02-17,43,3,69,403.08,0,16,0,59.05486939600088,0
2026-02-17,44,1,40,46.53,0,27,0,65.20009380537655,0
2026-02-17,44,2,35,46.53,0,27,0,74.61822860206688,0
2026-02-17,44,3,35,46.53,0,27,0,69.31964609249336,0
2026-02-17,45,1,83,493.57,0,11,0,88.3150996022739,1
2026-02-17,45,2,84,493.57,0,11,0,242.96921917997292,0
2026-02-17,45,3,70,493.57,0,11,0,121.93972141677531,0
2026-02-17,46,1,78,388.4,0,29,0,157.82424833478973,0
2026-02-17,46,2,72,388.4,0,29,0,54.89990314607566,0
2026-02-17,46,3,67,388.4,0,29,0,89.66554893476803,0
2026-02-17,47,1,47,107.37,0,14,0,107.6698722869433,0
2026-02-17,47,2,34,107.37,0,14,0,86.07219846287742,0
2026-02-17,47,3,34,107.37,0,14,0,31.308874773333994,0
2026-02-17,48,1,31,12.71,0,20,0,64.02504454788489,0
2026-02-17,48,2,19,12.71,0,20,0,53.87227624743767,0
2026-02-17,48,3,28,12.71,0,20,0,23.30738406466506,0
2026-02-17,49,1,82,409.58,0,8,0,143.44403868685333,0
2026-02-17,49,2,65,409.58,0,8,0,116.86996241889156,0
2026-02-17,49,3,70,409.58,0,8,0,186.7132232996664,0
2026-02-17,50,1,63,356.36,0,18,0,59.58079459517714,0
2026-02-17,50,2,64,356.36,0,18,0,109.49017576263765,0
2026-02-17,50,3,68,356.36,0,18,0,176.80734629973003,0
2026-02-18,1,1,67,394.74,0,4,0,105.64455376410827,0
2026-02-18,1,2,68,394.74,0,4,0,94.47605206068917,0
2026-02-18,1,3,70,394.74,0,4,0,193.70012089483618,0
2026-02-18,2,1,47,107.84,0,4,0,49.54363085763405,0
2026-02-18,2,2,49,107.84,0,4,0,37.89335166967295,0
2026-02-18,2,3,47,107.84,0,4,0,122.71360662315877,0
2026-02-18,3,1,56,261.97,0,2,0,112.99069468414214,0
2026-02-18,3,2,53,261.97,0,2,0,157.0027334105451,0
2026-02-18,3,3,65,261.97,0,2,0,132.78415137786484,0
2026-02-18,4,1,65,300.28,0,28,0,125.17187234655773,0
2026-02-18,4,2,69,300.28,0,28,0,120.37886470894458,0
2026-02-18,4,3,56,300.28,0,28,0,67.42409292697634,0
2026-02-18,5,1,35,32.76,0,6,0,50.19133811503241,0
2026-02-18,5,2,36,32.76,0,6,0,21.942089726209307,0
2026-02-18,5,3,27,32.76,0,6,0,25.46675912256833,0
2026-02-18,6,1,66,307.7,0,11,0,155.43008346031814,0
2026-02-18,6,2,67,307.7,0,11,0,99.97458781414765,0
2026-02-18,6,3,59,307.7,0,11,0,40.29629366945958,0
2026-02-18,7,1,50,93.56,0,8,0,96.2582593546385,0
2026-02-18,7,2,46,93.56,0,8,0,123.98825938468238,0
2026-02-18,7,3,43,93.56,0,14,6,81.85959088072428,0
2026-02-18,8,1,37,41.88,0,27,0,18.993631885011755,0
2026-02-18,8,2,39,41.88,0,31,4,110.25367936514118,0
2026-02-18,8,3,36,41.88,0,27,0,107.07857560728613,0
2026-02-18,9,1,79,474.95,0,10,0,131.97807225564543,0
2026-02-18,9,2,72,474.95,0,10,0,43.872785898826265,0
2026-02-18,9,3,75,474.95,0,10,0,90.95542932624105,0
2026-02-18,10,1,73,483.16,0,29,0,101.28111175350809,0
2026-02-18,10,2,80,483.16,0,29,0,225.801910106688,0
2026-02-18,10,3,72,483.16,0,29,0,125.79436528611731,0
2026-02-18,11,1,79,406.11,0,8,0,231.32293752884644,0
2026-02-18,11,2,69,406.11,0,8,0,123.60564193785875,0
2026-02-18,11,3,68,406.11,0,8,0,166.9589755921664,0
2026-02-18,12,1,41,159.26,0,10,0,56.70409924258018,0
2026-02-18,12,2,55,159.26,0,10,0,110.53596238903285,0
2026-02-18,12,3,50,159.26,0,11,1,129.9011018286114,0
2026-02-18,13,1,38,57.86,0,9,0,44.84704482222451,0
2026-02-18,13,2,37,57.86,0,9,0,94.77141379274521,0
2026-02-18,13,3,40,57.86,0,9,0,87.68107982861231,1
2026-02-18,14,1,69,345.27,0,13,0,200.37069934232076,0
2026-02-18,14,2,64,345.27,0,13,0,136.9727102350441,0
2026-02-18,14,3,63,345.27,0,13,0,122.74824004376796,0
2026-02-18,15,1,47,225.67,0,3,0,124.21103012794998,0
2026-02-18,15,2,54,225.67,0,3,0,110.20558507687713,0
2026-02-18,15,3,47,225.67,0,3,0,119.8214288542421,0
2026-02-18,16,1,32,69.8,0,2,0,91.90402006370408,0
2026-02-18,16,2,40,69.8,0,2,0,38.53057960098106,1
2026-02-18,16,3,33,69.8,0,2,0,25.453098293708006,0
2026-02-18,17,1,56,252.64,0,17,0,45.92790966215168,0
2026-02-18,17,2,60,252.64,0,17,0,110.3264160520628,1
2026-02-18,17,3,63,252.64,0,17,0,86.77679394048549,0
2026-02-18,18,1,28,26.85,0,24,0,49.970319829503595,0
2026-02-18,18,2,34,26.85,0,30,6,20.27822102046503,0
2026-02-18,18,3,36,26.85,0,24,0,62.80658092971086,0
2026-02-18,19,1,78,455.57,0,24,0,60.72928226572236,0
2026-02-18,19,2,76,455.57,0,24,0,102.14659912805365,0
2026-02-18,19,3,85,455.57,0,33,9,161.90438715042666,0
2026-02-18,20,1,41,136.8,0,25,0,79.0597809868416,0
2026-02-18,20,2,53,136.8,0,25,0,151.800360761357,0
2026-02-18,20,3,39,136.8,0,25,0,71.32945703623253,0
2026-02-18,21,1,60,334.64,0,6,0,95.70150918581862,0
2026-02-18,21,2,64,334.64,0,6,0,85.51694790997742,0
2026-02-18,21,3,64,334.64,0,6,0,165.8636309062262,0
2026-02-18,22,1,32,162.74,0,4,0,39.77973973959562,0
2026-02-18,22,2,50,162.74,0,4,0,44.20816439576696,0
2026-02-18,22,3,47,162.74,0,4,0,90.84374743219958,0
2026-02-18,23,1,67,264.83,0,13,0,136.4929018135972,0
2026-02-18,23,2,56,264.83,0,13,0,51.39829959283284,0
2026-02-18,23,3,64,264.83,0,13,0,66.71458851285422,0
2026-02-18,24,1,62,277.89,0,9,0,119.61918967365503,0
2026-02-18,24,2,53,277.89,0,9,0,114.00283889181763,0
2026-02-18,24,3,58,277.89,0,9,0,33.68733733332739,0
2026-02-18,25,1,38,100.58,0,23,0,71.73904620853405,0
2026-02-18,25,2,50,100.58,0,23,0,52.60178843837656,0
2026-02-18,25,3,41,100.58,0,23,0,92.10475729080471,0
2026-02-18,26,1,88,485.1,0,28,0,140.3482983390802,0
2026-02-18,26,2,78,485.1,0,28,0,177.2147607558038,1
2026-02-18,26,3,69,485.1,0,28,0,47.288318216498226,0
2026-02-18,27,1,74,389.82,0,4,0,113.01251858967446,0
2026-02-18,27,2,76,389.82,0,4,0,72.89225593418007,0
2026-02-18,27,3,79,389.82,0,4,0,126.61932671098552,0
2026-02-18,28,1,79,470.35,0,2,0,57.60411709784951,0
2026-02-18,28,2,73,470.35,0,2,0,105.2828661899562,0
2026-02-18,28,3,87,470.35,0,2,0,125.59259386203357,0
2026-02-18,29,1,74,448.47,0,4,0,107.45277241734799,0
2026-02-18,29,2,75,448.47,0,4,0,141.8535259579333,0
2026-02-18,29,3,85,448.47,0,4,0,119.03835375378097,0
2026-02-18,30,1,64,302.97,0,6,0,136.80175905332206,0
2026-02-18,30,2,67,302.97,0,6,0,174.3385190807505,0
2026-02-18,30,3,69,302.97,0,6,0,40.00224772576078,0
2026-02-18,31,1,78,461.72,0,16,0,143.9303068585209,0
2026-02-18,31,2,73,461.72,0,21,5,78.21750879657756,0
2026-02-18,31,3,76,461.72,0,16,0,209.72266807215135,0
2026-02-18,32,1,30,53.36,0,15,0,38.58386450477964,0
2026-02-18,32,2,40,53.36,0,15,0,45.13087239252463,0
2026-02-18,32,3,41,53.36,0,15,0,115.58594019797904,0
2026-02-18,33,1,44,106.03,0,4,0,61.188417445221305,0
2026-02-18,33,2,54,106.03,0,4,0,99.55079980312794,0
2026-02-18,33,3,44,106.03,0,4,0,94.32778606190811,0
2026-02-18,34,1,32,32.16,0,2,0,73.13389960611161,0
2026-02-18,34,2,37,32.16,0,5,3,76.77948504004908,0
2026-02-18,34,3,45,32.16,0,2,0,73.35604603979075,0
2026-02-18,35,1,47,169.41,0,6,0,61.47879974342337,0
2026-02-18,35,2,54,169.41,0,6,0,82.92808008765984,0
2026-02-18,35,3,46,169.41,0,6,0,28.559434240376557,0
2026-02-18,36,1,46,200.45,0,27,0,53.960623770812845,0
2026-02-18,36,2,61,200.45,0,27,0,35.07357225843048,0
2026-02-18,36,3,53,200.45,0,27,0,61.01409226354261,0
2026-02-18,37,1,52,142.96,0,24,0,32.66729431454481,0
2026-02-18,37,2,46,142.96,0,24,0,30.03447517967162,0
2026-02-18,37,3,47,142.96,0,24,0,28.23313365252812,1
2026-02-18,38,1,74,416.08,0,15,0,199.58357961831248,0
2026-02-18,38,2,68,416.08,0,15,0,59.125500433794315,0
2026-02-18,38,3,79,416.08,0,15,0,195.53532302718202,0
2026-02-18,39,1,60,184.81,0,8,0,160.12328180479824,0
2026-02-18,39,2,50,184.81,0,8,0,91.39747220416209,0
2026-02-18,39,3,40,184.81,0,8,0,95.92692841305579,1
2026-02-18,40,1,38,147.66,0,28,0,54.79244521840345,0
2026-02-18,40,2,40,147.66,0,28,0,87.23006386775275,0
2026-02-18,40,3,35,147.66,0,28,0,34.08974445573281,0
2026-02-18,41,1,61,275.92,0,10,0,144.43927546678873,0
2026-02-18,41,2,59,275.92,0,10,0,138.0950983140257,0
2026-02-18,41,3,49,275.92,0,10,0,59.19808940328458,0
2026-02-18,42,1,40,79.05,0,16,0,31.383459187591683,0
2026-02-18,42,2,40,79.05,0,16,0,104.86698443343862,0
2026-02-18,42,3,44,79.05,0,16,0,64.64619611391791,0
2026-02-18,43,1,69,403.08,0,16,0,88.83162458787118,0
2026-02-18,43,2,76,403.08,0,16,0,71.03098945317213,0
2026-02-18,43,3,71,403.08,0,16,0,181.4981552556961,1
2026-02-18,44,1,36,46.53,0,27,0,105.79714607537046,1
2026-02-18,44,2,30,46.53,0,27,0,69.75663835769878,0
2026-02-18,44,3,32,46.53,0,27,0,32.21656636334735,0
2026-02-18,45,1,78,493.57,0,11,0,64.54158617267932,0
2026-02-18,45,2,81,493.57,0,11,0,227.3454364721939,0
2026-02-18,45,3,76,493.57,0,11,0,57.18566239196091,0
2026-02-18,46,1,65,388.4,0,29,0,152.59939022684824,0
2026-02-18,46,2,70,388.4,0,29,0,147.56439350192662,0
2026-02-18,46,3,67,388.4,0,29,0,69.78245274532684,0
2026-02-18,47,1,31,107.37,0,14,0,64.00431508340876,0
2026-02-18,47,2,35,107.37,0,14,0,58.97726053867092,0
2026-02-18,47,3,43,107.37,0,14,0,67.92129583049632,1
2026-02-18,48,1,35,12.71,0,20,0,58.64557330939946,0
2026-02-18,48,2,33,12.71,0,20,0,26.596248209487655,0
2026-02-18,48,3,37,12.71,0,20,0,27.16077240825332,0
2026-02-18,49,1,68,409.58,0,8,0,64.34495156117973,0
2026-02-18,49,2,71,409.58,0,9,1,116.39849080230161,0
2026-02-18,49,3,60,409.58,0,8,0,134.1577746531516,0
2026-02-18,50,1,63,356.36,0,18,0,81.64854194527283,0
2026-02-18,50,2,67,356.36,0,18,0,176.72814290052426,0
2026-02-18,50,3,69,356.36,0,18,0,161.55810517619898,0
2026-02-19,1,1,64,394.74,0,11,7,103.2065720092051,0
2026-02-19,1,2,71,394.74,0,4,0,175.00373007227745,0
2026-02-19,1,3,69,394.74,0,4,0,169.25018171751668,0
2026-02-19,2,1,40,107.84,0,4,0,24.863036391456763,0
2026-02-19,2,2,32,107.84,0,11,7,38.73058903517221,0
2026-02-19,2,3,36,107.84,0,4,0,37.99458516946654,0
2026-02-19,3,1,36,261.97,0,10,8,101.17490087605162,0
2026-02-19,3,2,58,261.97,0,2,0,155.30851411631772,1
2026-02-19,3,3,49,261.97,0,2,0,112.41676918541174,1
2026-02-19,4,1,67,300.28,0,28,0,75.40862022805551,0
2026-02-19,4,2,54,300.28,0,28,0,82.38121654102542,0
2026-02-19,4,3,64,300.28,0,28,0,112.71768212280901,0
2026-02-19,5,1,42,32.76,0,6,0,54.460784896560526,0
2026-02-19,5,2,37,32.76,0,6,0,18.647151452709068,0
2026-02-19,5,3,39,32.76,0,6,0,62.57991901756683,0
2026-02-19,6,1,59,307.7,0,11,0,72.83246836617316,0
2026-02-19,6,2,59,307.7,0,11,0,94.63631572991883,0
2026-02-19,6,3,65,307.7,0,11,0,44.331948720289894,0
2026-02-19,7,1,34,93.56,0,8,0,39.54625552131375,0
2026-02-19,7,2,44,93.56,0,8,0,83.90593502346424,0
2026-02-19,7,3,42,93.56,0,8,0,96.73641032008311,0
2026-02-19,8,1,81,41.88,1,27,0,63.757926595252876,0
2026-02-19,8,2,29,41.88,0,27,0,57.846866269931276,0
2026-02-19,8,3,37,41.88,0,27,0,81.30590649461801,0
2026-02-19,9,1,87,474.95,0,10,0,84.98106535886234,0
2026-02-19,9,2,78,474.95,0,10,0,114.34124735601684,0
2026-02-19,9,3,81,474.95,0,10,0,133.9594418903091,1
2026-02-19,10,1,76,483.16,0,29,0,99.31754623291755,0
2026-02-19,10,2,80,483.16,0,29,0,132.01228211353666,0
2026-02-19,10,3,81,483.16,0,29,0,55.84095491993589,0
2026-02-19,11,1,77,406.11,0,8,0,181.02785718556999,1
2026-02-19,11,2,64,406.11,0,8,0,167.70307956751054,0
2026-02-19,11,3,72,406.11,0,8,0,107.73508337960689,0
2026-02-19,12,1,45,159.26,0,10,0,30.056192497905098,0
2026-02-19,12,2,32,159.26,0,15,5,77.04047784209868,0
2026-02-19,12,3,58,159.26,0,10,0,97.20806084845658,0
2026-02-19,13,1,38,57.86,0,9,0,39.13017309492738,0
2026-02-19,13,2,40,57.86,0,9,0,60.71318248625103,0
2026-02-19,13,3,28,57.86,0,9,0,40.7417246417593,0
2026-02-19,14,1,61,345.27,0,13,0,126.68383469346973,0
2026-02-19,14,2,66,345.27,0,13,0,118.37744678131743,0
2026-02-19,14,3,66,345.27,0,13,0,142.75595414683974,0
2026-02-19,15,1,60,225.67,0,3,0,80.20567294061725,0
2026-02-19,15,2,57,225.67,0,3,0,81.33915760069273,0
2026-02-19,15,3,44,225.67,0,3,0,115.31490047198328,0
2026-02-19,16,1,50,69.8,0,2,0,71.60174649012994,0
2026-02-19,16,2,34,69.8,0,2,0,67.21641395406903,0
2026-02-19,16,3,31,69.8,0,2,0,82.07316732799897,0
2026-02-19,17,1,49,252.64,0,17,0,104.40474733351763,0
2026-02-19,17,2,49,252.64,0,17,0,62.61320238374182,0
2026-02-19,17,3,48,252.64,0,17,0,104.86909337461744,0
2026-02-19,18,1,33,26.85,0,24,0,62.47216122371938,0
2026-02-19,18,2,29,26.85,0,24,0,66.46243804542127,0
2026-02-19,18,3,30,26.85,0,24,0,60.29017521192173,0
2026-02-19,19,1,75,455.57,0,24,0,151.5492159441999,1
2026-02-19,19,2,72,455.57,0,24,0,89.16693772661904,0
2026-02-19,19,3,72,455.57,0,24,0,40.02546143647474,0
2026-02-19,20,1,43,136.8,0,25,0,40.78647655059949,1
2026-02-19,20,2,45,136.8,0,25,0,24.015101897413082,0
2026-02-19,20,3,43,136.8,0,25,0,21.9191471347582,0
2026-02-19,21,1,70,334.64,0,6,0,141.38409535410574,0
2026-02-19,21,2,67,334.64,0,6,0,171.374929503266,0
2026-02-19,21,3,62,334.64,0,6,0,175.08750659512648,0
2026-02-19,22,1,48,162.74,0,4,0,55.73216279465128,0
2026-02-19,22,2,48,162.74,0,4,0,53.335631787731536,1
2026-02-19,22,3,53,162.74,0,4,0,156.92688735326178,0
2026-02-19,23,1,55,264.83,0,14,1,85.40178556054751,0
2026-02-19,23,2,53,264.83,0,13,0,83.30691972750843,0
2026-02-19,23,3,58,264.83,0,13,0,144.50121726696085,0
2026-02-19,24,1,52,277.89,0,9,0,39.78866950584496,0
2026-02-19,24,2,58,277.89,0,9,0,133.00261208633245,0
2026-02-19,24,3,59,277.89,0,9,0,115.73072784555444,0
2026-02-19,25,1,52,100.58,0,23,0,95.12743781293386,0
2026-02-19,25,2,47,100.58,0,23,0,111.60544962698295,0
2026-02-19,25,3,48,100.58,0,23,0,46.34407189514908,0
2026-02-19,26,1,84,485.1,0,28,0,44.94136533024949,0
2026-02-19,26,2,81,485.1,0,28,0,163.39740962261348,0
2026-02-19,26,3,80,485.1,0,28,0,109.1469711842526,0
2026-02-19,27,1,79,389.82,0,4,0,183.98407621634564,0
2026-02-19,27,2,69,389.82,0,4,0,44.42214650173241,0
2026-02-19,27,3,63,389.82,0,4,0,155.94823079753996,0
2026-02-19,28,1,76,470.35,0,2,0,144.99624980345055,0
2026-02-19,28,2,69,470.35,0,2,0,84.59660535998691,0
2026-02-19,28,3,78,470.35,0,2,0,202.7182621583246,0
2026-02-19,29,1,84,448.47,0,4,0,243.87896718499067,0
2026-02-19,29,2,74,448.47,0,4,0,109.73895390689084,0
2026-02-19,29,3,73,448.47,0,4,0,158.9979992654576,0
2026-02-19,30,1,55,302.97,0,6,0,72.11244576720317,0
2026-02-19,30,2,55,302.97,0,6,0,97.46992079195091,0
2026-02-19,30,3,58,302.97,0,6,0,45.95152435004072,0
2026-02-19,31,1,72,461.72,0,16,0,57.29811327940625,0
2026-02-19,31,2,82,461.72,0,16,0,44.47048019240604,0
2026-02-19,31,3,76,461.72,0,16,0,126.01781178954349,0
2026-02-19,32,1,40,53.36,0,15,0,109.86739040438025,0
2026-02-19,32,2,36,53.36,0,15,0,61.37771142761589,0
2026-02-19,32,3,42,53.36,0,15,0,86.7894974001726,0
2026-02-19,33,1,35,106.03,0,4,0,64.53718615307076,0
2026-02-19,33,2,40,106.03,0,4,0,63.39926945572928,0
2026-02-19,33,3,45,106.03,0,4,0,27.75069538150091,0
2026-02-19,34,1,44,32.16,0,2,0,74.8365633189946,0
2026-02-19,34,2,35,32.16,0,2,0,84.0300750800528,0
2026-02-19,34,3,35,32.16,0,2,0,50.43948096551039,0
2026-02-19,35,1,42,169.41,0,6,0,114.44768616390425,0
2026-02-19,35,2,48,169.41,0,6,0,85.99571679465717,0
2026-02-19,35,3,45,169.41,0,6,0,113.55832113999631,0
2026-02-19,36,1,53,200.45,0,27,0,115.15224293043822,0
2026-02-19,36,2,51,200.45,0,27,0,53.58731548803951,0
2026-02-19,36,3,59,200.45,0,27,0,70.19084975454388,0
2026-02-19,37,1,42,142.96,0,24,0,26.18737249847465,0
2026-02-19,37,2,50,142.96,0,24,0,134.16653099044606,0
2026-02-19,37,3,47,142.96,0,24,0,68.65836722717904,0
2026-02-19,38,1,75,416.08,0,15,0,182.0796978531952,0
2026-02-19,38,2,70,416.08,0,15,0,52.60321611899159,0
2026-02-19,38,3,64,416.08,0,22,7,50.724283698951126,0
2026-02-19,39,1,44,184.81,0,8,0,30.143121401064214,0
2026-02-19,39,2,51,184.81,0,8,0,66.63224598402574,1
2026-02-19,39,3,49,184.81,0,8,0,69.1840838976996,0
2026-02-19,40,1,51,147.66,0,28,0,109.21997363145353,0
2026-02-19,40,2,48,147.66,0,28,0,77.80807504976895,0
2026-02-19,40,3,97,147.66,1,28,0,61.80038705471717,0
2026-02-19,41,1,61,275.92,0,10,0,49.60250522661697,0
2026-02-19,41,2,62,275.92,0,10,0,53.12074513285645,0
2026-02-19,41,3,56,275.92,0,10,0,92.72481200806058,0
2026-02-19,42,1,34,79.05,0,16,0,57.44098008381535,0
2026-02-19,42,2,39,79.05,0,16,0,27.914726137458246,0
2026-02-19,42,3,47,79.05,0,16,0,24.81095671071001,0
2026-02-19,43,1,80,403.08,0,16,0,211.20353135016714,0
2026-02-19,43,2,74,403.08,0,16,0,219.31492065835016,0
2026-02-19,43,3,67,403.08,0,16,0,78.74955498043238,0
2026-02-19,44,1,35,46.53,0,27,0,82.57727048694863,0
2026-02-19,44,2,37,46.53,0,27,0,37.165833593728934,0
2026-02-19,44,3,39,46.53,0,27,0,48.3492807952045,0
2026-02-19,45,1,80,493.57,0,11,0,172.6251802109998,0
2026-02-19,45,2,85,493.57,0,11,0,244.60532476883452,0
2026-02-19,45,3,93,493.57,0,11,0,198.0187088727369,0
2026-02-19,46,1,137,388.4,1,29,0,161.48972451418166,0
2026-02-19,46,2,68,388.4,0,29,0,179.62366689885647,0
2026-02-19,46,3,78,388.4,0,29,0,102.63358267360256,0
2026-02-19,47,1,34,107.37,0,14,0,81.95708235239996,0
2026-02-19,47,2,40,107.37,0,14,0,100.49336919472962,0
2026-02-19,47,3,39,107.37,0,14,0,42.817651395729456,0
2026-02-19,48,1,30,12.71,0,20,0,15.374884026575762,0
2026-02-19,48,2,34,12.71,0,20,0,26.12468337323002,0
2026-02-19,48,3,28,12.71,0,20,0,35.93623097967475,0
2026-02-19,49,1,77,409.58,0,8,0,147.81849854453006,0
2026-02-19,49,2,76,409.58,0,8,0,110.71498129649075,0
2026-02-19,49,3,71,409.58,0,8,0,123.63540448966275,0
2026-02-19,50,1,60,356.36,0,18,0,132.05468366807355,1
2026-02-19,50,2,63,356.36,0,18,0,49.527581658140484,1
2026-02-19,50,3,68,356.36,0,18,0,95.53352915895522,0
2026-02-20,1,1,69,394.74,0,4,0,79.08478235830212,0
2026-02-20,1,2,70,394.74,0,4,0,113.77916620896123,0
2026-02-20,1,3,70,394.74,0,4,0,170.403779801649,0
2026-02-20,2,1,48,107.84,0,4,0,131.7383390209273,0
2026-02-20,2,2,39,107.84,0,4,0,32.76591342459531,0
2026-02-20,2,3,37,107.84,0,4,0,79.16745830562759,0
2026-02-20,3,1,66,261.97,0,2,0,173.331275394548,0
2026-02-20,3,2,49,261.97,0,2,0,35.20466243931648,0
2026-02-20,3,3,53,261.97,0,2,0,139.0558940267234,0
2026-02-20,4,1,65,300.28,0,28,0,174.86220084209586,0
2026-02-20,4,2,58,300.28,0,28,0,77.13985047316869,0
2026-02-20,4,3,60,300.28,0,29,1,118.52180142548318,0
2026-02-20,5,1,26,32.76,0,6,0,71.19957990077741,0
2026-02-20,5,2,35,32.76,0,6,0,53.81649789645461,0
2026-02-20,5,3,31,32.76,0,6,0,38.90752933838688,0
2026-02-20,6,1,60,307.7,0,11,0,36.344875054230286,0
2026-02-20,6,2,64,307.7,0,11,0,141.16710788692993,0
2026-02-20,6,3,67,307.7,0,11,0,50.969259762398174,0
2026-02-20,7,1,37,93.56,0,8,0,98.42944475478443,0
2026-02-20,7,2,40,93.56,0,8,0,87.6186270978157,0
2026-02-20,7,3,42,93.56,0,8,0,121.68196756015617,0
2026-02-20,8,1,31,41.88,0,27,0,81.1140136929584,0
2026-02-20,8,2,35,41.88,0,27,0,28.34618927913069,0
2026-02-20,8,3,33,41.88,0,27,0,25.378118821663648,0
2026-02-20,9,1,91,474.95,0,10,0,45.719238383924555,0
2026-02-20,9,2,81,474.95,0,10,0,55.95422382168321,0
2026-02-20,9,3,72,474.95,0,10,0,168.3225375559038,0
2026-02-20,10,1,73,483.16,0,29,0,152.37026060899916,0
2026-02-20,10,2,83,483.16,0,29,0,67.51989378199156,0
2026-02-20,10,3,69,483.16,0,29,0,64.73508600488091,0
2026-02-20,11,1,70,406.11,0,8,0,195.1895482757164,0
2026-02-20,11,2,67,406.11,0,8,0,92.71439715750613,0
2026-02-20,11,3,69,406.11,0,8,0,162.9341364346609,0
2026-02-20,12,1,40,159.26,0,10,0,21.43640247940108,0
2026-02-20,12,2,60,159.26,0,11,1,139.80460372866852,0
2026-02-20,12,3,45,159.26,0,10,0,88.77954718851873,0
2026-02-20,13,1,36,57.86,0,9,0,28.10796561650702,0
2026-02-20,13,2,38,57.86,0,9,0,93.11161594079387,0
2026-02-20,13,3,35,57.86,0,11,2,53.83354101813856,0
2026-02-20,14,1,67,345.27,0,13,0,54.89532472276479,0
2026-02-20,14,2,62,345.27,0,13,0,171.74495777492146,0
2026-02-20,14,3,60,345.27,0,13,0,62.2644075470615,0
2026-02-20,15,1,56,225.67,0,3,0,162.40454376567098,0
2026-02-20,15,2,54,225.67,0,3,0,145.73162586773014,0
2026-02-20,15,3,57,225.67,0,3,0,160.49416232637935,0
2026-02-20,16,1,33,69.8,0,2,0,41.9323780729054,0
2026-02-20,16,2,29,69.8,0,2,0,75.58600436888801,0
2026-02-20,16,3,37,69.8,0,2,0,40.59039462371908,0
2026-02-20,17,1,56,252.64,0,17,0,125.73704915704495,0
2026-02-20,17,2,52,252.64,0,17,0,58.69242535179107,0
2026-02-20,17,3,56,252.64,0,17,0,54.15621893259096,0
2026-02-20,18,1,32,26.85,0,24,0,31.655198941568962,0
2026-02-20,18,2,38,26.85,0,24,0,113.60935115208581,0
2026-02-20,18,3,38,26.85,0,24,0,61.91405714265887,0
2026-02-20,19,1,77,455.57,0,24,0,139.15807361961387,0
2026-02-20,19,2,80,455.57,0,24,0,238.13519556516167,0
2026-02-20,19,3,65,455.57,0,24,0,120.52884609073998,0
2026-02-20,20,1,50,136.8,0,25,0,35.15198549993651,0
2026-02-20,20,2,41,136.8,0,25,0,67.7997657247229,0
2026-02-20,20,3,44,136.8,0,32,7,123.64509228700933,0
2026-02-20,21,1,61,334.64,0,6,0,71.97874663727434,0
2026-02-20,21,2,64,334.64,0,6,0,115.20465335214395,0
2026-02-20,21,3,70,334.64,0,6,0,115.29531454832617,0
2026-02-20,22,1,49,162.74,0,4,0,109.67309265852052,0
2026-02-20,22,2,49,162.74,0,4,0,146.1283802800132,0
2026-02-20,22,3,40,162.74,0,4,0,73.631130814624,0
2026-02-20,23,1,57,264.83,0,13,0,46.6136705569057,0
2026-02-20,23,2,62,264.83,0,13,0,172.20930347958355,0
2026-02-20,23,3,53,264.83,0,13,0,123.87885638786283,0
2026-02-20,24,1,58,277.89,0,9,0,107.79962019304003,0
2026-02-20,24,2,58,277.89,0,9,0,29.14601520113366,1
2026-02-20,24,3,59,277.89,0,9,0,30.416217867851245,0
2026-02-20,25,1,47,100.58,0,23,0,87.68565206065264,0
2026-02-20,25,2,44,100.58,0,23,0,103.10367781739066,0
2026-02-20,25,3,38,100.58,0,23,0,27.5340912207356,0
2026-02-20,26,1,81,485.1,0,28,0,136.13560745881836,0
2026-02-20,26,2,83,485.1,0,28,0,120.54049475524579,1
2026-02-20,26,3,88,485.1,0,28,0,155.5731265023885,0
2026-02-20,27,1,66,389.82,0,4,0,38.015295410148056,0
2026-02-20,27,2,66,389.82,0,4,0,130.67313941118312,0
2026-02-20,27,3,72,389.82,0,4,0,203.8646668074195,0
2026-02-20,28,1,81,470.35,0,2,0,150.86208511408853,0
2026-02-20,28,2,73,470.35,0,2,0,183.82968407963273,0
2026-02-20,28,3,70,470.35,0,2,0,136.87804191512402,0
2026-02-20,29,1,74,448.47,0,4,0,174.1067343702277,0
2026-02-20,29,2,143,448.47,1,4,0,96.36496142114913,0
2026-02-20,29,3,72,448.47,0,4,0,145.8992035705819,0
2026-02-20,30,1,67,302.97,0,11,5,92.68576641689202,0
2026-02-20,30,2,60,302.97,0,6,0,158.85004244150556,0
2026-02-20,30,3,66,302.97,0,6,0,80.07838183454362,0
2026-02-20,31,1,81,461.72,0,16,0,214.9984713113391,0
2026-02-20,31,2,80,461.72,0,16,0,164.55242279364808,0
2026-02-20,31,3,80,461.72,0,16,0,178.27257874235818,0
2026-02-20,32,1,40,53.36,0,15,0,55.1600784668327,0
2026-02-20,32,2,37,53.36,0,15,0,90.76782229064403,0
2026-02-20,32,3,41,53.36,0,15,0,69.87592272338621,0
2026-02-20,33,1,37,106.03,0,4,0,28.408732423769344,0
2026-02-20,33,2,41,106.03,0,4,0,89.37002490333283,0
2026-02-20,33,3,40,106.03,0,4,0,95.5135709770984,1
2026-02-20,34,1,29,32.16,0,2,0,67.68200504330682,0
2026-02-20,34,2,32,32.16,0,2,0,55.303313803617925,0
2026-02-20,34,3,39,32.16,0,2,0,61.69232800208137,0
2026-02-20,35,1,48,169.41,0,6,0,70.2003561726125,0
2026-02-20,35,2,47,169.41,0,6,0,51.150712415418184,0
2026-02-20,35,3,45,169.41,0,6,0,86.84841090855747,0
2026-02-20,36,1,59,200.45,0,27,0,166.8179999945312,0
2026-02-20,36,2,52,200.45,0,27,0,146.22619630031735,0
2026-02-20,36,3,52,200.45,0,31,4,37.883651550976836,0
2026-02-20,37,1,48,142.96,0,24,0,97.43861124141256,0
2026-02-20,37,2,51,142.96,0,24,0,29.545699510907255,0
2026-02-20,37,3,47,142.96,0,24,0,67.3867766129034,0
2026-02-20,38,1,76,416.08,0,15,0,186.507763554566,0
2026-02-20,38,2,65,416.08,0,15,0,157.59772276415424,0
2026-02-20,38,3,67,416.08,0,15,0,98.01521888472652,0
2026-02-20,39,1,55,184.81,0,8,0,110.73033541790103,0
2026-02-20,39,2,46,184.81,0,8,0,58.02497677158481,0
2026-02-20,39,3,52,184.81,0,8,0,115.92926092604831,0
2026-02-20,40,1,59,147.66,0,28,0,159.89062097320297,0
2026-02-20,40,2,40,147.66,0,28,0,78.13857860547627,0
2026-02-20,40,3,44,147.66,0,28,0,56.00962217447141,0
2026-02-20,41,1,48,275.92,0,10,0,42.817551536794895,0
2026-02-20,41,2,63,275.92,0,10,0,179.80513669929147,0
2026-02-20,41,3,55,275.92,0,10,0,62.23770372047568,0
2026-02-20,42,1,36,79.05,0,16,0,45.850880256953715,0
2026-02-20,42,2,46,79.05,0,16,0,45.90601146356936,0
2026-02-20,42,3,41,79.05,0,16,0,94.12957462833577,0
2026-02-20,43,1,74,403.08,0,22,6,46.148839103336904,0
2026-02-20,43,2,75,403.08,0,16,0,189.34256255908855,0
2026-02-20,43,3,72,403.08,0,16,0,122.04044628449586,0
2026-02-20,44,1,29,46.53,0,27,0,39.38156989137858,0
2026-02-20,44,2,28,46.53,0,27,0,43.43187327673072,0
2026-02-20,44,3,34,46.53,0,27,0,57.74168474137779,0
2026-02-20,45,1,158,493.57,1,11,0,208.45485291175618,0
2026-02-20,45,2,80,493.57,0,11,0,211.33435510182395,0
2026-02-20,45,3,79,493.57,0,11,0,203.46783438272914,0
2026-02-20,46,1,66,388.4,0,29,0,48.99264185255832,0
2026-02-20,46,2,81,388.4,0,29,0,66.62945348676264,0
2026-02-20,46,3,71,388.4,0,29,0,204.94614693500895,0
2026-02-20,47,1,47,107.37,0,14,0,39.37501458412643,0
2026-02-20,47,2,40,107.37,0,14,0,74.64984185256573,0
2026-02-20,47,3,45,107.37,0,14,0,63.85151530858016,0
2026-02-20,48,1,31,12.71,0,20,0,58.92176580266937,0
2026-02-20,48,2,35,12.71,0,20,0,66.91840705664386,0
2026-02-20,48,3,33,12.71,0,20,0,98.51725863615152,0
2026-02-20,49,1,66,409.58,0,8,0,132.18187101062375,0
2026-02-20,49,2,67,409.58,0,8,0,54.9386473380865,1
2026-02-20,49,3,69,409.58,0,8,0,63.60941022848082,0
2026-02-20,50,1,62,356.36,0,18,0,169.68489782387715,0
2026-02-20,50,2,79,356.36,0,18,0,84.98706905830502,0
2026-02-20,50,3,61,356.36,0,18,0,78.22778167367196,0
2026-02-21,1,1,73,394.74,0,4,0,77.86667174930388,0
2026-02-21,1,2,73,394.74,0,4,0,50.27697628650772,0
2026-02-21,1,3,76,394.74,0,4,0,137.10308373359334,0
2026-02-21,2,1,54,107.84,0,4,0,112.29900839673422,1
2026-02-21,2,2,41,107.84,0,4,0,42.3721585540977,0
2026-02-21,2,3,44,107.84,0,4,0,24.10901955583958,0
2026-02-21,3,1,62,261.97,0,2,0,54.061571729345076,0
2026-02-21,3,2,55,261.97,0,2,0,140.6082109863441,0
2026-02-21,3,3,63,261.97,0,2,0,124.65486043484545,0
2026-02-21,4,1,71,300.28,0,28,0,97.2420316684845,0
2026-02-21,4,2,60,300.28,0,28,0,92.68206770404416,0
2026-02-21,4,3,73,300.28,0,28,0,142.3373693001119,0
2026-02-21,5,1,48,32.76,0,6,0,74.68242108826595,0
2026-02-21,5,2,36,32.76,0,6,0,55.078308553367684,1
2026-02-21,5,3,34,32.76,0,6,0,81.22763796805575,0
2026-02-21,6,1,68,307.7,0,11,0,59.46786599354277,0
2026-02-21,6,2,62,307.7,0,11,0,83.82936725723178,1
2026-02-21,6,3,65,307.7,0,11,0,161.74125438499067,1
2026-02-21,7,1,49,93.56,0,8,0,64.05200989668818,0
2026-02-21,7,2,42,93.56,0,8,0,30.806369952691753,0
2026-02-21,7,3,31,93.56,0,8,0,74.50732860954027,0
2026-02-21,8,1,39,41.88,0,27,0,64.4063123670708,0
2026-02-21,8,2,43,41.88,0,27,0,66.77590991288793,0
2026-02-21,8,3,38,41.88,0,27,0,75.10278203898226,1
2026-02-21,9,1,79,474.95,0,10,0,190.99763986333582,0
2026-02-21,9,2,81,474.95,0,10,0,61.59212346992888,0
2026-02-21,9,3,86,474.95,0,10,0,203.77349017130584,0
2026-02-21,10,1,83,483.16,0,29,0,42.28553972872233,0
2026-02-21,10,2,91,483.16,0,29,0,94.23440211480352,0
2026-02-21,10,3,84,483.16,0,29,0,229.9819463156067,0
2026-02-21,11,1,79,406.11,0,8,0,196.88827995061575,1
2026-02-21,11,2,72,406.11,0,8,0,93.85235849841199,0
2026-02-21,11,3,84,406.11,0,8,0,180.6273816796162,0
2026-02-21,12,1,52,159.26,0,10,0,61.148168308563264,0
2026-02-21,12,2,51,159.26,0,10,0,46.75038161894713,0
2026-02-21,12,3,109,159.26,1,10,0,55.18926062657336,0
2026-02-21,13,1,47,57.86,0,9,0,102.81206579586716,0
2026-02-21,13,2,40,57.86,0,9,0,32.26845380333556,0
2026-02-21,13,3,42,57.86,0,9,0,36.12846637479995,0
2026-02-21,14,1,76,345.27,0,13,0,200.9908103429505,0
2026-02-21,14,2,64,345.27,0,13,0,133.48607773141782,0
2026-02-21,14,3,74,345.27,0,13,0,114.41661828464919,0
2026-02-21,15,1,54,225.67,0,3,0,154.31326361881992,0
2026-02-21,15,2,59,225.67,0,3,0,78.66307571206212,0
2026-02-21,15,3,64,225.67,0,3,0,125.0691905908042,0
2026-02-21,16,1,52,69.8,0,2,0,36.014485705606816,0
2026-02-21,16,2,48,69.8,0,2,0,38.133254163944315,0
2026-02-21,16,3,49,69.8,0,2,0,128.41597214179768,0
2026-02-21,17,1,55,252.64,0,17,0,147.29014791489786,0
2026-02-21,17,2,63,252.64,0,17,0,169.60016334603552,0
2026-02-21,17,3,58,252.64,0,17,0,63.066161598239034,0
2026-02-21,18,1,37,26.85,0,24,0,33.945231030012685,0
2026-02-21,18,2,33,26.85,0,24,0,36.5302565121978,0
2026-02-21,18,3,36,26.85,0,24,0,91.92050088552497,0
2026-02-21,19,1,78,455.57,0,24,0,216.72913289646843,0
2026-02-21,19,2,77,455.57,0,24,0,40.4574794507901,0
2026-02-21,19,3,86,455.57,0,24,0,211.96804267884485,0
2026-02-21,20,1,49,136.8,0,25,0,26.096418973938743,0
2026-02-21,20,2,47,136.8,0,25,0,107.21372597312089,0
2026-02-21,20,3,54,136.8,0,25,0,86.03295354340173,0
2026-02-21,21,1,143,334.64,1,6,0,174.1474853414627,0
2026-02-21,21,2,67,334.64,0,6,0,102.24242707236687,1
2026-02-21,21,3,75,334.64,0,6,0,127.58219666715817,0
2026-02-21,22,1,55,162.74,0,4,0,145.27198978595618,0
2026-02-21,22,2,48,162.74,0,4,0,65.86685664796681,0
2026-02-21,22,3,45,162.74,0,4,0,134.43667034678302,0
2026-02-21,23,1,53,264.83,0,13,0,48.49413900954493,0
2026-02-21,23,2,69,264.83,0,13,0,82.86468864203746,0
2026-02-21,23,3,64,264.83,0,13,0,126.6232390717649,1
2026-02-21,24,1,61,277.89,0,9,0,113.87009227963964,0
2026-02-21,24,2,64,277.89,0,9,0,115.3385275203363,0
2026-02-21,24,3,69,277.89,0,9,0,88.23936117407202,0
2026-02-21,25,1,45,100.58,0,23,0,71.9000093250662,0
2026-02-21,25,2,44,100.58,0,23,0,43.87143050736671,0
2026-02-21,25,3,39,100.58,0,23,0,77.23706146088522,0
2026-02-21,26,1,74,485.1,0,28,0,87.5824741408162,0
2026-02-21,26,2,70,485.1,0,28,0,191.4828560118291,1
2026-02-21,26,3,86,485.1,0,28,0,125.21277678405991,0
2026-02-21,27,1,76,389.82,0,4,0,96.29971456587046,0
2026-02-21,27,2,72,389.82,0,4,0,147.25654542671958,0
2026-02-21,27,3,79,389.82,0,4,0,138.63295653673427,0
2026-02-21,28,1,83,470.35,0,2,0,89.48197538683101,0
2026-02-21,28,2,87,470.35,0,2,0,166.70229849708252,0
2026-02-21,28,3,82,470.35,0,2,0,154.30469774246743,0
2026-02-21,29,1,80,448.47,0,4,0,95.12560379042026,0
2026-02-21,29,2,80,448.47,0,4,0,149.83553842581227,0
2026-02-21,29,3,86,448.47,0,4,0,52.220927715262135,0
2026-02-21,30,1,67,302.97,0,6,0,138.83541668821667,0
2026-02-21,30,2,67,302.97,0,6,0,93.13784497250788,0
2026-02-21,30,3,66,302.97,0,6,0,160.7384039728492,0
2026-02-21,31,1,80,461.72,0,16,0,217.99313688331324,0
2026-02-21,31,2,83,461.72,0,16,0,153.5580338362634,0
2026-02-21,31,3,77,461.72,0,16,0,38.931291066686484,0
2026-02-21,32,1,40,53.36,0,15,0,96.16533179518026,1
2026-02-21,32,2,47,53.36,0,15,0,82.82114145914846,0
2026-02-21,32,3,40,53.36,0,15,0,43.00988538271801,0
2026-02-21,33,1,55,106.03,0,4,0,55.87758888547579,0
2026-02-21,33,2,46,106.03,0,4,0,120.52347949881698,0
2026-02-21,33,3,43,106.03,0,4,0,45.07059805064671,0
2026-02-21,34,1,44,32.16,0,2,0,43.89752516294956,0
2026-02-21,34,2,42,32.16,0,2,0,107.23444064789298,0
2026-02-21,34,3,42,32.16,0,2,0,91.0651196767029,0
2026-02-21,35,1,56,169.41,0,6,0,35.34214247395224,0
2026-02-21,35,2,43,169.41,0,6,0,42.748357480781294,0
2026-02-21,35,3,54,169.41,0,6,0,143.9729298842149,0
2026-02-21,36,1,62,200.45,0,27,0,35.45270571635959,0
2026-02-21,36,2,59,200.45,0,27,0,151.86667676358132,0
2026-02-21,36,3,43,200.45,0,27,0,55.94063974761258,0
2026-02-21,37,1,48,142.96,0,24,0,28.740866334474585,0
2026-02-21,37,2,51,142.96,0,24,0,145.69308038474938,0
2026-02-21,37,3,50,142.96,0,24,0,106.6836871761061,0
2026-02-21,38,1,84,416.08,0,15,0,121.17381984044685,0
2026-02-21,38,2,78,416.08,0,15,0,170.45519967697538,0
2026-02-21,38,3,55,416.08,0,15,0,152.61192016248336,0
2026-02-21,39,1,64,184.81,0,8,0,158.27090188373296,1
2026-02-21,39,2,62,184.81,0,8,0,184.65135719519128,0
2026-02-21,39,3,52,184.81,0,8,0,150.75128458638852,0
2026-02-21,40,1,55,147.66,0,28,0,59.845160027736235,0
2026-02-21,40,2,53,147.66,0,28,0,156.23706581098756,0
2026-02-21,40,3,54,147.66,0,28,0,70.47936373294813,0
2026-02-21,41,1,67,275.92,0,10,0,51.79453230491148,0
2026-02-21,41,2,58,275.92,0,10,0,35.67958387752357,0
2026-02-21,41,3,69,275.92,0,10,0,110.19166921588379,0
2026-02-21,42,1,41,79.05,0,16,0,51.48499946825516,0
2026-02-21,42,2,40,79.05,0,21,5,43.55759734580275,0
2026-02-21,42,3,35,79.05,0,16,0,47.43230298920176,0
2026-02-21,43,1,85,403.08,0,16,0,190.01445659566878,0
2026-02-21,43,2,73,403.08,0,16,0,89.42900584303702,0
2026-02-21,43,3,75,403.08,0,16,0,192.17385761121997,0
2026-02-21,44,1,37,46.53,0,29,2,64.99431460330669,0
2026-02-21,44,2,41,46.53,0,27,0,54.74457907100559,0
2026-02-21,44,3,38,46.53,0,27,0,28.92510763136189,0
2026-02-21,45,1,81,493.57,0,11,0,185.43750325205,0
2026-02-21,45,2,89,493.57,0,11,0,71.24086562108899,0
2026-02-21,45,3,91,493.57,0,11,0,249.0830382839868,0
2026-02-21,46,1,79,388.4,0,29,0,217.21920477548022,0
2026-02-21,46,2,71,388.4,0,29,0,115.12514419959167,0
2026-02-21,46,3,72,388.4,0,29,0,189.15041646377315,0
2026-02-21,47,1,40,107.37,0,14,0,96.55920643125889,0
2026-02-21,47,2,51,107.37,0,14,0,121.05448382648015,0
2026-02-21,47,3,50,107.37,0,14,0,106.47044558768195,0
2026-02-21,48,1,38,12.71,0,20,0,107.85418494030861,1
2026-02-21,48,2,32,12.71,0,20,0,68.2640265170508,0
2026-02-21,48,3,40,12.71,0,20,0,22.969921442964505,0
2026-02-21,49,1,73,409.58,0,8,0,147.80614569623592,0
2026-02-21,49,2,71,409.58,0,8,0,128.48930635942847,0
2026-02-21,49,3,73,409.58,0,8,0,192.45347408797738,1
2026-02-21,50,1,73,356.36,0,18,0,76.28730824773685,0
2026-02-21,50,2,80,356.36,0,18,0,212.13083666355544,0
2026-02-21,50,3,68,356.36,0,18,0,79.36857698180214,0
2026-02-22,1,1,80,394.74,0,4,0,141.67272665081032,0
2026-02-22,1,2,77,394.74,0,4,0,137.67746040622848,0
2026-02-22,1,3,68,394.74,0,4,0,97.25450826561485,0
2026-02-22,2,1,51,107.84,0,4,0,67.03996121511193,0
2026-02-22,2,2,47,107.84,0,4,0,117.56618420630457,0
2026-02-22,2,3,49,107.84,0,4,0,132.726782412283,0
2026-02-22,3,1,56,261.97,0,2,0,28.4708637301553,0
2026-02-22,3,2,59,261.97,0,2,0,90.41780091788543,0
2026-02-22,3,3,64,261.97,0,2,0,74.05539660180074,0
2026-02-22,4,1,70,300.28,0,28,0,133.62956856731574,0
2026-02-22,4,2,64,300.28,0,28,0,52.047550990875806,0
2026-02-22,4,3,74,300.28,0,28,0,146.08577240708544,0
2026-02-22,5,1,48,32.76,0,6,0,47.89514084322299,0
2026-02-22,5,2,42,32.76,0,6,0,102.61717204748318,0
2026-02-22,5,3,36,32.76,0,6,0,55.006235134982795,0
2026-02-22,6,1,70,307.7,0,11,0,147.79468058920568,0
2026-02-22,6,2,84,307.7,0,11,0,92.35614649703606,0
2026-02-22,6,3,58,307.7,0,11,0,91.58696968717861,0
2026-02-22,7,1,51,93.56,0,8,0,146.06849013122533,0
2026-02-22,7,2,47,93.56,0,8,0,78.1105124879694,0
2026-02-22,7,3,48,93.56,0,8,0,138.96066229053304,0
2026-02-22,8,1,42,41.88,0,27,0,41.089895073491206,0
2026-02-22,8,2,32,41.88,0,27,0,89.2771393989729,0
2026-02-22,8,3,40,41.88,0,27,0,117.1257892624867,1
2026-02-22,9,1,87,474.95,0,10,0,187.54553052150374,0
2026-02-22,9,2,83,474.95,0,10,0,124.66144140926158,0
2026-02-22,9,3,82,474.95,0,10,0,124.88945007200911,0
2026-02-22,10,1,80,483.16,0,29,0,81.49683043221222,0
2026-02-22,10,2,88,483.16,0,29,0,236.36313912906866,0
2026-02-22,10,3,89,483.16,0,29,0,220.28470476210998,1
2026-02-22,11,1,81,406.11,0,8,0,65.69915742841496,0
2026-02-22,11,2,78,406.11,0,8,0,139.08831488203344,0
2026-02-22,11,3,80,406.11,0,8,0,116.3578954048379,0
2026-02-22,12,1,50,159.26,0,10,0,39.88918785920639,1
2026-02-22,12,2,55,159.26,0,10,0,132.08252794641137,1
2026-02-22,12,3,54,159.26,0,13,3,91.6054286106327,0
2026-02-22,13,1,39,57.86,0,9,0,60.809210011122445,0
2026-02-22,13,2,43,57.86,0,9,0,21.556341187576677,0
2026-02-22,13,3,58,57.86,0,9,0,143.27823210876332,0
2026-02-22,14,1,61,345.27,0,20,7,63.460764168096894,0
2026-02-22,14,2,67,345.27,0,17,4,38.01411007042857,0
2026-02-22,14,3,68,345.27,0,13,0,66.94114294147519,0
2026-02-22,15,1,49,225.67,0,11,8,28.509941004933413,0
2026-02-22,15,2,56,225.67,0,3,0,84.63686171260636,0
2026-02-22,15,3,57,225.67,0,3,0,90.09532887708046,0
2026-02-22,16,1,48,69.8,0,11,9,102.49587501357671,0
2026-02-22,16,2,50,69.8,0,2,0,133.61988996562434,0
2026-02-22,16,3,46,69.8,0,2,0,85.65337083337592,0
2026-02-22,17,1,61,252.64,0,17,0,151.49907297748078,0
2026-02-22,17,2,62,252.64,0,17,0,100.73132208345544,0
2026-02-22,17,3,63,252.64,0,17,0,140.20384196203963,1
2026-02-22,18,1,44,26.85,0,24,0,35.404934206183526,0
2026-02-22,18,2,39,26.85,0,24,0,27.015094546361112,0
2026-02-22,18,3,40,26.85,0,24,0,24.545869180522075,0
2026-02-22,19,1,82,455.57,0,24,0,220.29027604214778,0
2026-02-22,19,2,93,455.57,0,24,0,133.29007842138236,0
2026-02-22,19,3,92,455.57,0,24,0,131.04073808527542,0
2026-02-22,20,1,59,136.8,0,25,0,82.2658818089719,0
2026-02-22,20,2,45,136.8,0,25,0,23.271212618586716,0
2026-02-22,20,3,57,136.8,0,25,0,88.83524245875105,0
2026-02-22,21,1,70,334.64,0,6,0,140.8012337347662,0
2026-02-22,21,2,65,334.64,0,6,0,90.22056911932124,0
2026-02-22,21,3,56,334.64,0,6,0,101.73906079812888,0
2026-02-22,22,1,50,162.74,0,4,0,113.69380616828822,0
2026-02-22,22,2,58,162.74,0,4,0,76.8206388771125,0
2026-02-22,22,3,52,162.74,0,4,0,37.052804918905,0
2026-02-22,23,1,71,264.83,0,13,0,107.46790365281663,0
2026-02-22,23,2,73,264.83,0,13,0,55.23204240877841,0
2026-02-22,23,3,66,264.83,0,13,0,100.32571231812905,0
2026-02-22,24,1,68,277.89,0,9,0,200.74577012885288,0
2026-02-22,24,2,61,277.89,0,9,0,82.00744956426678,0
2026-02-22,24,3,69,277.89,0,9,0,69.73579947645275,0
2026-02-22,25,1,41,100.58,0,23,0,36.99812164409113,0
2026-02-22,25,2,48,100.58,0,23,0,101.01020186231665,0
2026-02-22,25,3,50,100.58,0,23,0,118.91475121228525,0
2026-02-22,26,1,82,485.1,0,28,0,46.428064645785255,0
2026-02-22,26,2,89,485.1,0,28,0,227.4545681659333,0
2026-02-22,26,3,82,485.1,0,28,0,199.12284794913026,0
2026-02-22,27,1,65,389.82,0,4,0,36.89385618232081,0
2026-02-22,27,2,80,389.82,0,4,0,130.66391968223985,0
2026-02-22,27,3,70,389.82,0,4,0,133.3992288065663,0
2026-02-22,28,1,84,470.35,0,2,0,198.9559870094537,0
2026-02-22,28,2,76,470.35,0,2,0,173.45725632670553,0
2026-02-22,28,3,90,470.35,0,2,0,66.39377166190462,0
2026-02-22,29,1,83,448.47,0,4,0,181.16383682271103,0
2026-02-22,29,2,79,448.47,0,4,0,194.826293449388,0
2026-02-22,29,3,76,448.47,0,4,0,48.22840287631187,0
2026-02-22,30,1,66,302.97,0,6,0,132.90730811913483,0
2026-02-22,30,2,71,302.97,0,6,0,45.39475782517126,0
2026-02-22,30,3,67,302.97,0,6,0,147.72641567252717,0
2026-02-22,31,1,73,461.72,0,16,0,64.26468352299491,0
2026-02-22,31,2,84,461.72,0,16,0,87.00619202612151,0
2026-02-22,31,3,80,461.72,0,16,0,164.75174860742436,0
2026-02-22,32,1,43,53.36,0,15,0,62.65603647534341,0
2026-02-22,32,2,44,53.36,0,15,0,37.479459688899716,0
2026-02-22,32,3,44,53.36,0,15,0,31.739785836163044,0
2026-02-22,33,1,45,106.03,0,4,0,99.41383629015958,0
2026-02-22,33,2,47,106.03,0,4,0,114.12227457827986,0
2026-02-22,33,3,43,106.03,0,4,0,122.29851814951633,0
2026-02-22,34,1,38,32.16,0,2,0,37.09983025752125,0
2026-02-22,34,2,39,32.16,0,2,0,69.59085916629401,0
2026-02-22,34,3,51,32.16,0,2,0,101.9532128993795,0
2026-02-22,35,1,54,169.41,0,6,0,122.743871546131,0
2026-02-22,35,2,51,169.41,0,6,0,106.64263985111843,0
2026-02-22,35,3,56,169.41,0,6,0,92.4023588150609,0
2026-02-22,36,1,45,200.45,0,27,0,112.8730105172672,1
2026-02-22,36,2,53,200.45,0,27,0,30.481585637389855,0
2026-02-22,36,3,63,200.45,0,27,0,157.37217380047048,0
2026-02-22,37,1,46,142.96,0,24,0,104.69461987527077,0
2026-02-22,37,2,48,142.96,0,24,0,66.13394062204335,0
2026-02-22,37,3,58,142.96,0,24,0,41.92924461168045,0
2026-02-22,38,1,82,416.08,0,15,0,120.41777573425333,0
2026-02-22,38,2,81,416.08,0,18,3,188.34327322303548,0
2026-02-22,38,3,81,416.08,0,15,0,226.06578298958158,1
2026-02-22,39,1,57,184.81,0,8,0,56.733290582084045,0
2026-02-22,39,2,55,184.81,0,8,0,155.93487610144987,0
2026-02-22,39,3,52,184.81,0,8,0,107.37530266559058,0
2026-02-22,40,1,45,147.66,0,28,0,104.48662392149427,0
2026-02-22,40,2,50,147.66,0,28,0,138.94699112060596,0
2026-02-22,40,3,49,147.66,0,28,0,137.39267219758568,0
2026-02-22,41,1,58,275.92,0,10,0,82.61507967352583,0
2026-02-22,41,2,60,275.92,0,10,0,103.19288299944431,0
2026-02-22,41,3,68,275.92,0,10,0,68.34165821469595,0
2026-02-22,42,1,44,79.05,0,16,0,129.1907998285011,0
2026-02-22,42,2,50,79.05,0,16,0,74.9158237259133,0
2026-02-22,42,3,46,79.05,0,16,0,97.02659220240304,0
2026-02-22,43,1,84,403.08,0,16,0,85.59897477756142,0
2026-02-22,43,2,158,403.08,1,16,0,193.94525544629062,0
2026-02-22,43,3,80,403.08,0,16,0,54.66987194427985,0
2026-02-22,44,1,44,46.53,0,27,0,88.97794082959787,1
2026-02-22,44,2,41,46.53,0,27,0,84.64998441109265,0
2026-02-22,44,3,37,46.53,0,34,7,89.76084306869409,0
2026-02-22,45,1,81,493.57,0,11,0,195.9434958571267,0
2026-02-22,45,2,82,493.57,0,11,0,148.14516121425686,0
2026-02-22,45,3,76,493.57,0,11,0,145.53369652742413,0
2026-02-22,46,1,75,388.4,0,29,0,75.09644076914081,0
2026-02-22,46,2,70,388.4,0,29,0,112.91412880694627,0
2026-02-22,46,3,79,388.4,0,29,0,175.7518414253854,0
2026-02-22,47,1,40,107.37,0,14,0,95.86058512780028,0
2026-02-22,47,2,51,107.37,0,14,0,106.91795938926795,0
2026-02-22,47,3,47,107.37,0,14,0,40.647749390272566,0
2026-02-22,48,1,40,12.71,0,20,0,28.941075073111815,0
2026-02-22,48,2,39,12.71,0,20,0,32.47050532566613,0
2026-02-22,48,3,41,12.71,0,20,0,49.18914542167727,0
2026-02-22,49,1,78,409.58,0,8,0,192.94838282674223,0
2026-02-22,49,2,76,409.58,0,8,0,162.12554871773708,1
2026-02-22,49,3,79,409.58,0,8,0,156.0576126715793,0
2026-02-22,50,1,80,356.36,0,18,0,135.69399535241007,0
2026-02-22,50,2,67,356.36,0,18,0,99.09405634286708,0
2026-02-22,50,3,65,356.36,0,18,0,192.24415769276717,0
2026-02-23,1,1,71,394.74,0,4,0,150.24615624422455,0
2026-02-23,1,2,80,394.74,0,4,0,117.44705127296169,0
2026-02-23,1,3,61,394.74,0,4,0,52.37093971345435,0
2026-02-23,2,1,42,107.84,0,4,0,107.09651866329999,0
2026-02-23,2,2,46,107.84,0,4,0,28.392737169076952,0
2026-02-23,2,3,50,107.84,0,4,0,89.13364408988309,0
2026-02-23,3,1,67,261.97,0,2,0,48.32707695410431,0
2026-02-23,3,2,61,261.97,0,2,0,41.11307515359817,0
2026-02-23,3,3,50,261.97,0,2,0,64.86613160199401,0
2026-02-23,4,1,56,300.28,0,28,0,115.27346718567745,0
2026-02-23,4,2,63,300.28,0,28,0,68.68050882888386,0
2026-02-23,4,3,59,300.28,0,28,0,90.75415440996595,0
2026-02-23,5,1,37,32.76,0,6,0,22.19303540149235,0
2026-02-23,5,2,31,32.76,0,6,0,49.85524848974409,0
2026-02-23,5,3,33,32.76,0,6,0,23.324367086415982,0
2026-02-23,6,1,64,307.7,0,11,0,121.59886548502544,0
2026-02-23,6,2,60,307.7,0,11,0,64.06768176582216,0
2026-02-23,6,3,58,307.7,0,11,0,56.44901279126008,0
2026-02-23,7,1,49,93.56,0,8,0,132.35059497330457,0
2026-02-23,7,2,36,93.56,0,8,0,56.063215208418214,0
2026-02-23,7,3,45,93.56,0,8,0,88.91241216652995,0
2026-02-23,8,1,34,41.88,0,27,0,57.92729915814762,0
2026-02-23,8,2,35,41.88,0,27,0,43.797557327106105,0
2026-02-23,8,3,35,41.88,0,27,0,22.010710661840054,0
2026-02-23,9,1,78,474.95,0,14,4,200.3583043965571,0
2026-02-23,9,2,74,474.95,0,10,0,110.89562119416975,1
2026-02-23,9,3,76,474.95,0,10,0,49.791295619272404,0
2026-02-23,10,1,80,483.16,0,31,2,191.46201876357455,0
2026-02-23,10,2,80,483.16,0,29,0,197.17213881200607,0
2026-02-23,10,3,77,483.16,0,29,0,204.7133608081804,0
2026-02-23,11,1,77,406.11,0,12,4,99.74399420189366,0
2026-02-23,11,2,82,406.11,0,8,0,85.65819512179517,1
2026-02-23,11,3,75,406.11,0,8,0,91.75173867272615,0
2026-02-23,12,1,45,159.26,0,10,0,32.06233547826491,0
2026-02-23,12,2,45,159.26,0,10,0,74.42209555215747,0
2026-02-23,12,3,49,159.26,0,10,0,111.68821463441998,0
2026-02-23,13,1,27,57.86,0,9,0,41.293697519182246,0
2026-02-23,13,2,38,57.86,0,9,0,76.97385086453258,0
2026-02-23,13,3,30,57.86,0,9,0,88.97802722077482,0
2026-02-23,14,1,61,345.27,0,13,0,163.9610422182833,0
2026-02-23,14,2,69,345.27,0,13,0,199.65662646097618,0
2026-02-23,14,3,70,345.27,0,13,0,190.85545814459482,0
2026-02-23,15,1,60,225.67,0,3,0,51.6554835802366,0
2026-02-23,15,2,53,225.67,0,3,0,71.343097275949,0
2026-02-23,15,3,50,225.67,0,3,0,34.9751215016715,0
2026-02-23,16,1,40,69.8,0,2,0,65.26152496286225,1
2026-02-23,16,2,38,69.8,0,2,0,59.48203068329505,0
2026-02-23,16,3,40,69.8,0,2,0,110.47937838092041,0
2026-02-23,17,1,62,252.64,0,17,0,92.14431495910209,0
2026-02-23,17,2,58,252.64,0,17,0,152.86432576657967,0
2026-02-23,17,3,57,252.64,0,17,0,81.35321444528206,0
2026-02-23,18,1,30,26.85,0,24,0,18.638392642063465,0
2026-02-23,18,2,28,26.85,0,24,0,30.486471696492494,0
2026-02-23,18,3,40,26.85,0,24,0,84.76697057301934,0
2026-02-23,19,1,79,455.57,0,24,0,198.17807554213536,0
2026-02-23,19,2,78,455.57,0,24,0,64.37469723598964,0
2026-02-23,19,3,71,455.57,0,24,0,53.698064545253864,0
2026-02-23,20,1,45,136.8,0,25,0,98.4011318838163,0
2026-02-23,20,2,37,136.8,0,25,0,42.69573835167897,0
2026-02-23,20,3,54,136.8,0,25,0,102.33733123483344,0
2026-02-23,21,1,64,334.64,0,6,0,65.46185876155056,0
2026-02-23,21,2,65,334.64,0,6,0,98.84219653065622,0
2026-02-23,21,3,60,334.64,0,6,0,83.82468506973802,0
2026-02-23,22,1,46,162.74,0,4,0,56.57384046936153,0
2026-02-23,22,2,48,162.74,0,4,0,65.71478230487209,0
2026-02-23,22,3,45,162.74,0,4,0,132.37246436429686,0
2026-02-23,23,1,60,264.83,0,13,0,46.27864725436863,0
2026-02-23,23,2,63,264.83,0,21,8,67.37753050168493,0
2026-02-23,23,3,60,264.83,0,13,0,166.56100911525536,0
2026-02-23,24,1,53,277.89,0,9,0,82.56186551458629,0
2026-02-23,24,2,62,277.89,0,9,0,55.77801722307261,0
2026-02-23,24,3,55,277.89,0,9,0,31.18503290586848,0
2026-02-23,25,1,38,100.58,0,23,0,27.88262783232815,0
2026-02-23,25,2,34,100.58,0,23,0,80.7720325217874,0
2026-02-23,25,3,28,100.58,0,23,0,36.73845958718308,0
2026-02-23,26,1,80,485.1,0,28,0,181.19004876119612,0
2026-02-23,26,2,87,485.1,0,28,0,108.11169136653176,0
2026-02-23,26,3,80,485.1,0,28,0,122.33961234724438,0
2026-02-23,27,1,73,389.82,0,4,0,200.2713294409285,0
2026-02-23,27,2,69,389.82,0,4,0,175.3370377163986,0
2026-02-23,27,3,76,389.82,0,4,0,172.34367192514836,0
2026-02-23,28,1,77,470.35,0,8,6,101.85367523458751,0
2026-02-23,28,2,68,470.35,0,2,0,199.89345671602578,0
2026-02-23,28,3,81,470.35,0,2,0,78.95796022676139,0
2026-02-23,29,1,72,448.47,0,4,0,181.0836768899261,0
2026-02-23,29,2,73,448.47,0,4,0,69.79795495996011,0
2026-02-23,29,3,83,448.47,0,4,0,150.0543042444534,0
2026-02-23,30,1,61,302.97,0,6,0,182.70516132419885,0
2026-02-23,30,2,55,302.97,0,6,0,148.07725616716357,0
2026-02-23,30,3,65,302.97,0,6,0,84.20724224011482,0
2026-02-23,31,1,81,461.72,0,16,0,110.3064931005975,0
2026-02-23,31,2,77,461.72,0,16,0,59.44600915463936,0
2026-02-23,31,3,84,461.72,0,16,0,96.01470344286147,0
2026-02-23,32,1,20,53.36,0,23,8,15.34152369193524,0
2026-02-23,32,2,33,53.36,0,15,0,34.093019322658385,0
2026-02-23,32,3,36,53.36,0,19,4,55.06278653473237,0
2026-02-23,33,1,50,106.03,0,4,0,105.41814566331702,0
2026-02-23,33,2,42,106.03,0,4,0,32.81382817000632,0
2026-02-23,33,3,44,106.03,0,4,0,67.70374270069182,0
2026-02-23,34,1,42,32.16,0,2,0,94.18763693976233,0
2026-02-23,34,2,31,32.16,0,2,0,86.69247276765115,0
2026-02-23,34,3,35,32.16,0,2,0,101.49122357864793,0
2026-02-23,35,1,44,169.41,0,6,0,52.06515020344864,0
2026-02-23,35,2,45,169.41,0,6,0,109.97856019323886,0
2026-02-23,35,3,38,169.41,0,6,0,59.79793928075377,0
2026-02-23,36,1,52,200.45,0,27,0,118.68657965360589,0
2026-02-23,36,2,61,200.45,0,27,0,133.85689985770153,0
2026-02-23,36,3,51,200.45,0,27,0,79.27043057807609,0
2026-02-23,37,1,41,142.96,0,24,0,54.464513492809864,0
2026-02-23,37,2,56,142.96,0,24,0,75.09501984964575,0
2026-02-23,37,3,49,142.96,0,24,0,85.52467684705833,0
2026-02-23,38,1,78,416.08,0,15,0,177.5709592730035,0
2026-02-23,38,2,71,416.08,0,15,0,143.44100701265523,0
2026-02-23,38,3,62,416.08,0,15,0,112.68561528090054,0
2026-02-23,39,1,55,184.81,0,8,0,100.81332667190055,0
2026-02-23,39,2,48,184.81,0,8,0,34.066989416419034,0
2026-02-23,39,3,106,184.81,1,8,0,105.74646910702873,1
2026-02-23,40,1,39,147.66,0,28,0,58.41665754188804,0
2026-02-23,40,2,42,147.66,0,28,0,42.67197895796321,0
2026-02-23,40,3,46,147.66,0,33,5,92.82741821996439,0
2026-02-23,41,1,62,275.92,0,10,0,80.85708816451583,0
2026-02-23,41,2,55,275.92,0,10,0,159.33432559297825,0
2026-02-23,41,3,57,275.92,0,10,0,48.86939116921691,0
2026-02-23,42,1,30,79.05,0,16,0,78.70652578744723,0
2026-02-23,42,2,33,79.05,0,16,0,62.9789589517273,0
2026-02-23,42,3,41,79.05,0,16,0,24.130897458922984,0
2026-02-23,43,1,69,403.08,0,16,0,108.1891411742851,0
2026-02-23,43,2,74,403.08,0,16,0,66.13073098246464,0
2026-02-23,43,3,73,403.08,0,21,5,54.023757440327856,0
2026-02-23,44,1,42,46.53,0,27,0,75.7937268127309,0
2026-02-23,44,2,43,46.53,0,27,0,33.3505587119342,1
2026-02-23,44,3,35,46.53,0,27,0,39.8770949275515,0
2026-02-23,45,1,83,493.57,0,11,0,212.44979911031353,0
2026-02-23,45,2,81,493.57,0,11,0,139.1012606117326,0
2026-02-23,45,3,82,493.57,0,11,0,66.75494579215136,0
2026-02-23,46,1,77,388.4,0,38,9,188.64207442721332,0
2026-02-23,46,2,71,388.4,0,29,0,94.00046212302644,0
2026-02-23,46,3,77,388.4,0,29,0,155.3255694744052,0
2026-02-23,47,1,32,107.37,0,14,0,91.92574613154086,0
2026-02-23,47,2,39,107.37,0,14,0,74.59362502284179,0
2026-02-23,47,3,88,107.37,1,14,0,235.3753904224883,0
2026-02-23,48,1,39,12.71,0,20,0,37.884512464531916,0
2026-02-23,48,2,35,12.71,0,20,0,61.5556449876361,0
2026-02-23,48,3,30,12.71,0,20,0,54.2266985301488,0
2026-02-23,49,1,77,409.58,0,8,0,163.84914635742487,0
2026-02-23,49,2,65,409.58,0,8,0,155.3985578702068,0
2026-02-23,49,3,74,409.58,0,8,0,102.11834651766604,0
2026-02-23,50,1,63,356.36,0,18,0,42.3458310228335,0
2026-02-23,50,2,68,356.36,0,18,0,39.87540720184743,0
2026-02-23,50,3,71,356.36,0,18,0,164.47385705506844,0
2026-02-24,1,1,72,394.74,0,4,0,145.57096598409683,0
2026-02-24,1,2,149,394.74,1,4,0,272.37991407846624,0
2026-02-24,1,3,69,394.74,0,4,0,80.03793378392504,0
2026-02-24,2,1,37,107.84,0,4,0,23.718904085417737,0
2026-02-24,2,2,45,107.84,0,4,0,96.95325332869764,0
2026-02-24,2,3,38,107.84,0,4,0,101.13375254468815,0
2026-02-24,3,1,56,261.97,0,2,0,81.93928876905143,0
2026-02-24,3,2,54,261.97,0,2,0,131.56978919993094,0
2026-02-24,3,3,59,261.97,0,2,0,176.47190223517654,0
2026-02-24,4,1,64,300.28,0,28,0,83.74860595159322,0
2026-02-24,4,2,64,300.28,0,28,0,145.90887397067735,0
2026-02-24,4,3,58,300.28,0,28,0,91.24648783562421,0
2026-02-24,5,1,33,32.76,0,6,0,27.384842492640132,0
2026-02-24,5,2,30,32.76,0,6,0,81.03165243149274,0
2026-02-24,5,3,38,32.76,0,15,9,36.22119169695066,0
2026-02-24,6,1,65,307.7,0,11,0,106.01873959020857,0
2026-02-24,6,2,65,307.7,0,11,0,37.43648772013333,0
2026-02-24,6,3,64,307.7,0,11,0,109.15853942272807,0
2026-02-24,7,1,45,93.56,0,8,0,42.490991588223196,0
2026-02-24,7,2,23,93.56,0,8,0,20.385639881014594,0
2026-02-24,7,3,38,93.56,0,8,0,111.72238313968597,0
2026-02-24,8,1,31,41.88,0,27,0,68.08245356350655,0
2026-02-24,8,2,37,41.88,0,27,0,63.71045860810583,0
2026-02-24,8,3,29,41.88,0,27,0,68.33728930972227,0
2026-02-24,9,1,85,474.95,0,10,0,149.8421879485544,0
2026-02-24,9,2,82,474.95,0,10,0,90.69437676857063,1
2026-02-24,9,3,83,474.95,0,10,0,127.4065010680933,0
2026-02-24,10,1,76,483.16,0,29,0,80.88262628228067,0
2026-02-24,10,2,78,483.16,0,29,0,130.99569548225304,0
2026-02-24,10,3,75,483.16,0,29,0,95.91176293781642,0
2026-02-24,11,1,73,406.11,0,8,0,104.45473109965408,0
2026-02-24,11,2,61,406.11,0,8,0,163.2472120281989,0
2026-02-24,11,3,67,406.11,0,8,0,195.67424954481473,0
2026-02-24,12,1,55,159.26,0,15,5,114.9361008907164,0
2026-02-24,12,2,45,159.26,0,14,4,39.40282851627669,0
2026-02-24,12,3,49,159.26,0,10,0,47.131156525982995,1
2026-02-24,13,1,43,57.86,0,9,0,98.49155695909684,0
2026-02-24,13,2,38,57.86,0,9,0,27.013781412954117,0
2026-02-24,13,3,26,57.86,0,9,0,66.89571953968144,0
2026-02-24,14,1,63,345.27,0,13,0,120.35598472463282,0
2026-02-24,14,2,66,345.27,0,13,0,48.74620323606381,0
2026-02-24,14,3,65,345.27,0,13,0,151.75418716189282,0
2026-02-24,15,1,45,225.67,0,3,0,86.17148140920125,0
2026-02-24,15,2,65,225.67,0,3,0,153.84608344328458,0
2026-02-24,15,3,52,225.67,0,3,0,92.99824492140299,0
2026-02-24,16,1,39,69.8,0,2,0,40.003245923977765,0
2026-02-24,16,2,39,69.8,0,2,0,95.73169891208188,0
2026-02-24,16,3,39,69.8,0,2,0,59.54243514266266,0
2026-02-24,17,1,64,252.64,0,17,0,74.92784865612839,0
2026-02-24,17,2,58,252.64,0,17,0,105.21468010112272,0
2026-02-24,17,3,44,252.64,0,17,0,34.27706332730547,0
2026-02-24,18,1,41,26.85,0,24,0,33.45838371023895,1
2026-02-24,18,2,32,26.85,0,24,0,55.92677532373418,0
2026-02-24,18,3,30,26.85,0,24,0,47.05060933462456,0
2026-02-24,19,1,81,455.57,0,24,0,122.52052230895245,0
2026-02-24,19,2,73,455.57,0,24,0,118.61340269140769,0
2026-02-24,19,3,76,455.57,0,24,0,183.3406165005061,0
2026-02-24,20,1,51,136.8,0,25,0,84.24775708301831,0
2026-02-24,20,2,42,136.8,0,25,0,51.40696936449203,0
2026-02-24,20,3,50,136.8,0,25,0,58.6161282509757,0
2026-02-24,21,1,59,334.64,0,6,0,132.5884989708293,0
2026-02-24,21,2,63,334.64,0,6,0,86.17649672746224,0
2026-02-24,21,3,69,334.64,0,6,0,178.57486233897606,0
2026-02-24,22,1,47,162.74,0,4,0,124.50758338211187,0
2026-02-24,22,2,39,162.74,0,4,0,114.11235615458635,0
2026-02-24,22,3,47,162.74,0,4,0,67.79611106781253,0
2026-02-24,23,1,57,264.83,0,13,0,96.37446135509666,0
2026-02-24,23,2,59,264.83,0,13,0,101.09568281521777,0
2026-02-24,23,3,61,264.83,0,13,0,37.98126100362008,0
2026-02-24,24,1,60,277.89,0,9,0,75.31591209725937,0
2026-02-24,24,2,63,277.89,0,9,0,56.01576349993149,0
2026-02-24,24,3,59,277.89,0,9,0,138.10959341563003,0
2026-02-24,25,1,39,100.58,0,23,0,43.429304004449534,0
2026-02-24,25,2,44,100.58,0,23,0,47.278862470921474,0
2026-02-24,25,3,52,100.58,0,23,0,44.5164790146399,0
2026-02-24,26,1,77,485.1,0,28,0,97.84759451333798,0
2026-02-24,26,2,81,485.1,0,28,0,124.66159941167552,0
2026-02-24,26,3,80,485.1,0,28,0,224.60953656786518,1
2026-02-24,27,1,62,389.82,0,4,0,89.79880929257484,1
2026-02-24,27,2,61,389.82,0,4,0,111.48750985656818,0
2026-02-24,27,3,75,389.82,0,4,0,59.228293261245355,0
2026-02-24,28,1,79,470.35,0,2,0,65.62999707374924,0
2026-02-24,28,2,75,470.35,0,2,0,216.53074495186945,0
2026-02-24,28,3,80,470.35,0,2,0,66.5711668917516,0
2026-02-24,29,1,73,448.47,0,4,0,117.43997700323155,0
2026-02-24,29,2,79,448.47,0,4,0,188.59285744809537,0
2026-02-24,29,3,82,448.47,0,4,0,79.15691212864735,0
2026-02-24,30,1,61,302.97,0,6,0,180.97681067194833,0
2026-02-24,30,2,54,302.97,0,6,0,79.820731458515,0
2026-02-24,30,3,62,302.97,0,6,0,154.31420990536037,0
2026-02-24,31,1,74,461.72,0,16,0,43.59719321261487,0
2026-02-24,31,2,72,461.72,0,16,0,36.2596049972923,0
2026-02-24,31,3,75,461.72,0,18,2,57.847467901064,0
2026-02-24,32,1,38,53.36,0,15,0,68.55161654985322,0
2026-02-24,32,2,35,53.36,0,15,0,48.34956843095811,0
2026-02-24,32,3,38,53.36,0,18,3,38.759263807664205,0
2026-02-24,33,1,43,106.03,0,4,0,58.69417721234432,1
2026-02-24,33,2,38,106.03,0,4,0,42.52713300795813,0
2026-02-24,33,3,47,106.03,0,4,0,87.7636629404169,0
2026-02-24,34,1,36,32.16,0,2,0,105.51202332608939,0
2026-02-24,34,2,45,32.16,0,2,0,61.56151241872981,0
2026-02-24,34,3,37,32.16,0,9,7,64.42922051249103,1
2026-02-24,35,1,55,169.41,0,6,0,118.71430111563664,0
2026-02-24,35,2,45,169.41,0,6,0,94.84732809333828,0
2026-02-24,35,3,45,169.41,0,6,0,111.1222500431975,0
2026-02-24,36,1,53,200.45,0,27,0,117.45879862892987,0
2026-02-24,36,2,53,200.45,0,27,0,64.2747252392086,0
2026-02-24,36,3,55,200.45,0,27,0,146.0050850733829,0
2026-02-24,37,1,44,142.96,0,24,0,55.336449763830394,0
2026-02-24,37,2,44,142.96,0,24,0,98.6522598693998,0
2026-02-24,37,3,44,142.96,0,24,0,113.73737494856958,0
2026-02-24,38,1,81,416.08,0,15,0,232.49319537111347,0
2026-02-24,38,2,78,416.08,0,15,0,39.01818726414236,0
2026-02-24,38,3,78,416.08,0,15,0,215.55910503974047,0
2026-02-24,39,1,49,184.81,0,8,0,137.71316793732936,0
2026-02-24,39,2,44,184.81,0,8,0,105.93733817452254,0
2026-02-24,39,3,63,184.81,0,8,0,137.46739575155917,0
2026-02-24,40,1,47,147.66,0,28,0,68.77295411124005,0
2026-02-24,40,2,40,147.66,0,28,0,31.520753860718234,0
2026-02-24,40,3,46,147.66,0,28,0,45.856591773024064,0
2026-02-24,41,1,123,275.92,1,10,0,213.90503760242132,1
2026-02-24,41,2,55,275.92,0,10,0,115.04720629472702,0
2026-02-24,41,3,58,275.92,0,10,0,111.33829121871801,0
2026-02-24,42,1,41,79.05,0,16,0,20.70984936250241,0
2026-02-24,42,2,78,79.05,1,16,0,141.33639732578118,0
2026-02-24,42,3,45,79.05,0,16,0,29.778956881687694,0
2026-02-24,43,1,68,403.08,0,16,0,129.73897702324874,0
2026-02-24,43,2,74,403.08,0,16,0,145.4451675776848,0
2026-02-24,43,3,72,403.08,0,16,0,183.90308604514573,0
2026-02-24,44,1,40,46.53,0,27,0,29.132244005330847,0
2026-02-24,44,2,35,46.53,0,27,0,92.47284566356973,0
2026-02-24,44,3,41,46.53,0,27,0,113.56177526062756,0
2026-02-24,45,1,81,493.57,0,11,0,201.8416794423837,0
2026-02-24,45,2,79,493.57,0,11,0,211.27789825568632,0
2026-02-24,45,3,84,493.57,0,11,0,80.18786432365597,0
2026-02-24,46,1,71,388.4,0,29,0,48.13258253502437,0
2026-02-24,46,2,78,388.4,0,29,0,168.46662102049012,0
2026-02-24,46,3,75,388.4,0,29,0,212.4989761333829,0
2026-02-24,47,1,39,107.37,0,14,0,105.60398786760143,0
2026-02-24,47,2,41,107.37,0,14,0,92.7382775754116,0
2026-02-24,47,3,42,107.37,0,14,0,76.6842415242368,0
2026-02-24,48,1,38,12.71,0,20,0,40.99850388372993,0
2026-02-24,48,2,39,12.71,0,20,0,53.30049694589999,0
2026-02-24,48,3,29,12.71,0,20,0,51.789629375403294,0
2026-02-24,49,1,70,409.58,0,8,0,175.08461552665943,0
2026-02-24,49,2,76,409.58,0,15,7,89.66276788150458,0
2026-02-24,49,3,81,409.58,0,8,0,231.06319939356231,0
2026-02-24,50,1,70,356.36,0,18,0,87.02124466849548,0
2026-02-24,50,2,67,356.36,0,18,0,199.78867460458332,0
2026-02-24,50,3,70,356.36,0,18,0,204.7768743862654,0
2026-02-25,1,1,73,394.74,0,4,0,38.23859343240472,0
2026-02-25,1,2,76,394.74,0,4,0,43.75177576726623,0
2026-02-25,1,3,71,394.74,0,4,0,111.50263992940255,0
2026-02-25,2,1,43,107.84,0,4,0,39.28008692496041,0
2026-02-25,2,2,48,107.84,0,4,0,37.0756970042532,0
2026-02-25,2,3,40,107.84,0,4,0,71.83915915661251,0
2026-02-25,3,1,59,261.97,0,2,0,87.02257824325736,0
2026-02-25,3,2,50,261.97,0,2,0,65.84124185433936,0
2026-02-25,3,3,50,261.97,0,2,0,106.4845966605976,0
2026-02-25,4,1,55,300.28,0,28,0,95.72783688069205,0
2026-02-25,4,2,53,300.28,0,28,0,108.41519624985828,0
2026-02-25,4,3,65,300.28,0,28,0,140.46454630205042,0
2026-02-25,5,1,37,32.76,0,6,0,97.03819627610999,0
2026-02-25,5,2,27,32.76,0,6,0,64.7559377618189,0
2026-02-25,5,3,30,32.76,0,6,0,17.71946465977097,0
2026-02-25,6,1,65,307.7,0,11,0,110.86756183419773,0
2026-02-25,6,2,62,307.7,0,11,0,73.31932089289342,0
2026-02-25,6,3,52,307.7,0,11,0,76.91325362861836,0
2026-02-25,7,1,80,93.56,1,8,0,112.32181370685835,0
2026-02-25,7,2,37,93.56,0,8,0,59.14846497204169,0
2026-02-25,7,3,32,93.56,0,8,0,34.42239333487008,0
2026-02-25,8,1,43,41.88,0,27,0,72.69373152636128,0
2026-02-25,8,2,47,41.88,0,27,0,136.42502819657886,1
2026-02-25,8,3,35,41.88,0,27,0,31.398805132097845,0
2026-02-25,9,1,78,474.95,0,10,0,123.10405131408966,0
2026-02-25,9,2,84,474.95,0,10,0,78.7253555012426,0
2026-02-25,9,3,74,474.95,0,10,0,192.000292534431,0
2026-02-25,10,1,82,483.16,0,29,0,245.95840812645227,0
2026-02-25,10,2,79,483.16,0,29,0,122.7284131454005,0
2026-02-25,10,3,87,483.16,0,29,0,98.24928619040219,0
2026-02-25,11,1,77,406.11,0,8,0,217.30403101781036,0
2026-02-25,11,2,78,406.11,0,8,0,225.22735484903262,0
2026-02-25,11,3,66,406.11,0,8,0,174.30737691561447,0
2026-02-25,12,1,46,159.26,0,10,0,24.09607028116072,0
2026-02-25,12,2,41,159.26,0,10,0,24.277601838711494,0
2026-02-25,12,3,44,159.26,0,10,0,40.57818840813858,0
2026-02-25,13,1,32,57.86,0,9,0,86.37214293763186,0
2026-02-25,13,2,41,57.86,0,9,0,72.81303184694367,0
2026-02-25,13,3,45,57.86,0,9,0,125.76100287584768,1
2026-02-25,14,1,69,345.27,0,13,0,54.433088005735534,0
2026-02-25,14,2,70,345.27,0,13,0,187.11741526015834,0
2026-02-25,14,3,76,345.27,0,13,0,102.43490722040832,0
2026-02-25,15,1,55,225.67,0,3,0,89.76382304461796,0
2026-02-25,15,2,55,225.67,0,3,0,40.43609321075629,0
2026-02-25,15,3,52,225.67,0,3,0,98.3263684909724,0
2026-02-25,16,1,40,69.8,0,2,0,20.94914085797989,0
2026-02-25,16,2,37,69.8,0,2,0,96.27007688906195,0
2026-02-25,16,3,45,69.8,0,2,0,71.48894035393133,0
2026-02-25,17,1,60,252.64,0,17,0,125.99318825242736,0
2026-02-25,17,2,56,252.64,0,17,0,131.12668210301803,0
2026-02-25,17,3,56,252.64,0,17,0,71.43931612357254,0
2026-02-25,18,1,29,26.85,0,24,0,39.61082973967798,0
2026-02-25,18,2,35,26.85,0,30,6,21.846831039693352,0
2026-02-25,18,3,30,26.85,0,24,0,18.54635420028146,0
2026-02-25,19,1,83,455.57,0,24,0,82.89143224510117,0
2026-02-25,19,2,81,455.57,0,24,0,163.6645632801998,0
2026-02-25,19,3,75,455.57,0,24,0,74.51062107836132,0
2026-02-25,20,1,44,136.8,0,25,0,119.32245328809107,0
2026-02-25,20,2,45,136.8,0,25,0,59.393901708343456,0
2026-02-25,20,3,42,136.8,0,25,0,23.86891051488371,0
2026-02-25,21,1,62,334.64,0,6,0,35.317731366611675,1
2026-02-25,21,2,65,334.64,0,6,0,169.71449872020222,0
2026-02-25,21,3,58,334.64,0,6,0,69.12511435708885,0
2026-02-25,22,1,55,162.74,0,4,0,135.51251530608823,0
2026-02-25,22,2,53,162.74,0,4,0,158.5769387363348,0
2026-02-25,22,3,47,162.74,0,4,0,113.5605388088487,0
2026-02-25,23,1,68,264.83,0,13,0,98.3647350146952,0
2026-02-25,23,2,58,264.83,0,13,0,99.58283724564329,0
2026-02-25,23,3,58,264.83,0,13,0,135.9655815637532,0
2026-02-25,24,1,57,277.89,0,9,0,140.38797538582125,0
2026-02-25,24,2,59,277.89,0,9,0,116.74395365554793,0
2026-02-25,24,3,58,277.89,0,9,0,69.94582808263213,0
2026-02-25,25,1,36,100.58,0,23,0,43.368139449886556,0
2026-02-25,25,2,37,100.58,0,23,0,76.66253007464142,0
2026-02-25,25,3,43,100.58,0,23,0,105.76248734069007,0
2026-02-25,26,1,73,485.1,0,28,0,132.3174792397826,0
2026-02-25,26,2,76,485.1,0,28,0,38.76455002312911,0
2026-02-25,26,3,88,485.1,0,28,0,224.04047633835165,0
2026-02-25,27,1,70,389.82,0,4,0,187.2377777339053,0
2026-02-25,27,2,70,389.82,0,4,0,58.67329793944069,0
2026-02-25,27,3,73,389.82,0,4,0,119.77334764780764,0
2026-02-25,28,1,77,470.35,0,2,0,123.22053719442528,0
2026-02-25,28,2,82,470.35,0,2,0,155.112117866739,0
2026-02-25,28,3,88,470.35,0,2,0,64.01322319381023,0
2026-02-25,29,1,80,448.47,0,4,0,193.12586467505653,0
2026-02-25,29,2,85,448.47,0,4,0,122.64684112344987,0
2026-02-25,29,3,75,448.47,0,4,0,186.85393491140903,0
2026-02-25,30,1,57,302.97,0,6,0,64.40749080231105,0
2026-02-25,30,2,66,302.97,0,15,9,70.60526834239147,0
2026-02-25,30,3,66,302.97,0,6,0,58.37860090968081,0
2026-02-25,31,1,74,461.72,0,18,2,165.2341482992585,0
2026-02-25,31,2,70,461.72,0,16,0,50.83146958794997,0
2026-02-25,31,3,157,461.72,1,16,0,418.1233035678187,0
2026-02-25,32,1,48,53.36,0,15,0,124.51364447701181,0
2026-02-25,32,2,31,53.36,0,15,0,74.94739637583722,0
2026-02-25,32,3,38,53.36,0,15,0,103.78003853188505,0
2026-02-25,33,1,41,106.03,0,4,0,46.02382703100475,0
2026-02-25,33,2,49,106.03,0,4,0,33.26357839571184,0
2026-02-25,33,3,45,106.03,0,4,0,37.50169481075161,0
2026-02-25,34,1,40,32.16,0,2,0,119.9146745635872,0
2026-02-25,34,2,37,32.16,0,2,0,70.4149593719352,0
2026-02-25,34,3,41,32.16,0,2,0,80.31034833092909,0
2026-02-25,35,1,60,169.41,0,6,0,98.38382450045032,0
2026-02-25,35,2,52,169.41,0,6,0,111.98814235381272,0
2026-02-25,35,3,46,169.41,0,6,0,53.20924276551561,0
2026-02-25,36,1,47,200.45,0,27,0,107.46647877833689,0
2026-02-25,36,2,56,200.45,0,27,0,165.4372079173408,0
2026-02-25,36,3,52,200.45,0,27,0,49.15465340109955,0
2026-02-25,37,1,46,142.96,0,24,0,50.48145845608885,0
2026-02-25,37,2,42,142.96,0,24,0,38.229408163178704,0
2026-02-25,37,3,52,142.96,0,24,0,39.24313472242725,0
2026-02-25,38,1,72,416.08,0,15,0,100.11565776736438,0
2026-02-25,38,2,76,416.08,0,15,0,54.476566783278734,0
2026-02-25,38,3,83,416.08,0,15,0,103.49501665537866,0
2026-02-25,39,1,44,184.81,0,8,0,43.01148711657037,0
2026-02-25,39,2,51,184.81,0,14,6,60.74970776210998,1
2026-02-25,39,3,51,184.81,0,8,0,111.14127630846822,0
2026-02-25,40,1,44,147.66,0,28,0,74.57759609894595,0
2026-02-25,40,2,45,147.66,0,28,0,70.27195601310018,0
2026-02-25,40,3,51,147.66,0,28,0,49.51188939826756,0
2026-02-25,41,1,57,275.92,0,10,0,50.70744155437669,0
2026-02-25,41,2,63,275.92,0,10,0,167.71681751647137,0
2026-02-25,41,3,62,275.92,0,10,0,89.25458175448207,1
2026-02-25,42,1,40,79.05,0,16,0,54.26736735947042,0
2026-02-25,42,2,44,79.05,0,16,0,120.47410492771058,0
2026-02-25,42,3,38,79.05,0,16,0,107.92005256408915,0
2026-02-25,43,1,79,403.08,0,16,0,174.40878784284368,0
2026-02-25,43,2,64,403.08,0,16,0,163.50795954909543,0
2026-02-25,43,3,79,403.08,0,16,0,59.47911254222087,0
2026-02-25,44,1,29,46.53,0,27,0,50.86123450002502,0
2026-02-25,44,2,27,46.53,0,27,0,53.83802473417653,0
2026-02-25,44,3,43,46.53,0,27,0,106.94901267829016,0
2026-02-25,45,1,88,493.57,0,11,0,47.66692492943796,0
2026-02-25,45,2,77,493.57,0,11,0,207.22616691934374,0
2026-02-25,45,3,80,493.57,0,11,0,206.76409064133622,0
2026-02-25,46,1,83,388.4,0,29,0,234.21441644119415,0
2026-02-25,46,2,67,388.4,0,29,0,178.59979916061204,0
2026-02-25,46,3,76,388.4,0,29,0,87.56205783459349,0
2026-02-25,47,1,50,107.37,0,14,0,147.0386705994517,0
2026-02-25,47,2,35,107.37,0,18,4,102.14095996959101,0
2026-02-25,47,3,50,107.37,0,14,0,51.74109929315962,0
2026-02-25,48,1,38,12.71,0,20,0,86.90158921707419,0
2026-02-25,48,2,35,12.71,0,28,8,79.52586535055602,0
2026-02-25,48,3,29,12.71,0,20,0,59.92426983847317,0
2026-02-25,49,1,84,409.58,0,8,0,135.12659005975075,0
2026-02-25,49,2,75,409.58,0,8,0,152.87542037748693,0
2026-02-25,49,3,76,409.58,0,8,0,217.31199393784337,0
2026-02-25,50,1,72,356.36,0,18,0,37.34334342593536,0
2026-02-25,50,2,64,356.36,0,18,0,35.93838975655495,0
2026-02-25,50,3,66,356.36,0,18,0,73.38561247302312,0
2026-02-26,1,1,73,394.74,0,4,0,217.60948731575112,0
2026-02-26,1,2,73,394.74,0,4,0,132.54063934876436,0
2026-02-26,1,3,69,394.74,0,4,0,43.05875931086633,0
2026-02-26,2,1,44,107.84,0,4,0,81.41396188202471,0
2026-02-26,2,2,44,107.84,0,4,0,123.30870743503843,1
2026-02-26,2,3,38,107.84,0,4,0,89.72572098848885,1
2026-02-26,3,1,59,261.97,0,2,0,92.1564300200384,0
2026-02-26,3,2,56,261.97,0,2,0,128.58329424480846,0
2026-02-26,3,3,63,261.97,0,2,0,36.53699462139961,0
2026-02-26,4,1,55,300.28,0,28,0,57.93524745130421,0
2026-02-26,4,2,58,300.28,0,28,0,161.0646795538366,0
2026-02-26,4,3,69,300.28,0,28,0,196.48907733411917,0
2026-02-26,5,1,32,32.76,0,6,0,24.87835131495806,0
2026-02-26,5,2,31,32.76,0,7,1,81.00374500153919,0
2026-02-26,5,3,37,32.76,0,6,0,63.028288427182694,0
2026-02-26,6,1,61,307.7,0,11,0,138.7181787472463,0
2026-02-26,6,2,63,307.7,0,11,0,147.69125637075342,0
2026-02-26,6,3,56,307.7,0,11,0,163.56013121292335,0
2026-02-26,7,1,40,93.56,0,8,0,85.31674536874536,0
2026-02-26,7,2,39,93.56,0,8,0,109.01153820514217,0
2026-02-26,7,3,35,93.56,0,8,0,85.72418724622499,0
2026-02-26,8,1,35,41.88,0,27,0,90.81984988405578,0
2026-02-26,8,2,33,41.88,0,27,0,84.22119059415354,0
2026-02-26,8,3,40,41.88,0,27,0,51.67188326709982,1
2026-02-26,9,1,79,474.95,0,10,0,105.88099965668624,0
2026-02-26,9,2,78,474.95,0,10,0,202.0764299014841,0
2026-02-26,9,3,83,474.95,0,10,0,111.79100849946742,0
2026-02-26,10,1,85,483.16,0,29,0,188.65602442427152,0
2026-02-26,10,2,78,483.16,0,29,0,205.61298477194663,0
2026-02-26,10,3,84,483.16,0,29,0,87.70632471071605,0
2026-02-26,11,1,79,406.11,0,8,0,194.31634305260667,0
2026-02-26,11,2,76,406.11,0,8,0,93.13222049685905,0
2026-02-26,11,3,70,406.11,0,8,0,169.49597298690998,0
2026-02-26,12,1,49,159.26,0,10,0,129.6414498595108,0
2026-02-26,12,2,43,159.26,0,10,0,76.32164020005592,1
2026-02-26,12,3,37,159.26,0,10,0,59.45357848752339,0
2026-02-26,13,1,33,57.86,0,9,0,98.57135595179658,0
2026-02-26,13,2,39,57.86,0,9,0,22.602777996962157,0
2026-02-26,13,3,33,57.86,0,9,0,74.40523090784556,0
2026-02-26,14,1,70,345.27,0,13,0,185.58970814165986,0
2026-02-26,14,2,61,345.27,0,13,0,103.93237149057876,0
2026-02-26,14,3,75,345.27,0,13,0,106.07728021389296,0
2026-02-26,15,1,50,225.67,0,3,0,118.39857351004355,0
2026-02-26,15,2,53,225.67,0,3,0,72.8889631169992,0
2026-02-26,15,3,48,225.67,0,3,0,24.399523038739893,0
2026-02-26,16,1,32,69.8,0,2,0,87.9152739866241,0
2026-02-26,16,2,38,69.8,0,2,0,95.9876499908406,0
2026-02-26,16,3,52,69.8,0,2,0,85.20909437725692,0
2026-02-26,17,1,55,252.64,0,17,0,31.58697710337901,0
2026-02-26,17,2,57,252.64,0,17,0,29.601513990306124,0
2026-02-26,17,3,56,252.64,0,17,0,139.86080859061198,0
2026-02-26,18,1,33,26.85,0,24,0,26.02008101766476,0
2026-02-26,18,2,37,26.85,0,24,0,63.34397505843976,0
2026-02-26,18,3,33,26.85,0,24,0,25.293296006181492,0
2026-02-26,19,1,83,455.57,0,24,0,161.80084507835434,0
2026-02-26,19,2,80,455.57,0,24,0,103.99638306505553,0
2026-02-26,19,3,68,455.57,0,24,0,65.205870497858,0
2026-02-26,20,1,40,136.8,0,25,0,26.922666823202405,0
2026-02-26,20,2,90,136.8,1,25,0,98.22698590889462,0
2026-02-26,20,3,47,136.8,0,25,0,33.74227145157367,0
2026-02-26,21,1,59,334.64,0,6,0,110.18524250597969,0
2026-02-26,21,2,65,334.64,0,6,0,82.68660819113221,1
2026-02-26,21,3,57,334.64,0,6,0,29.130482485381126,0
2026-02-26,22,1,94,162.74,1,4,0,202.88566881362667,0
2026-02-26,22,2,48,162.74,0,4,0,129.08230800889388,0
2026-02-26,22,3,59,162.74,0,4,0,144.8924534548256,1
2026-02-26,23,1,61,264.83,0,13,0,104.62166822446575,0
2026-02-26,23,2,51,264.83,0,13,0,147.22223327071003,0
2026-02-26,23,3,61,264.83,0,13,0,56.46152323582969,0
2026-02-26,24,1,68,277.89,0,9,0,157.06803982261812,0
2026-02-26,24,2,57,277.89,0,9,0,115.62675210047973,0
2026-02-26,24,3,59,277.89,0,9,0,175.92682582642604,0
2026-02-26,25,1,39,100.58,0,23,0,100.49124900874102,0
2026-02-26,25,2,44,100.58,0,23,0,102.63535528018103,0
2026-02-26,25,3,43,100.58,0,23,0,78.1247780057486,0
2026-02-26,26,1,79,485.1,0,28,0,175.57133195505057,0
2026-02-26,26,2,79,485.1,0,28,0,226.25262222860124,1
2026-02-26,26,3,76,485.1,0,28,0,210.7062770282742,0
2026-02-26,27,1,75,389.82,0,11,7,150.98839587661658,0
2026-02-26,27,2,75,389.82,0,4,0,215.12331778649997,0
2026-02-26,27,3,74,389.82,0,4,0,188.22702316115016,0
2026-02-26,28,1,86,470.35,0,2,0,194.41531244667075,0
2026-02-26,28,2,86,470.35,0,2,0,217.68864859135516,0
2026-02-26,28,3,80,470.35,0,2,0,150.13116901447248,0
2026-02-26,29,1,76,448.47,0,4,0,157.62707040470005,0
2026-02-26,29,2,78,448.47,0,4,0,150.56202694504162,0
2026-02-26,29,3,79,448.47,0,4,0,189.1400243008488,0
2026-02-26,30,1,59,302.97,0,6,0,123.88277756553015,0
2026-02-26,30,2,60,302.97,0,6,0,157.77482279198622,0
2026-02-26,30,3,69,302.97,0,6,0,118.95802939395699,0
2026-02-26,31,1,84,461.72,0,16,0,63.410387248571105,0
2026-02-26,31,2,78,461.72,0,16,0,209.93464225584066,0
2026-02-26,31,3,75,461.72,0,16,0,42.18812057105942,0
2026-02-26,32,1,28,53.36,0,15,0,41.154797276145715,0
2026-02-26,32,2,36,53.36,0,15,0,30.45055516262166,0
2026-02-26,32,3,36,53.36,0,15,0,23.483322906835213,0
2026-02-26,33,1,37,106.03,0,4,0,45.07498807917065,0
2026-02-26,33,2,43,106.03,0,4,0,128.60102565985335,0
2026-02-26,33,3,36,106.03,0,4,0,36.81364575372188,0
2026-02-26,34,1,31,32.16,0,2,0,49.30294628915509,0
2026-02-26,34,2,31,32.16,0,2,0,86.00890251723058,0
2026-02-26,34,3,67,32.16,1,2,0,120.09951099108895,0
2026-02-26,35,1,52,169.41,0,6,0,128.53726675631938,0
2026-02-26,35,2,46,169.41,0,6,0,83.78353883474783,0
2026-02-26,35,3,46,169.41,0,6,0,127.19340475444542,0
2026-02-26,36,1,41,200.45,0,27,0,41.69558458971256,0
2026-02-26,36,2,51,200.45,0,27,0,124.71555127807865,0
2026-02-26,36,3,43,200.45,0,27,0,56.8093631679475,0
2026-02-26,37,1,48,142.96,0,24,0,135.84683380703697,0
2026-02-26,37,2,49,142.96,0,24,0,128.6822645266833,0
2026-02-26,37,3,54,142.96,0,24,0,123.15506640006981,0
2026-02-26,38,1,74,416.08,0,15,0,46.754313919029165,0
2026-02-26,38,2,72,416.08,0,15,0,121.38735461412102,0
2026-02-26,38,3,144,416.08,1,15,0,265.181823515983,0
2026-02-26,39,1,55,184.81,0,8,0,162.55398738869152,0
2026-02-26,39,2,50,184.81,0,8,0,82.98620847411368,0
2026-02-26,39,3,49,184.81,0,8,0,26.830297061540755,0
2026-02-26,40,1,52,147.66,0,28,0,57.22083041301052,0
2026-02-26,40,2,49,147.66,0,28,0,92.16072611728663,1
2026-02-26,40,3,50,147.66,0,28,0,103.41755442766866,0
2026-02-26,41,1,60,275.92,0,10,0,89.10667348013062,0
2026-02-26,41,2,65,275.92,0,10,0,42.68711918442116,0
2026-02-26,41,3,56,275.92,0,10,0,46.84373845809033,0
2026-02-26,42,1,44,79.05,0,16,0,44.49883813924507,1
2026-02-26,42,2,41,79.05,0,16,0,92.31395988975144,0
2026-02-26,42,3,31,79.05,0,16,0,91.96621726105731,0
2026-02-26,43,1,79,403.08,0,16,0,185.07870751446612,0
2026-02-26,43,2,74,403.08,0,16,0,136.69353278812517,0
2026-02-26,43,3,74,403.08,0,16,0,175.30951395222672,0
2026-02-26,44,1,45,46.53,0,27,0,121.64236408643798,0
2026-02-26,44,2,38,46.53,0,27,0,56.21407197522993,0
2026-02-26,44,3,43,46.53,0,27,0,95.84778917513331,0
2026-02-26,45,1,76,493.57,0,18,7,80.7217666171783,0
2026-02-26,45,2,76,493.57,0,11,0,56.40171999780099,0
2026-02-26,45,3,79,493.57,0,11,0,93.08459651013331,0
2026-02-26,46,1,75,388.4,0,29,0,47.47578784831865,0
2026-02-26,46,2,66,388.4,0,29,0,50.63353807178518,0
2026-02-26,46,3,73,388.4,0,29,0,85.97926696020366,0
2026-02-26,47,1,36,107.37,0,14,0,30.12337179827057,0
2026-02-26,47,2,46,107.37,0,14,0,133.52093973859434,0
2026-02-26,47,3,48,107.37,0,14,0,74.13163009038341,0
2026-02-26,48,1,32,12.71,0,20,0,41.45609327544529,0
2026-02-26,48,2,39,12.71,0,20,0,39.54795646850259,0
2026-02-26,48,3,29,12.71,0,20,0,81.17987323309329,0
2026-02-26,49,1,81,409.58,0,8,0,184.93597268051334,0
2026-02-26,49,2,85,409.58,0,8,0,66.27648538426438,0
2026-02-26,49,3,61,409.58,0,8,0,123.98042390363857,0
2026-02-26,50,1,70,356.36,0,18,0,200.7477780370472,0
2026-02-26,50,2,67,356.36,0,18,0,129.8256562381532,0
2026-02-26,50,3,68,356.36,0,18,0,169.01411530375518,0
2026-02-27,1,1,68,394.74,0,4,0,75.59756428712396,0
2026-02-27,1,2,75,394.74,0,4,0,203.43434135232584,0
2026-02-27,1,3,72,394.74,0,4,0,37.86868319445831,0
2026-02-27,2,1,49,107.84,0,4,0,31.13928303807776,0
2026-02-27,2,2,38,107.84,0,4,0,29.84481087892491,0
2026-02-27,2,3,42,107.84,0,4,0,106.52061518168192,0
2026-02-27,3,1,57,261.97,0,2,0,147.6303859298618,0
2026-02-27,3,2,48,261.97,0,2,0,30.895995562460467,0
2026-02-27,3,3,55,261.97,0,2,0,41.06409650033263,0
2026-02-27,4,1,57,300.28,0,28,0,107.65700792923941,0
2026-02-27,4,2,61,300.28,0,28,0,122.46889237589714,0
2026-02-27,4,3,62,300.28,0,28,0,107.55215861081551,0
2026-02-27,5,1,36,32.76,0,6,0,94.43718814245443,0
2026-02-27,5,2,33,32.76,0,6,0,52.4557368511352,0
2026-02-27,5,3,37,32.76,0,6,0,87.27854333363584,0
2026-02-27,6,1,67,307.7,0,11,0,81.23795726679748,0
2026-02-27,6,2,69,307.7,0,11,0,163.5888077763545,0
2026-02-27,6,3,66,307.7,0,11,0,121.80937926698395,0
2026-02-27,7,1,46,93.56,0,8,0,28.92939803565147,0
2026-02-27,7,2,38,93.56,0,8,0,86.70246130313403,0
2026-02-27,7,3,36,93.56,0,8,0,35.3210773576999,0
2026-02-27,8,1,32,41.88,0,27,0,50.286875691348754,0
2026-02-27,8,2,32,41.88,0,27,0,58.67146553207603,0
2026-02-27,8,3,31,41.88,0,27,0,24.14893069350016,0
2026-02-27,9,1,84,474.95,0,10,0,147.4737924375997,0
2026-02-27,9,2,88,474.95,0,10,0,168.0898875634096,1
2026-02-27,9,3,85,474.95,0,10,0,179.51977302651008,0
2026-02-27,10,1,80,483.16,0,29,0,189.87613200527022,0
2026-02-27,10,2,83,483.16,0,29,0,106.268492607669,0
2026-02-27,10,3,78,483.16,0,29,0,229.15794567586744,0
2026-02-27,11,1,65,406.11,0,8,0,89.0516334246899,0
2026-02-27,11,2,72,406.11,0,8,0,141.51426386326668,0
2026-02-27,11,3,65,406.11,0,8,0,148.6416042641001,0
2026-02-27,12,1,41,159.26,0,10,0,54.94748370065546,0
2026-02-27,12,2,59,159.26,0,10,0,89.64208424898445,0
2026-02-27,12,3,51,159.26,0,10,0,138.42359069010814,0
2026-02-27,13,1,36,57.86,0,9,0,66.16514736175937,1
2026-02-27,13,2,36,57.86,0,9,0,75.637076797326,0
2026-02-27,13,3,40,57.86,0,9,0,60.08092883412826,0
2026-02-27,14,1,67,345.27,0,13,0,161.41999890398478,0
2026-02-27,14,2,54,345.27,0,13,0,105.00192826728163,0
2026-02-27,14,3,65,345.27,0,13,0,48.76997878303772,0
2026-02-27,15,1,57,225.67,0,3,0,155.92476494985394,0
2026-02-27,15,2,47,225.67,0,3,0,45.75445929872938,0
2026-02-27,15,3,59,225.67,0,3,0,91.61140691233439,0
2026-02-27,16,1,84,69.8,1,2,0,59.23445747469563,0
2026-02-27,16,2,45,69.8,0,2,0,122.44640586972538,0
2026-02-27,16,3,36,69.8,0,2,0,51.453999521408655,0
2026-02-27,17,1,63,252.64,0,17,0,120.99188858562835,0
2026-02-27,17,2,60,252.64,0,17,0,138.20788186635534,0
2026-02-27,17,3,55,252.64,0,17,0,56.22233736163757,0
2026-02-27,18,1,26,26.85,0,24,0,15.410725086979506,0
2026-02-27,18,2,28,26.85,0,24,0,29.920547238033432,0
2026-02-27,18,3,24,26.85,0,24,0,48.83625274162638,0
2026-02-27,19,1,76,455.57,0,24,0,158.81074914481812,0
2026-02-27,19,2,84,455.57,0,24,0,231.0428449572645,0
2026-02-27,19,3,67,455.57,0,24,0,164.64887308132734,0
2026-02-27,20,1,41,136.8,0,25,0,111.97713868937079,0
2026-02-27,20,2,48,136.8,0,25,0,135.88245531899847,0
2026-02-27,20,3,48,136.8,0,25,0,106.90499322855783,0
2026-02-27,21,1,60,334.64,0,6,0,137.7834076106366,0
2026-02-27,21,2,63,334.64,0,6,0,32.538802813584354,0
2026-02-27,21,3,68,334.64,0,6,0,197.94404311658099,0
2026-02-27,22,1,46,162.74,0,4,0,30.26320264593218,0
2026-02-27,22,2,52,162.74,0,4,0,75.05604980768298,0
2026-02-27,22,3,54,162.74,0,4,0,37.94276606625106,0
2026-02-27,23,1,48,264.83,0,13,0,108.7619712711842,0
2026-02-27,23,2,59,264.83,0,13,0,46.17455760257512,1
2026-02-27,23,3,70,264.83,0,13,0,113.50694846028986,0
2026-02-27,24,1,63,277.89,0,9,0,120.5635863001204,0
2026-02-27,24,2,56,277.89,0,9,0,31.83864815626631,0
2026-02-27,24,3,66,277.89,0,9,0,51.26266398585518,0
2026-02-27,25,1,37,100.58,0,23,0,88.20331460561682,0
2026-02-27,25,2,40,100.58,0,23,0,110.35609425685026,0
2026-02-27,25,3,43,100.58,0,23,0,93.47369600809189,0
2026-02-27,26,1,73,485.1,0,28,0,176.62353163606676,0
2026-02-27,26,2,84,485.1,0,35,7,59.672092346563,0
2026-02-27,26,3,85,485.1,0,28,0,208.99369004091994,0
2026-02-27,27,1,67,389.82,0,4,0,117.91533668005577,0
2026-02-27,27,2,68,389.82,0,4,0,177.6992401687239,0
2026-02-27,27,3,73,389.82,0,4,0,106.75477006623802,0
2026-02-27,28,1,69,470.35,0,2,0,133.74989365702163,0
2026-02-27,28,2,81,470.35,0,2,0,224.98042383054994,0
2026-02-27,28,3,77,470.35,0,2,0,135.784329079603,0
2026-02-27,29,1,84,448.47,0,4,0,175.15466219719198,0
2026-02-27,29,2,71,448.47,0,4,0,174.72005820370873,0
2026-02-27,29,3,73,448.47,0,4,0,75.37315369240967,0
2026-02-27,30,1,69,302.97,0,6,0,206.0518657035032,0
2026-02-27,30,2,65,302.97,0,6,0,85.14774297348957,0
2026-02-27,30,3,64,302.97,0,6,0,132.85511869042668,0
2026-02-27,31,1,74,461.72,0,16,0,55.909563629973974,0
2026-02-27,31,2,85,461.72,0,16,0,187.52051451711435,0
2026-02-27,31,3,162,461.72,1,16,0,459.2697529879228,1
2026-02-27,32,1,35,53.36,0,15,0,86.49009827123894,0
2026-02-27,32,2,30,53.36,0,15,0,42.06701533556912,0
2026-02-27,32,3,34,53.36,0,15,0,84.14345169856591,0
2026-02-27,33,1,44,106.03,0,4,0,23.01283887898338,0
2026-02-27,33,2,45,106.03,0,4,0,74.5617448249065,0
2026-02-27,33,3,44,106.03,0,4,0,122.96463551058334,0
2026-02-27,34,1,33,32.16,0,2,0,24.9466974226081,0
2026-02-27,34,2,40,32.16,0,2,0,114.89958882203034,0
2026-02-27,34,3,33,32.16,0,2,0,21.068744868875086,0
2026-02-27,35,1,50,169.41,0,6,0,40.50116352814715,0
2026-02-27,35,2,52,169.41,0,6,0,121.17611185978446,0
2026-02-27,35,3,50,169.41,0,6,0,96.21467416232451,0
2026-02-27,36,1,57,200.45,0,27,0,152.87342503053887,0
2026-02-27,36,2,59,200.45,0,27,0,43.04152044873043,0
2026-02-27,36,3,47,200.45,0,27,0,97.71876483232502,0
2026-02-27,37,1,60,142.96,0,24,0,124.67717200449134,0
2026-02-27,37,2,48,142.96,0,24,0,94.9164865171462,0
2026-02-27,37,3,47,142.96,0,24,0,72.09317454609076,0
2026-02-27,38,1,80,416.08,0,15,0,45.55666299344897,0
2026-02-27,38,2,74,416.08,0,15,0,58.01859735237288,0
2026-02-27,38,3,71,416.08,0,15,0,104.74073631383492,0
2026-02-27,39,1,54,184.81,0,8,0,82.03763248176338,0
2026-02-27,39,2,60,184.81,0,8,0,116.86275699464365,0
2026-02-27,39,3,47,184.81,0,8,0,71.21575143993678,0
2026-02-27,40,1,41,147.66,0,28,0,51.5027181058858,0
2026-02-27,40,2,56,147.66,0,28,0,56.62646131282443,0
2026-02-27,40,3,44,147.66,0,28,0,31.058591705489132,0
2026-02-27,41,1,65,275.92,0,10,0,138.28753653602752,0
2026-02-27,41,2,65,275.92,0,10,0,158.38519180619593,0
2026-02-27,41,3,64,275.92,0,10,0,173.73282793683325,0
2026-02-27,42,1,47,79.05,0,16,0,69.85204825976264,1
2026-02-27,42,2,33,79.05,0,16,0,70.82174573927286,0
2026-02-27,42,3,43,79.05,0,16,0,67.448654132968,0
2026-02-27,43,1,65,403.08,0,16,0,86.90126918142224,0
2026-02-27,43,2,141,403.08,1,16,0,341.4061393867115,0
2026-02-27,43,3,73,403.08,0,16,0,166.38443783068703,0
2026-02-27,44,1,30,46.53,0,27,0,61.49856471862697,0
2026-02-27,44,2,39,46.53,0,27,0,68.94636403526395,0
2026-02-27,44,3,39,46.53,0,27,0,69.77107594909272,0
2026-02-27,45,1,74,493.57,0,11,0,212.96243607200688,0
2026-02-27,45,2,82,493.57,0,11,0,181.64507527318796,0
2026-02-27,45,3,76,493.57,0,11,0,127.4327445436497,1
2026-02-27,46,1,67,388.4,0,29,0,102.56693924526496,0
2026-02-27,46,2,140,388.4,1,29,0,407.29270872948604,0
2026-02-27,46,3,76,388.4,0,29,0,224.77461761797306,0
2026-02-27,47,1,45,107.37,0,14,0,69.06628299534226,0
2026-02-27,47,2,43,107.37,0,16,2,90.09060171274105,0
2026-02-27,47,3,42,107.37,0,14,0,60.96964302775485,0
2026-02-27,48,1,34,12.71,0,20,0,93.0394621510468,0
2026-02-27,48,2,33,12.71,0,20,0,66.06861496895371,0
2026-02-27,48,3,33,12.71,0,20,0,44.309030121962,0
2026-02-27,49,1,67,409.58,0,8,0,95.22855171809717,0
2026-02-27,49,2,77,409.58,0,8,0,159.53249728936848,0
2026-02-27,49,3,73,409.58,0,8,0,65.44085273004893,0
2026-02-27,50,1,70,356.36,0,18,0,48.539122467768046,0
2026-02-27,50,2,78,356.36,0,18,0,152.84430661648128,0
2026-02-27,50,3,73,356.36,0,18,0,85.73144332345936,0
2026-02-28,1,1,78,394.74,0,12,8,61.443523029812766,0
2026-02-28,1,2,69,394.74,0,4,0,199.3102023060753,0
2026-02-28,1,3,71,394.74,0,4,0,178.08716951416076,0
2026-02-28,2,1,99,107.84,1,4,0,77.99955351356316,0
2026-02-28,2,2,61,107.84,0,4,0,58.95423770866354,0
2026-02-28,2,3,42,107.84,0,4,0,61.52218467336456,0
2026-02-28,3,1,63,261.97,0,2,0,176.0138705569803,0
2026-02-28,3,2,67,261.97,0,2,0,113.46534779628925,0
2026-02-28,3,3,72,261.97,0,2,0,51.190853942138595,0
2026-02-28,4,1,64,300.28,0,28,0,62.66829701538545,0
2026-02-28,4,2,69,300.28,0,28,0,59.164295539534756,0
2026-02-28,4,3,74,300.28,0,28,0,150.24150331958433,0
2026-02-28,5,1,34,32.76,0,6,0,71.07286967509944,0
2026-02-28,5,2,44,32.76,0,6,0,102.67061744527662,0
2026-02-28,5,3,44,32.76,0,6,0,128.78832872603957,0
2026-02-28,6,1,67,307.7,0,11,0,147.8429405932063,0
2026-02-28,6,2,68,307.7,0,11,0,91.7614825809756,0
2026-02-28,6,3,73,307.7,0,11,0,90.31381721254135,0
2026-02-28,7,1,49,93.56,0,8,0,52.76951419684599,0
2026-02-28,7,2,52,93.56,0,8,0,91.29263746348053,0
2026-02-28,7,3,45,93.56,0,8,0,47.01880135142259,0
2026-02-28,8,1,38,41.88,0,27,0,45.14047597363765,0
2026-02-28,8,2,39,41.88,0,27,0,36.8474360246303,0
2026-02-28,8,3,95,41.88,1,27,0,168.0180270778459,0
2026-02-28,9,1,91,474.95,0,10,0,263.243657116347,0
2026-02-28,9,2,87,474.95,0,10,0,227.15604579256782,0
2026-02-28,9,3,86,474.95,0,10,0,95.99058068048292,0
2026-02-28,10,1,92,483.16,0,29,0,110.88898367278517,1
2026-02-28,10,2,84,483.16,0,29,0,95.84835436782663,1
2026-02-28,10,3,79,483.16,0,29,0,190.9365053613176,0
2026-02-28,11,1,84,406.11,0,8,0,201.52711287530738,0
2026-02-28,11,2,83,406.11,0,8,0,214.66736446145035,0
2026-02-28,11,3,77,406.11,0,8,0,45.138860388153674,0
2026-02-28,12,1,67,159.26,0,10,0,107.62098673043835,0
2026-02-28,12,2,56,159.26,0,10,0,70.96428813161121,0
2026-02-28,12,3,50,159.26,0,10,0,115.84208361753934,0
2026-02-28,13,1,48,57.86,0,9,0,56.26860915982692,0
2026-02-28,13,2,48,57.86,0,9,0,58.50733068008713,0
2026-02-28,13,3,48,57.86,0,16,7,82.19200880403501,0
2026-02-28,14,1,72,345.27,0,13,0,99.60331774524698,0
2026-02-28,14,2,63,345.27,0,13,0,180.60017959670066,0
2026-02-28,14,3,73,345.27,0,20,7,207.2704501380767,0
2026-02-28,15,1,62,225.67,0,5,2,133.28098880706412,0
2026-02-28,15,2,56,225.67,0,3,0,105.01291938180673,0
2026-02-28,15,3,70,225.67,0,3,0,109.47692037499776,0
2026-02-28,16,1,60,69.8,0,2,0,116.9862399070516,0
2026-02-28,16,2,48,69.8,0,2,0,40.063886600379725,0
2026-02-28,16,3,51,69.8,0,2,0,134.54345863499128,0
2026-02-28,17,1,67,252.64,0,17,0,75.3841882863391,0
2026-02-28,17,2,65,252.64,0,17,0,78.43670752154301,0
2026-02-28,17,3,65,252.64,0,17,0,59.95756258069842,1
2026-02-28,18,1,39,26.85,0,24,0,96.42222905503016,0
2026-02-28,18,2,42,26.85,0,24,0,117.40222799793882,0
2026-02-28,18,3,40,26.85,0,24,0,73.14749522316654,0
2026-02-28,19,1,80,455.57,0,24,0,160.7735555831013,0
2026-02-28,19,2,94,455.57,0,24,0,212.17329510411602,0
2026-02-28,19,3,76,455.57,0,24,0,182.1277469595907,0
2026-02-28,20,1,53,136.8,0,25,0,44.43318614277595,1
2026-02-28,20,2,48,136.8,0,25,0,51.895840446660245,0
2026-02-28,20,3,51,136.8,0,25,0,91.7194808946529,0
2026-02-28,21,1,70,334.64,0,6,0,141.70356255816355,1
2026-02-28,21,2,66,334.64,0,6,0,139.4422660381003,0
2026-02-28,21,3,69,334.64,0,6,0,182.36020105725962,0
2026-02-28,22,1,60,162.74,0,4,0,134.32821171175848,0
2026-02-28,22,2,56,162.74,0,4,0,119.68075805546758,0
2026-02-28,22,3,44,162.74,0,4,0,105.8059904269046,0
2026-02-28,23,1,65,264.83,0,13,0,129.5744924314689,0
2026-02-28,23,2,69,264.83,0,13,0,60.085968980450076,0
2026-02-28,23,3,63,264.83,0,13,0,84.95877169436241,0
2026-02-28,24,1,62,277.89,0,9,0,119.48720660665388,0
2026-02-28,24,2,68,277.89,0,9,0,188.1312789453,0
2026-02-28,24,3,60,277.89,0,18,9,42.90683477613038,0
2026-02-28,25,1,44,100.58,0,23,0,112.44245659336822,0
2026-02-28,25,2,56,100.58,0,23,0,106.34128974113851,0
2026-02-28,25,3,45,100.58,0,23,0,49.46217756124145,0
2026-02-28,26,1,88,485.1,0,28,0,50.342018137948486,0
2026-02-28,26,2,88,485.1,0,28,0,239.2129224686963,0
2026-02-28,26,3,86,485.1,0,28,0,256.621978423374,0
2026-02-28,27,1,81,389.82,0,4,0,159.5502702614373,0
2026-02-28,27,2,75,389.82,0,4,0,185.9458497694455,0
2026-02-28,27,3,70,389.82,0,4,0,42.78233907008152,0
2026-02-28,28,1,84,470.35,0,2,0,89.20071921861496,0
2026-02-28,28,2,80,470.35,0,2,0,174.41254284224624,0
2026-02-28,28,3,90,470.35,0,2,0,190.17975203251547,0
2026-02-28,29,1,74,448.47,0,4,0,210.9914981137251,0
2026-02-28,29,2,86,448.47,0,4,0,208.5026881123524,0
2026-02-28,29,3,80,448.47,0,4,0,71.79524951417598,0
2026-02-28,30,1,66,302.97,0,6,0,168.02250636558486,0
2026-02-28,30,2,63,302.97,0,6,0,70.96727220587887,0
2026-02-28,30,3,64,302.97,0,6,0,35.59697597898382,0
2026-02-28,31,1,83,461.72,0,16,0,181.50129646050326,0
2026-02-28,31,2,85,461.72,0,16,0,209.74216510936404,0
2026-02-28,31,3,82,461.72,0,16,0,178.78067726826677,0
2026-02-28,32,1,44,53.36,0,15,0,27.650027070258012,0
2026-02-28,32,2,43,53.36,0,15,0,61.581311435790965,0
2026-02-28,32,3,41,53.36,0,15,0,41.371425535034284,0
2026-02-28,33,1,94,106.03,1,7,3,207.9530366558116,0
2026-02-28,33,2,54,106.03,0,4,0,146.4900297695512,0
2026-02-28,33,3,51,106.03,0,7,3,107.06146694085874,0
2026-02-28,34,1,47,32.16,0,2,0,33.260426198790825,0
2026-02-28,34,2,47,32.16,0,2,0,32.381879142747096,0
2026-02-28,34,3,34,32.16,0,2,0,57.5083836548658,0
2026-02-28,35,1,58,169.41,0,6,0,122.57501635902685,0
2026-02-28,35,2,55,169.41,0,6,0,109.41318608443261,0
2026-02-28,35,3,49,169.41,0,6,0,113.22074225259013,0
2026-02-28,36,1,52,200.45,0,27,0,155.99440406794014,0
2026-02-28,36,2,60,200.45,0,27,0,52.72333889859137,0
2026-02-28,36,3,60,200.45,0,27,0,176.3114862084891,0
2026-02-28,37,1,59,142.96,0,24,0,45.40052078211975,0
2026-02-28,37,2,47,142.96,0,24,0,68.82107830232418,0
2026-02-28,37,3,54,142.96,0,24,0,29.183554461986567,0
2026-02-28,38,1,80,416.08,0,15,0,123.54962386362868,0
2026-02-28,38,2,77,416.08,0,15,0,158.03747224603407,0
2026-02-28,38,3,81,416.08,0,15,0,189.48180355193918,0
2026-02-28,39,1,55,184.81,0,8,0,158.22459221585308,0
2026-02-28,39,2,63,184.81,0,8,0,111.20749718619348,0
2026-02-28,39,3,65,184.81,0,8,0,110.02636046395047,0
2026-02-28,40,1,51,147.66,0,28,0,34.66586862239847,0
2026-02-28,40,2,50,147.66,0,28,0,124.72478578582167,0
2026-02-28,40,3,53,147.66,0,28,0,50.734138049849186,0
2026-02-28,41,1,66,275.92,0,10,0,56.97412869124775,0
2026-02-28,41,2,75,275.92,0,10,0,159.01531212879902,0
2026-02-28,41,3,72,275.92,0,10,0,118.81417522820854,0
2026-02-28,42,1,42,79.05,0,16,0,55.82253605935819,0
2026-02-28,42,2,43,79.05,0,16,0,121.3925470227206,0
2026-02-28,42,3,35,79.05,0,16,0,44.65675127140456,0
2026-02-28,43,1,78,403.08,0,16,0,43.705284979228026,0
2026-02-28,43,2,74,403.08,0,16,0,130.64825571001086,0
2026-02-28,43,3,81,403.08,0,16,0,79.54380688445433,0
2026-02-28,44,1,52,46.53,0,27,0,134.52808604237018,0
2026-02-28,44,2,37,46.53,0,27,0,84.63360168389602,0
2026-02-28,44,3,46,46.53,0,27,0,119.12365318792331,1
2026-02-28,45,1,81,493.57,0,11,0,98.20860790550327,0
2026-02-28,45,2,89,493.57,0,20,9,229.5389492014682,0
2026-02-28,45,3,89,493.57,0,11,0,117.42495470028754,0
2026-02-28,46,1,77,388.4,0,29,0,69.46787785547386,0
2026-02-28,46,2,83,388.4,0,29,0,123.39420190172947,0
2026-02-28,46,3,68,388.4,0,29,0,177.18666211123457,0
2026-02-28,47,1,44,107.37,0,14,0,40.27416117023322,0
2026-02-28,47,2,44,107.37,0,14,0,50.71579696179977,0
2026-02-28,47,3,41,107.37,0,14,0,39.27373717248111,0
2026-02-28,48,1,42,12.71,0,20,0,79.81184878806675,0
2026-02-28,48,2,43,12.71,0,20,0,106.28026849398059,0
2026-02-28,48,3,37,12.71,0,20,0,105.50009302523235,1
2026-02-28,49,1,78,409.58,0,8,0,151.40985315436922,0
2026-02-28,49,2,82,409.58,0,8,0,117.2160483821371,0
2026-02-28,49,3,75,409.58,0,8,0,60.02985682859872,0
2026-02-28,50,1,74,356.36,0,20,2,127.40459577455906,0
2026-02-28,50,2,73,356.36,0,18,0,178.05740464022392,0
2026-02-28,50,3,68,356.36,0,18,0,51.96234418387028,0
2026-03-01,1,1,78,394.74,0,4,0,74.57111120119139,1
2026-03-01,1,2,73,394.74,0,4,0,182.91188937517379,0
2026-03-01,1,3,86,394.74,0,4,0,57.90133892838987,0
2026-03-01,2,1,46,107.84,0,4,0,94.83682130127858,0
2026-03-01,2,2,47,107.84,0,4,0,96.88236098348128,0
2026-03-01,2,3,101,107.84,1,4,0,279.8554261263628,0
2026-03-01,3,1,61,261.97,0,2,0,139.89208381411171,0
2026-03-01,3,2,65,261.97,0,2,0,134.5254653818092,0
2026-03-01,3,3,65,261.97,0,2,0,152.63404090613585,0
2026-03-01,4,1,66,300.28,0,28,0,35.9863963947718,0
2026-03-01,4,2,64,300.28,0,28,0,186.15459895407113,0
2026-03-01,4,3,71,300.28,0,28,0,181.31212709843984,0
2026-03-01,5,1,38,32.76,0,6,0,88.32226302211535,0
2026-03-01,5,2,40,32.76,0,6,0,52.07258383273683,0
2026-03-01,5,3,45,32.76,0,6,0,50.82448883123605,0
2026-03-01,6,1,72,307.7,0,11,0,212.78005295309637,0
2026-03-01,6,2,77,307.7,0,11,0,184.09352087291828,0
2026-03-01,6,3,69,307.7,0,11,0,41.49998339864749,0
2026-03-01,7,1,41,93.56,0,8,0,96.45589297625453,0
2026-03-01,7,2,44,93.56,0,8,0,87.08184763666685,0
2026-03-01,7,3,43,93.56,0,8,0,114.13703952226162,0
2026-03-01,8,1,43,41.88,0,27,0,104.92564364022714,0
2026-03-01,8,2,40,41.88,0,27,0,20.052784368583232,0
2026-03-01,8,3,40,41.88,0,27,0,20.239009059550533,0
2026-03-01,9,1,90,474.95,0,10,0,66.5636015396819,0
2026-03-01,9,2,84,474.95,0,15,5,96.53768461397149,0
2026-03-01,9,3,81,474.95,0,10,0,59.472796292756,0
2026-03-01,10,1,92,483.16,0,29,0,172.4393609131393,0
2026-03-01,10,2,82,483.16,0,29,0,44.93078095702582,0
2026-03-01,10,3,85,483.16,0,29,0,199.46352722225038,0
2026-03-01,11,1,80,406.11,0,8,0,88.43211286400567,0
2026-03-01,11,2,79,406.11,0,8,0,140.3144709808137,0
2026-03-01,11,3,77,406.11,0,8,0,210.31950079389696,0
2026-03-01,12,1,46,159.26,0,10,0,62.01447191945926,0
2026-03-01,12,2,53,159.26,0,10,0,116.8169064354364,0
2026-03-01,12,3,57,159.26,0,10,0,152.15851246170703,0
2026-03-01,13,1,43,57.86,0,9,0,98.69167890286325,1
2026-03-01,13,2,41,57.86,0,9,0,86.41742415468924,0
2026-03-01,13,3,49,57.86,0,9,0,91.12256943651782,0
2026-03-01,14,1,62,345.27,0,13,0,182.87036429822712,0
2026-03-01,14,2,79,345.27,0,13,0,120.58273301936973,0
2026-03-01,14,3,68,345.27,0,13,0,119.80759031518711,1
2026-03-01,15,1,62,225.67,0,3,0,77.40847139445911,0
2026-03-01,15,2,56,225.67,0,3,0,47.400622187376115,0
2026-03-01,15,3,58,225.67,0,3,0,166.62969826586075,0
2026-03-01,16,1,40,69.8,0,2,0,92.06733658567526,0
2026-03-01,16,2,42,69.8,0,2,0,44.61313601635329,0
2026-03-01,16,3,46,69.8,0,2,0,71.51980089429718,0
2026-03-01,17,1,56,252.64,0,17,0,118.67340753727696,0
2026-03-01,17,2,66,252.64,0,17,0,158.40432226437935,0
2026-03-01,17,3,61,252.64,0,17,0,154.46014958379897,0
2026-03-01,18,1,42,26.85,0,24,0,64.78390590879422,0
2026-03-01,18,2,39,26.85,0,24,0,53.696153957536644,0
2026-03-01,18,3,38,26.85,0,24,0,71.10847550121315,0
2026-03-01,19,1,81,455.57,0,24,0,229.68091655897032,0
2026-03-01,19,2,83,455.57,0,24,0,212.2555660150872,0
2026-03-01,19,3,85,455.57,0,24,0,127.52210734759808,0
2026-03-01,20,1,54,136.8,0,25,0,160.81406477439108,0
2026-03-01,20,2,52,136.8,0,25,0,46.96713339107597,0
2026-03-01,20,3,50,136.8,0,25,0,51.30302628213934,0
2026-03-01,21,1,69,334.64,0,6,0,48.47266376841873,0
2026-03-01,21,2,73,334.64,0,6,0,137.39934436264502,0
2026-03-01,21,3,61,334.64,0,13,7,119.17521711517062,0
2026-03-01,22,1,59,162.74,0,4,0,109.07705863092409,0
2026-03-01,22,2,54,162.74,0,6,2,49.004231561268,0
2026-03-01,22,3,59,162.74,0,10,6,66.75987496629101,0
2026-03-01,23,1,64,264.83,0,13,0,120.30919670485542,0
2026-03-01,23,2,72,264.83,0,13,0,86.45033137471307,0
2026-03-01,23,3,61,264.83,0,13,0,108.29745840018703,0
2026-03-01,24,1,63,277.89,0,15,6,147.06970555010207,1
2026-03-01,24,2,63,277.89,0,9,0,167.91381022970396,0
2026-03-01,24,3,64,277.89,0,9,0,48.12185513014195,1
2026-03-01,25,1,53,100.58,0,23,0,98.24568288892648,0
2026-03-01,25,2,55,100.58,0,23,0,163.09950196552174,0
2026-03-01,25,3,56,100.58,0,23,0,85.17582966581428,0
2026-03-01,26,1,88,485.1,0,28,0,96.95924378112731,0
2026-03-01,26,2,85,485.1,0,28,0,236.95430254497344,0
2026-03-01,26,3,88,485.1,0,28,0,187.6842744155042,0
2026-03-01,27,1,75,389.82,0,4,0,52.17955333842839,0
2026-03-01,27,2,77,389.82,0,4,0,161.97671238518356,0
2026-03-01,27,3,72,389.82,0,4,0,74.62696918169318,0
2026-03-01,28,1,87,470.35,0,2,0,53.54949998889528,0
2026-03-01,28,2,89,470.35,0,2,0,242.4525609852297,0
2026-03-01,28,3,80,470.35,0,2,0,168.1056962793187,0
2026-03-01,29,1,78,448.47,0,4,0,136.424216944518,0
2026-03-01,29,2,77,448.47,0,4,0,185.07391941313966,0
2026-03-01,29,3,78,448.47,0,9,5,155.91707489359806,0
2026-03-01,30,1,74,302.97,0,6,0,51.80764929514565,0
2026-03-01,30,2,71,302.97,0,6,0,176.84834918897633,0
2026-03-01,30,3,67,302.97,0,6,0,71.53146582907311,0
2026-03-01,31,1,84,461.72,0,16,0,169.77258451046492,0
2026-03-01,31,2,81,461.72,0,16,0,69.61247499933344,0
2026-03-01,31,3,89,461.72,0,16,0,62.769098511056,0
2026-03-01,32,1,40,53.36,0,15,0,92.16610089254542,0
2026-03-01,32,2,49,53.36,0,15,0,32.17672254041254,1
2026-03-01,32,3,46,53.36,0,15,0,68.17300736617952,1
2026-03-01,33,1,48,106.03,0,4,0,87.00299729108337,0
2026-03-01,33,2,57,106.03,0,4,0,60.273209046105706,0
2026-03-01,33,3,55,106.03,0,4,0,95.81651031258656,0
2026-03-01,34,1,40,32.16,0,2,0,57.359651891369836,0
2026-03-01,34,2,48,32.16,0,2,0,59.207627383524716,0
2026-03-01,34,3,49,32.16,0,2,0,47.98509259018894,0
2026-03-01,35,1,60,169.41,0,6,0,135.45485871385478,0
2026-03-01,35,2,58,169.41,0,14,8,164.7954274123641,0
2026-03-01,35,3,53,169.41,0,6,0,30.844544498078154,0
2026-03-01,36,1,58,200.45,0,27,0,53.93931179733498,0
2026-03-01,36,2,52,200.45,0,27,0,69.9941212039246,0
2026-03-01,36,3,63,200.45,0,27,0,109.24048571138762,0
2026-03-01,37,1,54,142.96,0,24,0,99.48468592014439,0
2026-03-01,37,2,56,142.96,0,24,0,150.75451164512094,0
2026-03-01,37,3,60,142.96,0,24,0,154.15413555167194,0
2026-03-01,38,1,64,416.08,0,15,0,182.24483917162215,0
2026-03-01,38,2,77,416.08,0,15,0,167.96850967174723,0
2026-03-01,38,3,73,416.08,0,15,0,48.153100643314275,0
2026-03-01,39,1,56,184.81,0,8,0,70.83477474386034,0
2026-03-01,39,2,52,184.81,0,8,0,94.72034645956322,0
2026-03-01,39,3,48,184.81,0,8,0,72.36352999900777,0
2026-03-01,40,1,53,147.66,0,28,0,156.93997033232364,0
2026-03-01,40,2,45,147.66,0,28,0,44.22473615498946,0
2026-03-01,40,3,54,147.66,0,28,0,48.50922842183608,0
2026-03-01,41,1,67,275.92,0,10,0,136.96492925584167,0
2026-03-01,41,2,73,275.92,0,10,0,182.57678521013358,0
2026-03-01,41,3,71,275.92,0,10,0,146.98039422757768,0
2026-03-01,42,1,44,79.05,0,16,0,54.13810278054298,0
2026-03-01,42,2,46,79.05,0,16,0,93.94583775191263,0
2026-03-01,42,3,51,79.05,0,16,0,92.5991366724877,0
2026-03-01,43,1,80,403.08,0,16,0,69.78555785096005,1
2026-03-01,43,2,83,403.08,0,16,0,221.45260897163288,0
2026-03-01,43,3,72,403.08,0,16,0,126.48991034409411,0
2026-03-01,44,1,40,46.53,0,27,0,85.23472874532641,0
2026-03-01,44,2,36,46.53,0,27,0,91.16634563079799,0
2026-03-01,44,3,40,46.53,0,27,0,117.76610235334306,0
2026-03-01,45,1,86,493.57,0,11,0,68.10380840315418,0
2026-03-01,45,2,89,493.57,0,11,0,182.0242411883425,0
2026-03-01,45,3,86,493.57,0,11,0,235.725187109687,0
2026-03-01,46,1,72,388.4,0,29,0,90.07364222584253,0
2026-03-01,46,2,65,388.4,0,29,0,41.37472199644876,0
2026-03-01,46,3,73,388.4,0,29,0,58.638049235415956,0
2026-03-01,47,1,45,107.37,0,14,0,68.72025252722563,0
2026-03-01,47,2,86,107.37,1,14,0,77.15375366475854,0
2026-03-01,47,3,55,107.37,0,14,0,137.05226247769752,0
2026-03-01,48,1,45,12.71,0,20,0,28.27299204687778,1
2026-03-01,48,2,36,12.71,0,20,0,59.958105234872534,0
2026-03-01,48,3,45,12.71,0,20,0,61.825574193434285,0
2026-03-01,49,1,81,409.58,0,8,0,193.20396456130095,0
2026-03-01,49,2,86,409.58,0,8,0,65.42021781468904,0
2026-03-01,49,3,84,409.58,0,8,0,55.33727137852502,0
2026-03-01,50,1,77,356.36,0,18,0,166.57614894392432,0
2026-03-01,50,2,70,356.36,0,18,0,135.14416805546563,0
2026-03-01,50,3,69,356.36,0,18,0,190.90979517782804,1
2026-03-02,1,1,71,394.74,0,4,0,120.4262493457807,0
2026-03-02,1,2,78,394.74,0,4,0,136.18510656790883,0
2026-03-02,1,3,68,394.74,0,4,0,180.95941742733407,0
2026-03-02,2,1,49,107.84,0,4,0,122.60457007017649,0
2026-03-02,2,2,42,107.84,0,4,0,37.53097665331903,0
2026-03-02,2,3,49,107.84,0,4,0,58.744987213089786,0
2026-03-02,3,1,59,261.97,0,2,0,166.8202692850414,1
2026-03-02,3,2,53,261.97,0,2,0,102.75979585573673,1
2026-03-02,3,3,44,261.97,0,2,0,99.07523304907919,0
2026-03-02,4,1,60,300.28,0,28,0,121.60766407983486,0
2026-03-02,4,2,63,300.28,0,28,0,166.23076526700646,0
2026-03-02,4,3,55,300.28,0,28,0,127.86715357718798,0
2026-03-02,5,1,33,32.76,0,6,0,64.20736945451412,0
2026-03-02,5,2,40,32.76,0,6,0,99.55966788413383,1
2026-03-02,5,3,33,32.76,0,6,0,43.72862523979752,1
2026-03-02,6,1,65,307.7,0,11,0,61.36217952959044,0
2026-03-02,6,2,62,307.7,0,11,0,112.87194046681363,0
2026-03-02,6,3,67,307.7,0,11,0,156.72740152170118,0
2026-03-02,7,1,39,93.56,0,8,0,83.14671386864522,0
2026-03-02,7,2,38,93.56,0,8,0,108.06651731596152,0
2026-03-02,7,3,37,93.56,0,8,0,108.35959630040172,0
2026-03-02,8,1,32,41.88,0,27,0,63.015118699766305,0
2026-03-02,8,2,29,41.88,0,27,0,83.72885947773756,0
2026-03-02,8,3,36,41.88,0,27,0,97.82571951529552,0
2026-03-02,9,1,72,474.95,0,10,0,152.4206692521474,0
2026-03-02,9,2,87,474.95,0,10,0,146.7002640244412,0
2026-03-02,9,3,82,474.95,0,10,0,82.47115865592191,0
2026-03-02,10,1,85,483.16,0,29,0,138.57301476359177,0
2026-03-02,10,2,81,483.16,0,29,0,104.86919928537677,0
2026-03-02,10,3,88,483.16,0,29,0,152.0396090304291,0
2026-03-02,11,1,68,406.11,0,8,0,74.96148070915694,0
2026-03-02,11,2,81,406.11,0,8,0,242.7054948838049,0
2026-03-02,11,3,68,406.11,0,8,0,90.77175825542925,0
2026-03-02,12,1,49,159.26,0,10,0,123.67003438437443,0
2026-03-02,12,2,45,159.26,0,10,0,57.80504055487984,0
2026-03-02,12,3,50,159.26,0,15,5,124.27183110249133,0
2026-03-02,13,1,37,57.86,0,9,0,105.88194059082518,0
2026-03-02,13,2,39,57.86,0,9,0,71.78717175355752,0
2026-03-02,13,3,43,57.86,0,9,0,115.1597753344752,0
2026-03-02,14,1,62,345.27,0,20,7,180.68397133837775,0
2026-03-02,14,2,69,345.27,0,13,0,160.8834906672046,0
2026-03-02,14,3,72,345.27,0,13,0,149.10569484919924,0
2026-03-02,15,1,60,225.67,0,3,0,179.49300262697875,0
2026-03-02,15,2,63,225.67,0,3,0,90.11624147729401,0
2026-03-02,15,3,57,225.67,0,3,0,90.61017264066511,0
2026-03-02,16,1,42,69.8,0,2,0,51.010768311807496,0
2026-03-02,16,2,37,69.8,0,2,0,52.118197932711446,0
2026-03-02,16,3,35,69.8,0,2,0,79.94440626571254,0
2026-03-02,17,1,56,252.64,0,17,0,45.75322321591493,0
2026-03-02,17,2,51,252.64,0,17,0,92.2516463624232,0
2026-03-02,17,3,65,252.64,0,17,0,83.71111436527478,0
2026-03-02,18,1,45,26.85,0,24,0,52.934274688565424,0
2026-03-02,18,2,42,26.85,0,24,0,58.17480468111394,0
2026-03-02,18,3,36,26.85,0,24,0,28.372605975005317,0
2026-03-02,19,1,85,455.57,0,24,0,252.20990897657725,0
2026-03-02,19,2,69,455.57,0,24,0,155.41617022244205,0
2026-03-02,19,3,79,455.57,0,24,0,41.25692271558105,0
2026-03-02,20,1,45,136.8,0,25,0,58.4427155529078,0
2026-03-02,20,2,39,136.8,0,25,0,69.73404216586555,0
2026-03-02,20,3,49,136.8,0,25,0,81.8340219625806,0
2026-03-02,21,1,69,334.64,0,6,0,176.64205314870856,0
2026-03-02,21,2,69,334.64,0,6,0,168.50054846422228,0
2026-03-02,21,3,70,334.64,0,6,0,84.41764032166753,0
2026-03-02,22,1,51,162.74,0,4,0,90.56343484905427,0
2026-03-02,22,2,53,162.74,0,4,0,143.83172023781066,0
2026-03-02,22,3,48,162.74,0,4,0,93.2794644367118,0
2026-03-02,23,1,54,264.83,0,13,0,119.35803126913032,0
2026-03-02,23,2,59,264.83,0,13,0,96.46393439098084,0
2026-03-02,23,3,62,264.83,0,13,0,167.52427300200134,0
2026-03-02,24,1,64,277.89,0,9,0,105.28212811515867,0
2026-03-02,24,2,61,277.89,0,9,0,90.9825335515584,0
2026-03-02,24,3,58,277.89,0,9,0,116.28396653028582,0
2026-03-02,25,1,36,100.58,0,25,2,70.3722283746322,0
2026-03-02,25,2,41,100.58,0,23,0,47.617521512932726,0
2026-03-02,25,3,34,100.58,0,23,0,97.76691983615999,0
2026-03-02,26,1,81,485.1,0,28,0,56.046354634783214,0
2026-03-02,26,2,77,485.1,0,28,0,138.2850004569657,0
2026-03-02,26,3,85,485.1,0,37,9,173.03982332587753,0
2026-03-02,27,1,72,389.82,0,4,0,130.87600825781286,0
2026-03-02,27,2,71,389.82,0,4,0,134.13058708087206,0
2026-03-02,27,3,70,389.82,0,4,0,119.02182765049407,0
2026-03-02,28,1,81,470.35,0,2,0,148.87367463231914,0
2026-03-02,28,2,77,470.35,0,2,0,219.5988249481483,1
2026-03-02,28,3,88,470.35,0,2,0,163.08394788444065,0
2026-03-02,29,1,71,448.47,0,4,0,166.23682242487163,0
2026-03-02,29,2,80,448.47,0,4,0,230.07520401891614,0
2026-03-02,29,3,81,448.47,0,4,0,190.88090018430123,0
2026-03-02,30,1,66,302.97,0,6,0,38.638446128546725,0
2026-03-02,30,2,66,302.97,0,6,0,129.7773934457549,0
2026-03-02,30,3,61,302.97,0,6,0,73.60363802102327,0
2026-03-02,31,1,78,461.72,0,16,0,224.32116418698703,0
2026-03-02,31,2,77,461.72,0,16,0,149.8970365262531,0
2026-03-02,31,3,81,461.72,0,16,0,74.88037235631134,0
2026-03-02,32,1,36,53.36,0,15,0,38.131415206269104,0
2026-03-02,32,2,40,53.36,0,15,0,47.96940528203088,0
2026-03-02,32,3,50,53.36,0,15,0,68.73202155052118,0
2026-03-02,33,1,46,106.03,0,9,5,28.485603972822357,1
2026-03-02,33,2,50,106.03,0,4,0,134.0269449047102,0
2026-03-02,33,3,46,106.03,0,4,0,105.56571887107171,0
2026-03-02,34,1,40,32.16,0,2,0,96.59006289859445,0
2026-03-02,34,2,39,32.16,0,2,0,99.67003103757592,0
2026-03-02,34,3,36,32.16,0,2,0,22.945393328413132,0
2026-03-02,35,1,52,169.41,0,6,0,55.73108614079375,0
2026-03-02,35,2,48,169.41,0,6,0,40.321515801840754,0
2026-03-02,35,3,51,169.41,0,6,0,128.4447845336882,0
2026-03-02,36,1,48,200.45,0,27,0,61.90422176276152,0
2026-03-02,36,2,52,200.45,0,27,0,87.94438760533936,1
2026-03-02,36,3,46,200.45,0,27,0,108.24039439246894,0
2026-03-02,37,1,46,142.96,0,24,0,33.73863917266561,1
2026-03-02,37,2,38,142.96,0,24,0,63.29942505125882,0
2026-03-02,37,3,94,142.96,1,24,0,222.99927410980675,0
2026-03-02,38,1,80,416.08,0,15,0,53.655606903207484,0
2026-03-02,38,2,70,416.08,0,15,0,63.170682866307104,1
2026-03-02,38,3,66,416.08,0,15,0,70.80177251727767,1
2026-03-02,39,1,42,184.81,0,8,0,38.24744706134536,0
2026-03-02,39,2,45,184.81,0,8,0,131.9526435110147,0
2026-03-02,39,3,48,184.81,0,8,0,127.63596080218724,0
2026-03-02,40,1,46,147.66,0,28,0,120.15138035620025,0
2026-03-02,40,2,45,147.66,0,28,0,51.41608007340898,0
2026-03-02,40,3,44,147.66,0,28,0,78.00793041134533,1
2026-03-02,41,1,55,275.92,0,10,0,46.71940022509476,0
2026-03-02,41,2,54,275.92,0,10,0,111.1246440497893,0
2026-03-02,41,3,59,275.92,0,10,0,38.71749090553904,0
2026-03-02,42,1,38,79.05,0,16,0,37.35986772819621,0
2026-03-02,42,2,36,79.05,0,16,0,44.814625481494275,0
2026-03-02,42,3,37,79.05,0,16,0,83.40104870409887,0
2026-03-02,43,1,67,403.08,0,16,0,109.37987288133894,0
2026-03-02,43,2,80,403.08,0,16,0,73.58006547883986,0
2026-03-02,43,3,67,403.08,0,16,0,180.67634435387887,0
2026-03-02,44,1,39,46.53,0,27,0,52.13228529315406,0
2026-03-02,44,2,31,46.53,0,27,0,58.35811392754274,0
2026-03-02,44,3,30,46.53,0,27,0,51.826466143496255,0
2026-03-02,45,1,80,493.57,0,11,0,54.6394287821018,0
2026-03-02,45,2,87,493.57,0,11,0,94.6327837753756,0
2026-03-02,45,3,88,493.57,0,11,0,51.56222390817954,0
2026-03-02,46,1,73,388.4,0,29,0,114.00636115465998,0
2026-03-02,46,2,69,388.4,0,29,0,106.48850233800286,0
2026-03-02,46,3,78,388.4,0,29,0,211.9969262602973,0
2026-03-02,47,1,56,107.37,0,14,0,127.72341730836422,0
2026-03-02,47,2,38,107.37,0,14,0,23.523166016575143,0
2026-03-02,47,3,40,107.37,0,14,0,57.961603624996215,0
2026-03-02,48,1,33,12.71,0,20,0,97.21192060234998,0
2026-03-02,48,2,24,12.71,0,20,0,56.42750159199811,0
2026-03-02,48,3,39,12.71,0,20,0,39.698960236043746,0
2026-03-02,49,1,73,409.58,0,8,0,145.78829554835718,0
2026-03-02,49,2,78,409.58,0,10,2,206.82240265790358,0
2026-03-02,49,3,65,409.58,0,8,0,65.20482874030883,0
2026-03-02,50,1,70,356.36,0,18,0,180.07344377817557,0
2026-03-02,50,2,78,356.36,0,18,0,93.52433858017692,0
2026-03-02,50,3,73,356.36,0,18,0,164.80087280370998,1
2026-03-03,1,1,67,394.74,0,4,0,145.70450934743667,0
2026-03-03,1,2,78,394.74,0,12,8,222.06123250079293,0
2026-03-03,1,3,70,394.74,0,4,0,100.20583492181086,0
2026-03-03,2,1,38,107.84,0,4,0,99.6056132540588,0
2026-03-03,2,2,46,107.84,0,4,0,73.6997758325707,0
2026-03-03,2,3,39,107.84,0,4,0,60.849355802206865,1
2026-03-03,3,1,54,261.97,0,2,0,137.14773129549008,0
2026-03-03,3,2,59,261.97,0,2,0,59.05346071665572,0
2026-03-03,3,3,61,261.97,0,2,0,70.2224144489392,0
2026-03-03,4,1,67,300.28,0,28,0,193.1825410542231,0
2026-03-03,4,2,54,300.28,0,28,0,148.724875852506,0
2026-03-03,4,3,67,300.28,0,28,0,150.49709272803148,0
2026-03-03,5,1,36,32.76,0,6,0,45.045793928604866,0
2026-03-03,5,2,40,32.76,0,6,0,82.83316066264526,0
2026-03-03,5,3,37,32.76,0,6,0,43.30880095568569,0
2026-03-03,6,1,64,307.7,0,11,0,42.45184298416564,0
2026-03-03,6,2,66,307.7,0,11,0,40.12734422791707,0
2026-03-03,6,3,55,307.7,0,11,0,72.39636328684963,0
2026-03-03,7,1,43,93.56,0,8,0,26.704768249191424,0
2026-03-03,7,2,40,93.56,0,8,0,20.319925136151934,0
2026-03-03,7,3,50,93.56,0,8,0,141.84369249578432,0
2026-03-03,8,1,38,41.88,0,27,0,85.08392078276032,0
2026-03-03,8,2,37,41.88,0,27,0,50.07866807443962,0
2026-03-03,8,3,38,41.88,0,27,0,79.55609752693142,0
2026-03-03,9,1,76,474.95,0,10,0,152.04222587650017,0
2026-03-03,9,2,92,474.95,0,10,0,149.18051976707744,0
2026-03-03,9,3,84,474.95,0,10,0,75.86351293153767,1
2026-03-03,10,1,81,483.16,0,29,0,58.24395590470983,0
2026-03-03,10,2,79,483.16,0,29,0,223.93385307221334,0
2026-03-03,10,3,82,483.16,0,29,0,171.0710162687085,0
2026-03-03,11,1,72,406.11,0,8,0,101.25984522422176,0
2026-03-03,11,2,75,406.11,0,8,0,120.29882297131711,0
2026-03-03,11,3,62,406.11,0,8,0,174.65615228041855,0
2026-03-03,12,1,57,159.26,0,10,0,45.117158709131935,0
2026-03-03,12,2,58,159.26,0,10,0,131.84718653062478,0
2026-03-03,12,3,55,159.26,0,10,0,78.250727166216,0
2026-03-03,13,1,37,57.86,0,9,0,41.55696065542763,0
2026-03-03,13,2,78,57.86,1,9,0,113.31599582860696,0
2026-03-03,13,3,37,57.86,0,9,0,86.25494935344469,0
2026-03-03,14,1,55,345.27,0,13,0,133.11122177269036,0
2026-03-03,14,2,82,345.27,0,13,0,54.05332330629032,0
2026-03-03,14,3,80,345.27,0,13,0,193.15991658296284,0
2026-03-03,15,1,57,225.67,0,3,0,140.835849482603,0
2026-03-03,15,2,59,225.67,0,3,0,101.55641177422247,0
2026-03-03,15,3,47,225.67,0,3,0,122.39315164522682,0
2026-03-03,16,1,43,69.8,0,2,0,112.75384929778161,0
2026-03-03,16,2,44,69.8,0,2,0,53.74625969989392,0
2026-03-03,16,3,33,69.8,0,2,0,35.23584829625667,0
2026-03-03,17,1,57,252.64,0,17,0,80.87315412999969,0
2026-03-03,17,2,62,252.64,0,17,0,109.41912457286439,0
2026-03-03,17,3,48,252.64,0,17,0,53.932826638249836,0
2026-03-03,18,1,37,26.85,0,24,0,95.92490168144549,0
2026-03-03,18,2,40,26.85,0,24,0,48.85469123966055,0
2026-03-03,18,3,36,26.85,0,24,0,51.45958942733962,0
2026-03-03,19,1,76,455.57,0,24,0,177.1526230041672,0
2026-03-03,19,2,82,455.57,0,24,0,63.86870804269148,0
2026-03-03,19,3,153,455.57,1,24,0,361.73044035050935,0
2026-03-03,20,1,51,136.8,0,25,0,87.76654308272742,0
2026-03-03,20,2,54,136.8,0,25,0,89.13693006014503,0
2026-03-03,20,3,42,136.8,0,25,0,63.79872797201382,0
2026-03-03,21,1,58,334.64,0,6,0,165.93272073567474,0
2026-03-03,21,2,69,334.64,0,6,0,76.46026143773155,0
2026-03-03,21,3,57,334.64,0,6,0,137.15767843950294,0
2026-03-03,22,1,39,162.74,0,4,0,93.93847703499715,0
2026-03-03,22,2,54,162.74,0,4,0,107.3374202708551,0
2026-03-03,22,3,44,162.74,0,4,0,127.91572221926106,0
2026-03-03,23,1,56,264.83,0,13,0,93.36275446913287,0
2026-03-03,23,2,67,264.83,0,13,0,43.32687188093823,0
2026-03-03,23,3,61,264.83,0,13,0,144.7352186767,0
2026-03-03,24,1,59,277.89,0,9,0,119.52692659480262,0
2026-03-03,24,2,53,277.89,0,9,0,79.57248068884186,0
2026-03-03,24,3,72,277.89,0,9,0,59.33732668985619,0
2026-03-03,25,1,35,100.58,0,23,0,41.175724325471364,0
2026-03-03,25,2,43,100.58,0,23,0,110.66674829398355,0
2026-03-03,25,3,38,100.58,0,23,0,108.64086661034044,0
2026-03-03,26,1,84,485.1,0,28,0,65.92693178883142,0
2026-03-03,26,2,88,485.1,0,28,0,50.55982384220925,0
2026-03-03,26,3,79,485.1,0,28,0,167.1535108336452,1
2026-03-03,27,1,77,389.82,0,4,0,130.1704592334389,0
2026-03-03,27,2,71,389.82,0,4,0,75.21843620325575,0
2026-03-03,27,3,73,389.82,0,4,0,38.25568432223705,0
2026-03-03,28,1,76,470.35,0,2,0,103.24290681263496,0
2026-03-03,28,2,159,470.35,1,2,0,418.07813808617584,0
2026-03-03,28,3,79,470.35,0,2,0,52.83427445814945,0
2026-03-03,29,1,76,448.47,0,13,9,179.7547744815227,0
2026-03-03,29,2,87,448.47,0,4,0,162.7913144380358,0
2026-03-03,29,3,80,448.47,0,4,0,161.38474353616417,0
2026-03-03,30,1,64,302.97,0,10,4,93.99847816764544,0
2026-03-03,30,2,55,302.97,0,6,0,87.16224596227804,0
2026-03-03,30,3,59,302.97,0,6,0,118.3444983377415,0
2026-03-03,31,1,83,461.72,0,16,0,58.407111806335,0
2026-03-03,31,2,74,461.72,0,16,0,71.0534420100651,0
2026-03-03,31,3,75,461.72,0,16,0,38.21504163601903,0
2026-03-03,32,1,32,53.36,0,15,0,76.72123893939735,0
2026-03-03,32,2,38,53.36,0,15,0,107.4754818471816,0
2026-03-03,32,3,51,53.36,0,15,0,34.60843613091899,0
2026-03-03,33,1,43,106.03,0,4,0,92.56224613424422,0
2026-03-03,33,2,51,106.03,0,4,0,81.22132618047523,0
2026-03-03,33,3,42,106.03,0,4,0,65.2541953532739,0
2026-03-03,34,1,41,32.16,0,2,0,59.01571943510787,0
2026-03-03,34,2,31,32.16,0,2,0,82.74408475181892,0
2026-03-03,34,3,39,32.16,0,2,0,71.91165370663994,0
2026-03-03,35,1,45,169.41,0,6,0,90.00787068651981,0
2026-03-03,35,2,56,169.41,0,6,0,46.30695840553887,0
2026-03-03,35,3,58,169.41,0,6,0,120.92564364044748,0
2026-03-03,36,1,51,200.45,0,27,0,69.4141014743743,0
2026-03-03,36,2,46,200.45,0,27,0,36.45694011567598,1
2026-03-03,36,3,50,200.45,0,27,0,112.05876883841034,0
2026-03-03,37,1,45,142.96,0,24,0,100.99110322581024,0
2026-03-03,37,2,37,142.96,0,24,0,92.0043552166514,0
2026-03-03,37,3,44,142.96,0,24,0,107.50973421417355,0
2026-03-03,38,1,68,416.08,0,15,0,71.35339683544314,0
2026-03-03,38,2,75,416.08,0,15,0,167.5952186504364,0
2026-03-03,38,3,68,416.08,0,15,0,152.14412579526677,0
2026-03-03,39,1,49,184.81,0,8,0,132.43426583199548,0
2026-03-03,39,2,59,184.81,0,8,0,164.08539573861117,0
2026-03-03,39,3,50,184.81,0,8,0,29.788155670051005,0
2026-03-03,40,1,51,147.66,0,28,0,74.54711547463053,0
2026-03-03,40,2,48,147.66,0,28,0,63.08946362103815,0
2026-03-03,40,3,45,147.66,0,28,0,124.74236197668529,0
2026-03-03,41,1,59,275.92,0,10,0,60.925858213042545,0
2026-03-03,41,2,61,275.92,0,10,0,74.87911572457013,0
2026-03-03,41,3,114,275.92,1,10,0,76.27734513148867,0
2026-03-03,42,1,49,79.05,0,16,0,109.41032076045366,0
2026-03-03,42,2,37,79.05,0,16,0,94.26927821741911,0
2026-03-03,42,3,40,79.05,0,16,0,119.85611362318517,0
2026-03-03,43,1,63,403.08,0,16,0,39.07084199420271,0
2026-03-03,43,2,75,403.08,0,16,0,99.29624071160536,0
2026-03-03,43,3,73,403.08,0,16,0,160.02926166699342,0
2026-03-03,44,1,43,46.53,0,27,0,95.9734427584832,1
2026-03-03,44,2,41,46.53,0,27,0,62.04109123484339,0
2026-03-03,44,3,34,46.53,0,27,0,31.22583736106858,0
2026-03-03,45,1,95,493.57,0,17,6,157.2771954919343,0
2026-03-03,45,2,86,493.57,0,11,0,229.21831112266088,1
2026-03-03,45,3,79,493.57,0,11,0,194.65468416481204,0
2026-03-03,46,1,68,388.4,0,29,0,160.94164761472177,0
2026-03-03,46,2,78,388.4,0,29,0,87.95937749269572,0
2026-03-03,46,3,64,388.4,0,29,0,165.38754273722395,0
2026-03-03,47,1,37,107.37,0,14,0,75.13769099703237,0
2026-03-03,47,2,49,107.37,0,14,0,93.61457528442845,0
2026-03-03,47,3,41,107.37,0,14,0,65.96975375466212,0
2026-03-03,48,1,35,12.71,0,20,0,45.313721280830016,0
2026-03-03,48,2,31,12.71,0,20,0,55.20907749543921,0
2026-03-03,48,3,29,12.71,0,20,0,15.979949258824046,0
2026-03-03,49,1,71,409.58,0,8,0,151.90444840428458,0
2026-03-03,49,2,69,409.58,0,8,0,179.74251915739103,0
2026-03-03,49,3,69,409.58,0,8,0,198.0506543706176,0
2026-03-03,50,1,73,356.36,0,18,0,163.58089928601515,0
2026-03-03,50,2,74,356.36,0,18,0,165.73442519342416,0
2026-03-03,50,3,65,356.36,0,18,0,115.82264569727228,0
2026-03-04,1,1,78,394.74,0,4,0,60.04857859095824,0
2026-03-04,1,2,70,394.74,0,4,0,127.99423753316691,0
2026-03-04,1,3,68,394.74,0,4,0,194.49940514416372,0
2026-03-04,2,1,49,107.84,0,4,0,76.76898649445772,0
2026-03-04,2,2,53,107.84,0,4,0,150.0183137695598,0
2026-03-04,2,3,42,107.84,0,4,0,102.82747707245426,0
2026-03-04,3,1,121,261.97,1,2,0,148.01443816372037,0
2026-03-04,3,2,56,261.97,0,2,0,69.81756369364766,0
2026-03-04,3,3,128,261.97,1,2,0,317.93908002941816,0
2026-03-04,4,1,63,300.28,0,28,0,107.23684779957065,0
2026-03-04,4,2,64,300.28,0,28,0,174.10000647136297,0
2026-03-04,4,3,62,300.28,0,28,0,104.66707942455221,0
2026-03-04,5,1,40,32.76,0,6,0,100.63011913363678,0
2026-03-04,5,2,43,32.76,0,6,0,31.385866915159873,0
2026-03-04,5,3,42,32.76,0,6,0,58.88790967904995,0
2026-03-04,6,1,63,307.7,0,11,0,89.80600247657567,0
2026-03-04,6,2,64,307.7,0,11,0,80.07819702641856,0
2026-03-04,6,3,63,307.7,0,11,0,82.6100066351276,0
2026-03-04,7,1,38,93.56,0,8,0,91.12128320330416,0
2026-03-04,7,2,41,93.56,0,8,0,114.85564637404624,0
2026-03-04,7,3,45,93.56,0,8,0,46.961833252647196,0
2026-03-04,8,1,48,41.88,0,27,0,106.63726254510654,0
2026-03-04,8,2,34,41.88,0,27,0,69.19438925079771,0
2026-03-04,8,3,38,41.88,0,27,0,43.59517606697786,0
2026-03-04,9,1,76,474.95,0,10,0,58.055553919427446,0
2026-03-04,9,2,87,474.95,0,10,0,51.162287892532,0
2026-03-04,9,3,73,474.95,0,10,0,125.1932020458697,0
2026-03-04,10,1,77,483.16,0,29,0,177.0740556724893,0
2026-03-04,10,2,75,483.16,0,29,0,126.51387010883279,0
2026-03-04,10,3,163,483.16,1,29,0,473.5776405186547,0
2026-03-04,11,1,71,406.11,0,8,0,176.24546169060045,0
2026-03-04,11,2,69,406.11,0,8,0,152.09012745970014,0
2026-03-04,11,3,69,406.11,0,8,0,50.5139135733284,0
2026-03-04,12,1,45,159.26,0,10,0,67.93984672939682,0
2026-03-04,12,2,46,159.26,0,10,0,78.99964446605786,0
2026-03-04,12,3,48,159.26,0,10,0,87.5405587835142,0
2026-03-04,13,1,37,57.86,0,9,0,25.832889212173647,0
2026-03-04,13,2,40,57.86,0,9,0,104.03597605766782,0
2026-03-04,13,3,32,57.86,0,9,0,46.59643054295772,0
2026-03-04,14,1,65,345.27,0,22,9,88.83510896936649,0
2026-03-04,14,2,69,345.27,0,13,0,52.430301303744436,0
2026-03-04,14,3,72,345.27,0,13,0,160.57638702236648,0
2026-03-04,15,1,58,225.67,0,3,0,60.497052993646015,0
2026-03-04,15,2,110,225.67,1,12,9,137.35647873087615,1
2026-03-04,15,3,60,225.67,0,3,0,161.687255270962,0
2026-03-04,16,1,42,69.8,0,2,0,106.86281138543463,0
2026-03-04,16,2,28,69.8,0,2,0,51.214817608650094,0
2026-03-04,16,3,43,69.8,0,2,0,106.1726949932194,0
2026-03-04,17,1,54,252.64,0,17,0,103.53163946700042,0
2026-03-04,17,2,64,252.64,0,17,0,108.89750425868725,0
2026-03-04,17,3,63,252.64,0,17,0,156.3262767443912,0
2026-03-04,18,1,29,26.85,0,24,0,35.71473655042202,0
2026-03-04,18,2,27,26.85,0,24,0,50.418345186011635,0
2026-03-04,18,3,35,26.85,0,24,0,21.20616349788302,0
2026-03-04,19,1,72,455.57,0,24,0,71.31540896644826,0
2026-03-04,19,2,78,455.57,0,24,0,111.935496657371,0
2026-03-04,19,3,75,455.57,0,24,0,123.44045585464589,0
2026-03-04,20,1,47,136.8,0,25,0,76.38632676606505,0
2026-03-04,20,2,48,136.8,0,25,0,113.26452057656515,0
2026-03-04,20,3,37,136.8,0,25,0,40.75779282251693,0
2026-03-04,21,1,70,334.64,0,6,0,170.75550885177938,0
2026-03-04,21,2,65,334.64,0,6,0,138.0880285070423,0
2026-03-04,21,3,74,334.64,0,6,0,160.20757870271814,0
2026-03-04,22,1,40,162.74,0,4,0,86.607451906959,0
2026-03-04,22,2,49,162.74,0,4,0,145.38186561516667,0
2026-03-04,22,3,54,162.74,0,4,0,95.67997810535228,0
2026-03-04,23,1,55,264.83,0,13,0,158.96494189786637,0
2026-03-04,23,2,57,264.83,0,13,0,86.05351410838533,0
2026-03-04,23,3,53,264.83,0,13,0,106.65896888388882,0
2026-03-04,24,1,64,277.89,0,9,0,64.10878881681312,0
2026-03-04,24,2,58,277.89,0,9,0,54.57987493595424,0
2026-03-04,24,3,66,277.89,0,9,0,123.716780121943,0
2026-03-04,25,1,45,100.58,0,23,0,120.19133817498614,0
2026-03-04,25,2,43,100.58,0,23,0,70.44567893278013,0
2026-03-04,25,3,41,100.58,0,23,0,114.02634452454947,0
2026-03-04,26,1,81,485.1,0,28,0,198.26135275505408,0
2026-03-04,26,2,85,485.1,0,28,0,136.459082177633,0
2026-03-04,26,3,168,485.1,1,28,0,375.90537603989463,0
2026-03-04,27,1,70,389.82,0,4,0,86.5342136385288,0
2026-03-04,27,2,70,389.82,0,4,0,192.11418116534284,0
2026-03-04,27,3,67,389.82,0,4,0,166.77709426894342,1
2026-03-04,28,1,80,470.35,0,2,0,80.44657138828215,0
2026-03-04,28,2,82,470.35,0,2,0,43.491334361384745,0
2026-03-04,28,3,85,470.35,0,2,0,196.68593064001251,0
2026-03-04,29,1,77,448.47,0,4,0,169.60050243946898,0
2026-03-04,29,2,72,448.47,0,4,0,60.36621296232889,0
2026-03-04,29,3,73,448.47,0,4,0,180.05337166911218,0
2026-03-04,30,1,69,302.97,0,6,0,53.32673709322294,0
2026-03-04,30,2,55,302.97,0,6,0,61.4623734549027,0
2026-03-04,30,3,67,302.97,0,6,0,84.41296501080672,0
2026-03-04,31,1,87,461.72,0,16,0,122.09195782977865,0
2026-03-04,31,2,89,461.72,0,16,0,145.15047987319886,0
2026-03-04,31,3,82,461.72,0,16,0,161.21820850128546,0
2026-03-04,32,1,35,53.36,0,15,0,83.92003357370422,0
2026-03-04,32,2,44,53.36,0,15,0,118.21998334822077,0
2026-03-04,32,3,39,53.36,0,15,0,111.99507684872388,0
2026-03-04,33,1,44,106.03,0,4,0,64.77460489112303,0
2026-03-04,33,2,47,106.03,0,4,0,109.67547577598101,0
2026-03-04,33,3,50,106.03,0,4,0,46.48438203154067,0
2026-03-04,34,1,29,32.16,0,2,0,82.32368073782601,0
2026-03-04,34,2,42,32.16,0,2,0,29.364812153822037,0
2026-03-04,34,3,36,32.16,0,2,0,83.56229243471222,0
2026-03-04,35,1,37,169.41,0,6,0,83.63191625512368,0
2026-03-04,35,2,55,169.41,0,6,0,101.20111469905228,0
2026-03-04,35,3,50,169.41,0,6,0,120.5788517462222,0
2026-03-04,36,1,51,200.45,0,27,0,113.98277730663841,0
2026-03-04,36,2,55,200.45,0,27,0,136.3272793929251,0
2026-03-04,36,3,52,200.45,0,27,0,105.92944361113246,0
2026-03-04,37,1,31,142.96,0,24,0,37.46581433786718,0
2026-03-04,37,2,39,142.96,0,24,0,29.020800042640033,0
2026-03-04,37,3,46,142.96,0,24,0,45.40394792758882,0
2026-03-04,38,1,156,416.08,1,15,0,313.8943595460068,0
2026-03-04,38,2,73,416.08,0,15,0,63.01636246250597,0
2026-03-04,38,3,80,416.08,0,15,0,140.66134691331783,0
2026-03-04,39,1,46,184.81,0,8,0,40.70909280647564,0
2026-03-04,39,2,54,184.81,0,8,0,72.40978497911136,0
2026-03-04,39,3,40,184.81,0,8,0,42.75558230331897,0
2026-03-04,40,1,48,147.66,0,28,0,25.72559798135473,0
2026-03-04,40,2,49,147.66,0,28,0,91.42571342233178,0
2026-03-04,40,3,43,147.66,0,28,0,35.99819229581906,0
2026-03-04,41,1,60,275.92,0,10,0,61.68726437010997,0
2026-03-04,41,2,71,275.92,0,10,0,170.08852796202984,0
2026-03-04,41,3,62,275.92,0,10,0,138.60077647901252,0
2026-03-04,42,1,46,79.05,0,16,0,77.7484606322391,0
2026-03-04,42,2,42,79.05,0,16,0,118.73633526897116,0
2026-03-04,42,3,49,79.05,0,16,0,80.02170242685966,0
2026-03-04,43,1,70,403.08,0,16,0,58.90503752625588,0
2026-03-04,43,2,74,403.08,0,16,0,137.05165238935533,0
2026-03-04,43,3,79,403.08,0,16,0,224.30900328723638,0
2026-03-04,44,1,38,46.53,0,27,0,43.11144840813452,0
2026-03-04,44,2,34,46.53,0,27,0,68.56502813060538,0
2026-03-04,44,3,36,46.53,0,31,4,44.56255917250552,0
2026-03-04,45,1,91,493.57,0,11,0,239.7882231386877,0
2026-03-04,45,2,73,493.57,0,11,0,115.46352846207415,0
2026-03-04,45,3,82,493.57,0,11,0,245.7755670027904,0
2026-03-04,46,1,75,388.4,0,29,0,73.76603240907035,0
2026-03-04,46,2,74,388.4,0,32,3,115.40875164671867,0
2026-03-04,46,3,69,388.4,0,29,0,157.4399345258571,0
2026-03-04,47,1,43,107.37,0,14,0,114.22064387777718,0
2026-03-04,47,2,43,107.37,0,14,0,71.83344828455915,0
2026-03-04,47,3,44,107.37,0,14,0,100.78553441243483,0
2026-03-04,48,1,38,12.71,0,20,0,79.68263421349879,0
2026-03-04,48,2,31,12.71,0,20,0,60.44958664468661,0
2026-03-04,48,3,38,12.71,0,20,0,23.34590772864629,0
2026-03-04,49,1,65,409.58,0,8,0,124.58863398469904,0
2026-03-04,49,2,73,409.58,0,8,0,151.89177536703036,0
2026-03-04,49,3,74,409.58,0,8,0,80.61527384944768,0
2026-03-04,50,1,73,356.36,0,18,0,179.7418370587536,0
2026-03-04,50,2,71,356.36,0,18,0,200.22286570846708,0
2026-03-04,50,3,65,356.36,0,18,0,110.45719354660689,0
2026-03-05,1,1,74,394.74,0,4,0,149.76833720825616,0
2026-03-05,1,2,74,394.74,0,4,0,209.38129873717241,0
2026-03-05,1,3,72,394.74,0,4,0,117.6047012073544,0
2026-03-05,2,1,43,107.84,0,4,0,98.98280313537241,0
2026-03-05,2,2,39,107.84,0,4,0,113.23687099611978,0
2026-03-05,2,3,42,107.84,0,4,0,31.041545769288966,0
2026-03-05,3,1,53,261.97,0,2,0,103.55105954184883,1
2026-03-05,3,2,58,261.97,0,2,0,167.78240438788976,0
2026-03-05,3,3,52,261.97,0,2,0,90.02081866392865,0
2026-03-05,4,1,61,300.28,0,28,0,119.2863996990707,0
2026-03-05,4,2,63,300.28,0,28,0,38.216889085639096,0
2026-03-05,4,3,60,300.28,0,28,0,55.32429791705327,0
2026-03-05,5,1,32,32.76,0,6,0,58.628856474788435,1
2026-03-05,5,2,42,32.76,0,6,0,75.013067167408,0
2026-03-05,5,3,31,32.76,0,6,0,82.2662574718621,0
2026-03-05,6,1,66,307.7,0,11,0,180.16468404118044,0
2026-03-05,6,2,63,307.7,0,11,0,55.8782780631062,0
2026-03-05,6,3,64,307.7,0,11,0,50.270757553967925,0
2026-03-05,7,1,46,93.56,0,8,0,95.19931618925979,1
2026-03-05,7,2,43,93.56,0,8,0,56.17509627111361,0
2026-03-05,7,3,46,93.56,0,8,0,97.15910095325539,0
2026-03-05,8,1,32,41.88,0,27,0,75.96227227072796,0
2026-03-05,8,2,36,41.88,0,27,0,61.72762520852494,0
2026-03-05,8,3,87,41.88,1,27,0,130.69927876909813,0
2026-03-05,9,1,80,474.95,0,10,0,158.46353519704797,0
2026-03-05,9,2,72,474.95,0,10,0,45.39418134750173,0
2026-03-05,9,3,80,474.95,0,10,0,183.88697899376749,0
2026-03-05,10,1,84,483.16,0,29,0,107.8602481838748,1
2026-03-05,10,2,81,483.16,0,29,0,192.9798674198719,0
2026-03-05,10,3,82,483.16,0,29,0,118.56916200095148,0
2026-03-05,11,1,75,406.11,0,8,0,156.77206067617993,0
2026-03-05,11,2,69,406.11,0,8,0,43.633667628147336,0
2026-03-05,11,3,79,406.11,0,8,0,117.5174537484114,1
2026-03-05,12,1,52,159.26,0,10,0,136.12167654768547,0
2026-03-05,12,2,58,159.26,0,10,0,126.12155388881311,0
2026-03-05,12,3,47,159.26,0,10,0,90.66455896584176,0
2026-03-05,13,1,37,57.86,0,14,5,20.300441905891518,0
2026-03-05,13,2,47,57.86,0,9,0,42.4063180567226,0
2026-03-05,13,3,44,57.86,0,9,0,42.04828283228207,0
2026-03-05,14,1,67,345.27,0,19,6,195.63293277393322,0
2026-03-05,14,2,58,345.27,0,13,0,113.71072388347712,0
2026-03-05,14,3,65,345.27,0,13,0,146.08369407128885,0
2026-03-05,15,1,47,225.67,0,3,0,123.42889132601148,0
2026-03-05,15,2,60,225.67,0,3,0,160.70248856783996,0
2026-03-05,15,3,56,225.67,0,3,0,152.87910865490977,0
2026-03-05,16,1,42,69.8,0,2,0,49.71432502100513,0
2026-03-05,16,2,33,69.8,0,2,0,54.00666967329487,0
2026-03-05,16,3,37,69.8,0,2,0,105.59381675843711,0
2026-03-05,17,1,50,252.64,0,17,0,137.24781651870316,0
2026-03-05,17,2,59,252.64,0,17,0,117.32131515694313,0
2026-03-05,17,3,61,252.64,0,17,0,164.48310048124324,0
2026-03-05,18,1,32,26.85,0,25,1,39.1326572061943,0
2026-03-05,18,2,43,26.85,0,24,0,30.396461186977167,0
2026-03-05,18,3,38,26.85,0,24,0,26.552697542700702,0
2026-03-05,19,1,76,455.57,0,24,0,154.91549240956851,0
2026-03-05,19,2,79,455.57,0,24,0,104.61060752154215,0
2026-03-05,19,3,75,455.57,0,24,0,137.73856700493855,0
2026-03-05,20,1,53,136.8,0,25,0,62.189141181800615,0
2026-03-05,20,2,51,136.8,0,25,0,54.00093205160843,0
2026-03-05,20,3,50,136.8,0,25,0,121.95094391952091,0
2026-03-05,21,1,67,334.64,0,8,2,142.18422606055435,0
2026-03-05,21,2,72,334.64,0,6,0,90.22344875587851,0
2026-03-05,21,3,67,334.64,0,6,0,198.51646121331424,0
2026-03-05,22,1,47,162.74,0,4,0,57.49301411908124,0
2026-03-05,22,2,54,162.74,0,4,0,55.58661296749812,0
2026-03-05,22,3,47,162.74,0,4,0,31.113135132387708,0
2026-03-05,23,1,56,264.83,0,13,0,118.81093820383423,0
2026-03-05,23,2,52,264.83,0,13,0,137.9662065924995,0
2026-03-05,23,3,54,264.83,0,13,0,95.51973996928506,0
2026-03-05,24,1,64,277.89,0,9,0,160.86815824945845,0
2026-03-05,24,2,57,277.89,0,9,0,98.44149948773858,0
2026-03-05,24,3,63,277.89,0,9,0,150.49864502214413,0
2026-03-05,25,1,40,100.58,0,23,0,52.56320234441468,0
2026-03-05,25,2,44,100.58,0,23,0,91.83310503015927,0
2026-03-05,25,3,36,100.58,0,23,0,81.10985161077433,0
2026-03-05,26,1,78,485.1,0,28,0,227.13346600815242,0
2026-03-05,26,2,86,485.1,0,28,0,151.59046098228004,0
2026-03-05,26,3,80,485.1,0,28,0,50.895327807603756,0
2026-03-05,27,1,73,389.82,0,4,0,200.7607305897696,0
2026-03-05,27,2,81,389.82,0,4,0,209.2300825823707,0
2026-03-05,27,3,79,389.82,0,4,0,155.1658302864597,1
2026-03-05,28,1,81,470.35,0,2,0,184.08216362455155,0
2026-03-05,28,2,88,470.35,0,2,0,96.91611595034264,0
2026-03-05,28,3,79,470.35,0,2,0,46.91436431636643,0
2026-03-05,29,1,78,448.47,0,4,0,125.18603210898799,0
2026-03-05,29,2,79,448.47,0,4,0,228.40252254926648,0
2026-03-05,29,3,78,448.47,0,4,0,165.4883861464525,0
2026-03-05,30,1,66,302.97,0,6,0,51.390152960064,0
2026-03-05,30,2,62,302.97,0,6,0,81.672968637746,0
2026-03-05,30,3,66,302.97,0,6,0,99.2423406420629,0
2026-03-05,31,1,73,461.72,0,16,0,213.52253921453334,0
2026-03-05,31,2,72,461.72,0,16,0,131.76799151204435,0
2026-03-05,31,3,75,461.72,0,16,0,185.9441740524919,0
2026-03-05,32,1,34,53.36,0,15,0,42.28670426064555,0
2026-03-05,32,2,36,53.36,0,15,0,65.16767344389243,1
2026-03-05,32,3,34,53.36,0,15,0,38.53448214702393,0
2026-03-05,33,1,51,106.03,0,4,0,129.96628057778778,0
2026-03-05,33,2,46,106.03,0,4,0,97.67794997532427,0
2026-03-05,33,3,48,106.03,0,4,0,73.40108558956467,0
2026-03-05,34,1,36,32.16,0,2,0,86.95117052692761,0
2026-03-05,34,2,45,32.16,0,2,0,122.48053488543228,0
2026-03-05,34,3,47,32.16,0,9,7,23.573140291407707,0
2026-03-05,35,1,93,169.41,1,6,0,262.00224086911913,0
2026-03-05,35,2,57,169.41,0,6,0,33.992452212216996,0
2026-03-05,35,3,55,169.41,0,6,0,130.187118070678,0
2026-03-05,36,1,41,200.45,0,27,0,83.01355867328111,1
2026-03-05,36,2,52,200.45,0,27,0,110.64251405458259,0
2026-03-05,36,3,49,200.45,0,27,0,38.77759664058922,0
2026-03-05,37,1,45,142.96,0,24,0,42.47412401701388,0
2026-03-05,37,2,44,142.96,0,24,0,45.95672449738854,0
2026-03-05,37,3,43,142.96,0,29,5,102.53519195468792,1
2026-03-05,38,1,66,416.08,0,15,0,179.71940023617128,0
2026-03-05,38,2,83,416.08,0,15,0,149.15413842440935,0
2026-03-05,38,3,73,416.08,0,15,0,47.589464680582644,0
2026-03-05,39,1,53,184.81,0,8,0,114.52166836000721,0
2026-03-05,39,2,54,184.81,0,8,0,122.22492331262104,0
2026-03-05,39,3,42,184.81,0,8,0,60.86676436041669,0
2026-03-05,40,1,53,147.66,0,28,0,93.7502745901066,0
2026-03-05,40,2,46,147.66,0,28,0,124.55514576998496,0
2026-03-05,40,3,42,147.66,0,28,0,111.4857590915383,1
2026-03-05,41,1,62,275.92,0,10,0,57.85561402087342,0
2026-03-05,41,2,65,275.92,0,10,0,107.87510132584812,0
2026-03-05,41,3,69,275.92,0,10,0,70.92690021032827,0
2026-03-05,42,1,33,79.05,0,16,0,39.59195973506746,1
2026-03-05,42,2,40,79.05,0,16,0,60.37326996223689,0
2026-03-05,42,3,43,79.05,0,16,0,66.45494361064547,0
2026-03-05,43,1,70,403.08,0,16,0,120.9447841601708,0
2026-03-05,43,2,84,403.08,0,16,0,51.340596624802956,0
2026-03-05,43,3,78,403.08,0,16,0,135.15582906183195,0
2026-03-05,44,1,34,46.53,0,27,0,96.57641119364074,0
2026-03-05,44,2,36,46.53,0,27,0,87.73630390679646,0
2026-03-05,44,3,33,46.53,0,35,8,45.66248294686364,0
2026-03-05,45,1,84,493.57,0,11,0,233.18943556773266,0
2026-03-05,45,2,92,493.57,0,11,0,165.4611837746659,0
2026-03-05,45,3,81,493.57,0,11,0,112.74045691211836,0
2026-03-05,46,1,70,388.4,0,29,0,157.13260087368224,0
2026-03-05,46,2,75,388.4,0,29,0,160.6929729614084,0
2026-03-05,46,3,66,388.4,0,29,0,131.1270509398919,0
2026-03-05,47,1,39,107.37,0,14,0,73.57631450075984,0
2026-03-05,47,2,40,107.37,0,14,0,35.472065026853144,0
2026-03-05,47,3,49,107.37,0,14,0,113.97730168509611,0
2026-03-05,48,1,29,12.71,0,20,0,19.655346789526757,0
2026-03-05,48,2,39,12.71,0,20,0,32.03456265498155,0
2026-03-05,48,3,42,12.71,0,20,0,85.64420079475143,0
2026-03-05,49,1,70,409.58,0,8,0,202.2250312194157,0
2026-03-05,49,2,80,409.58,0,8,0,87.82494736267438,0
2026-03-05,49,3,74,409.58,0,8,0,85.11246472099558,0
2026-03-05,50,1,70,356.36,0,18,0,58.83849380203396,1
2026-03-05,50,2,68,356.36,0,18,0,38.00897700627742,0
2026-03-05,50,3,69,356.36,0,20,2,144.26136835169243,0
2026-03-06,1,1,77,394.74,0,4,0,126.2936925388429,0
2026-03-06,1,2,66,394.74,0,4,0,178.94213532306986,0
2026-03-06,1,3,58,394.74,0,4,0,124.20896776768458,0
2026-03-06,2,1,45,107.84,0,4,0,27.94760643426528,0
2026-03-06,2,2,79,107.84,1,4,0,148.5037793374959,0
2026-03-06,2,3,41,107.84,0,4,0,34.59736523487737,0
2026-03-06,3,1,64,261.97,0,2,0,76.2835645303565,0
2026-03-06,3,2,62,261.97,0,2,0,169.07540919792055,0
2026-03-06,3,3,58,261.97,0,2,0,157.06764337350648,0
2026-03-06,4,1,61,300.28,0,28,0,68.68229191769166,0
2026-03-06,4,2,59,300.28,0,28,0,140.27825927544058,0
2026-03-06,4,3,63,300.28,0,28,0,111.33373123826406,0
2026-03-06,5,1,78,32.76,1,6,0,148.7989972773356,0
2026-03-06,5,2,41,32.76,0,6,0,112.5825938637497,0
2026-03-06,5,3,36,32.76,0,6,0,79.11053924927917,0
2026-03-06,6,1,68,307.7,0,11,0,62.1760365606516,0
2026-03-06,6,2,74,307.7,0,11,0,54.0350849867509,0
2026-03-06,6,3,54,307.7,0,11,0,30.75434675038233,0
2026-03-06,7,1,41,93.56,0,8,0,61.86845053090194,0
2026-03-06,7,2,31,93.56,0,8,0,36.739637934116246,0
2026-03-06,7,3,40,93.56,0,8,0,107.73240459247478,0
2026-03-06,8,1,38,41.88,0,27,0,83.89297970976718,0
2026-03-06,8,2,37,41.88,0,27,0,78.56409277017457,0
2026-03-06,8,3,34,41.88,0,27,0,62.340741726783946,0
2026-03-06,9,1,84,474.95,0,10,0,73.08772873533306,0
2026-03-06,9,2,72,474.95,0,10,0,90.567844128672,0
2026-03-06,9,3,76,474.95,0,10,0,79.30292960487361,0
2026-03-06,10,1,79,483.16,0,29,0,63.57514818911179,1
2026-03-06,10,2,76,483.16,0,29,0,164.18805009420473,0
2026-03-06,10,3,77,483.16,0,29,0,70.2512157645061,0
2026-03-06,11,1,69,406.11,0,8,0,87.39998934215902,0
2026-03-06,11,2,73,406.11,0,8,0,126.7097837482343,0
2026-03-06,11,3,63,406.11,0,8,0,142.06583011559573,0
2026-03-06,12,1,44,159.26,0,10,0,102.24665969942633,0
2026-03-06,12,2,46,159.26,0,10,0,36.242442658890624,0
2026-03-06,12,3,59,159.26,0,10,0,98.5809536397046,0
2026-03-06,13,1,39,57.86,0,9,0,42.71183237942157,0
2026-03-06,13,2,41,57.86,0,9,0,87.23077606969119,0
2026-03-06,13,3,33,57.86,0,9,0,84.42863013030974,0
2026-03-06,14,1,80,345.27,0,13,0,166.99815117713848,1
2026-03-06,14,2,66,345.27,0,13,0,122.94865898665574,0
2026-03-06,14,3,71,345.27,0,13,0,203.83386565524938,0
2026-03-06,15,1,58,225.67,0,3,0,69.05082361486325,0
2026-03-06,15,2,58,225.67,0,3,0,39.145964971358545,0
2026-03-06,15,3,47,225.67,0,3,0,107.33850353850418,0
2026-03-06,16,1,36,69.8,0,4,2,45.8969348251162,1
2026-03-06,16,2,27,69.8,0,2,0,65.29600818793867,0
2026-03-06,16,3,42,69.8,0,2,0,79.59071348033035,0
2026-03-06,17,1,49,252.64,0,25,8,87.38410865098878,0
2026-03-06,17,2,63,252.64,0,17,0,44.13028552375107,0
2026-03-06,17,3,62,252.64,0,17,0,90.39370165722568,0
2026-03-06,18,1,34,26.85,0,24,0,74.43592323367616,0
2026-03-06,18,2,34,26.85,0,24,0,49.37682717945008,0
2026-03-06,18,3,35,26.85,0,24,0,76.07474392041263,0
2026-03-06,19,1,79,455.57,0,24,0,109.2035715091236,0
2026-03-06,19,2,73,455.57,0,30,6,44.97011675782447,0
2026-03-06,19,3,83,455.57,0,24,0,80.44430754404905,0
2026-03-06,20,1,46,136.8,0,25,0,111.18080790957549,0
2026-03-06,20,2,51,136.8,0,25,0,60.793455841143086,0
2026-03-06,20,3,48,136.8,0,25,0,79.485267828637,0
2026-03-06,21,1,65,334.64,0,6,0,39.223160768141824,0
2026-03-06,21,2,72,334.64,0,6,0,124.3670469039561,0
2026-03-06,21,3,64,334.64,0,6,0,183.144982832368,0
2026-03-06,22,1,61,162.74,0,4,0,133.74577056634405,0
2026-03-06,22,2,99,162.74,1,4,0,188.21969799549484,0
2026-03-06,22,3,53,162.74,0,4,0,124.35138430729887,0
2026-03-06,23,1,63,264.83,0,13,0,94.42493078328967,0
2026-03-06,23,2,51,264.83,0,13,0,38.92981690183579,0
2026-03-06,23,3,70,264.83,0,13,0,203.18085457669332,0
2026-03-06,24,1,59,277.89,0,9,0,155.96323045372046,0
2026-03-06,24,2,50,277.89,0,9,0,132.65162367362,0
2026-03-06,24,3,57,277.89,0,9,0,38.27711058494418,0
2026-03-06,25,1,41,100.58,0,23,0,70.92053238003956,0
2026-03-06,25,2,39,100.58,0,23,0,72.75034105377507,0
2026-03-06,25,3,35,100.58,0,23,0,65.04318044424303,0
2026-03-06,26,1,77,485.1,0,28,0,75.68012691513725,0
2026-03-06,26,2,87,485.1,0,28,0,79.50184351235012,0
2026-03-06,26,3,84,485.1,0,28,0,162.5362891144777,0
2026-03-06,27,1,68,389.82,0,4,0,87.32935020230241,0
2026-03-06,27,2,68,389.82,0,4,0,36.693487596447454,0
2026-03-06,27,3,79,389.82,0,4,0,226.8587239022117,0
2026-03-06,28,1,80,470.35,0,2,0,208.88213478414377,0
2026-03-06,28,2,77,470.35,0,2,0,132.30637686154532,0
2026-03-06,28,3,80,470.35,0,2,0,225.1400032846281,0
2026-03-06,29,1,82,448.47,0,4,0,177.24054549275922,0
2026-03-06,29,2,78,448.47,0,4,0,222.73853038020462,0
2026-03-06,29,3,71,448.47,0,5,1,174.54979562970038,0
2026-03-06,30,1,64,302.97,0,6,0,157.44380525335788,0
2026-03-06,30,2,129,302.97,1,6,0,294.41013779684414,0
2026-03-06,30,3,69,302.97,0,6,0,175.15789725564747,1
2026-03-06,31,1,81,461.72,0,16,0,173.4253478603901,0
2026-03-06,31,2,82,461.72,0,16,0,89.01424783613004,0
2026-03-06,31,3,82,461.72,0,22,6,175.5264349826841,0
2026-03-06,32,1,44,53.36,0,15,0,85.61838361905826,0
2026-03-06,32,2,32,53.36,0,15,0,43.63225865222812,0
2026-03-06,32,3,31,53.36,0,15,0,33.54774301096976,0
2026-03-06,33,1,50,106.03,0,4,0,28.172868257766126,0
2026-03-06,33,2,40,106.03,0,4,0,32.69349463936073,0
2026-03-06,33,3,48,106.03,0,4,0,116.03775318956964,0
2026-03-06,34,1,33,32.16,0,2,0,42.51903279095826,0
2026-03-06,34,2,65,32.16,1,2,0,110.02977728357722,0
2026-03-06,34,3,44,32.16,0,2,0,128.6683100762527,0
2026-03-06,35,1,46,169.41,0,6,0,126.41078978065067,0
2026-03-06,35,2,47,169.41,0,6,0,94.02641834827787,0
2026-03-06,35,3,66,169.41,0,6,0,33.06688360640538,0
2026-03-06,36,1,62,200.45,0,27,0,147.12049136001446,0
2026-03-06,36,2,51,200.45,0,27,0,50.923032158711564,1
2026-03-06,36,3,54,200.45,0,27,0,50.6574026472871,0
2026-03-06,37,1,49,142.96,0,24,0,109.10569014089285,0
2026-03-06,37,2,50,142.96,0,24,0,44.561316657098196,0
2026-03-06,37,3,48,142.96,0,24,0,130.20383714155543,0
2026-03-06,38,1,73,416.08,0,15,0,139.40450002514956,0
2026-03-06,38,2,74,416.08,0,15,0,138.2047459675356,1
2026-03-06,38,3,81,416.08,0,15,0,65.11834932812751,0
2026-03-06,39,1,53,184.81,0,8,0,95.9807347580445,0
2026-03-06,39,2,53,184.81,0,12,4,39.955206395294034,0
2026-03-06,39,3,49,184.81,0,8,0,32.56105810969288,0
2026-03-06,40,1,48,147.66,0,28,0,73.66257712502804,0
2026-03-06,40,2,48,147.66,0,28,0,82.30771801275907,1
2026-03-06,40,3,46,147.66,0,28,0,133.96824202943176,0
2026-03-06,41,1,64,275.92,0,10,0,115.25436011197439,0
2026-03-06,41,2,61,275.92,0,10,0,156.31289825528705,0
2026-03-06,41,3,66,275.92,0,10,0,101.54463573444202,0
2026-03-06,42,1,40,79.05,0,16,0,107.75319495737277,0
2026-03-06,42,2,80,79.05,1,16,0,227.8319671372728,0
2026-03-06,42,3,42,79.05,0,16,0,93.90654892347321,0
2026-03-06,43,1,80,403.08,0,16,0,218.21429593133513,0
2026-03-06,43,2,67,403.08,0,16,0,148.48689195558646,0
2026-03-06,43,3,77,403.08,0,16,0,220.75643262436893,0
2026-03-06,44,1,42,46.53,0,27,0,50.59496776004736,0
2026-03-06,44,2,41,46.53,0,27,0,31.709245880462188,0
2026-03-06,44,3,43,46.53,0,27,0,67.19209721297193,1
2026-03-06,45,1,82,493.57,0,11,0,226.68820746994058,0
2026-03-06,45,2,81,493.57,0,11,0,87.47265579132743,0
2026-03-06,45,3,89,493.57,0,11,0,66.61445092073266,0
2026-03-06,46,1,73,388.4,0,29,0,188.02306029805843,1
2026-03-06,46,2,67,388.4,0,29,0,100.75293144509058,0
2026-03-06,46,3,59,388.4,0,29,0,119.44093198747167,0
2026-03-06,47,1,41,107.37,0,14,0,97.42304631144007,0
2026-03-06,47,2,45,107.37,0,14,0,98.4119172038413,0
2026-03-06,47,3,44,107.37,0,14,0,60.34953209740572,1
2026-03-06,48,1,37,12.71,0,20,0,103.93941786626038,0
2026-03-06,48,2,28,12.71,0,20,0,51.92879239653192,0
2026-03-06,48,3,37,12.71,0,20,0,60.75441291677152,0
2026-03-06,49,1,74,409.58,0,8,0,69.70345592589194,0
2026-03-06,49,2,71,409.58,0,8,0,116.97338968416386,0
2026-03-06,49,3,75,409.58,0,8,0,67.76875022280441,1
2026-03-06,50,1,145,356.36,1,18,0,186.3680100504595,0
2026-03-06,50,2,64,356.36,0,18,0,95.23681883692782,0
2026-03-06,50,3,58,356.36,0,18,0,146.70295571651255,0
2026-03-07,1,1,82,394.74,0,4,0,81.23965731808488,0
2026-03-07,1,2,81,394.74,0,4,0,124.65252089663767,0
2026-03-07,1,3,71,394.74,0,4,0,45.22059113739945,0
2026-03-07,2,1,39,107.84,0,4,0,88.6543912963193,0
2026-03-07,2,2,55,107.84,0,4,0,39.942417630322836,0
2026-03-07,2,3,56,107.84,0,4,0,81.13893828315159,0
2026-03-07,3,1,70,261.97,0,2,0,204.10528082252594,0
2026-03-07,3,2,62,261.97,0,2,0,133.57917849450735,0
2026-03-07,3,3,53,261.97,0,2,0,87.65943770482951,0
2026-03-07,4,1,72,300.28,0,28,0,211.02694056675196,0
2026-03-07,4,2,77,300.28,0,28,0,180.9155898400592,0
2026-03-07,4,3,57,300.28,0,28,0,62.0218712310074,0
2026-03-07,5,1,41,32.76,0,6,0,46.83864904176685,0
2026-03-07,5,2,37,32.76,0,6,0,29.53273754071441,0
2026-03-07,5,3,41,32.76,0,6,0,33.40287642803643,0
2026-03-07,6,1,66,307.7,0,11,0,141.61337400534964,0
2026-03-07,6,2,70,307.7,0,11,0,44.428230155985325,0
2026-03-07,6,3,58,307.7,0,11,0,162.64025066767033,0
2026-03-07,7,1,39,93.56,0,8,0,46.15062144520038,0
2026-03-07,7,2,50,93.56,0,8,0,69.21040473921467,0
2026-03-07,7,3,50,93.56,0,8,0,81.35485417629621,0
2026-03-07,8,1,39,41.88,0,27,0,97.54845483899958,0
2026-03-07,8,2,41,41.88,0,27,0,110.72135369389707,0
2026-03-07,8,3,46,41.88,0,27,0,42.44816260423088,0
2026-03-07,9,1,89,474.95,0,10,0,198.29459654227782,0
2026-03-07,9,2,76,474.95,0,10,0,224.97179256958913,0
2026-03-07,9,3,71,474.95,0,10,0,81.39422702463766,0
2026-03-07,10,1,83,483.16,0,29,0,230.07291563699624,1
2026-03-07,10,2,85,483.16,0,29,0,235.2697625446741,0
2026-03-07,10,3,90,483.16,0,29,0,191.88369698865213,0
2026-03-07,11,1,72,406.11,0,8,0,160.88440892441866,0
2026-03-07,11,2,79,406.11,0,8,0,129.30632360372758,0
2026-03-07,11,3,80,406.11,0,8,0,135.44787352649777,0
2026-03-07,12,1,41,159.26,0,10,0,34.321228452333564,0
2026-03-07,12,2,56,159.26,0,10,0,41.56732797452858,0
2026-03-07,12,3,59,159.26,0,10,0,160.0691305355581,1
2026-03-07,13,1,39,57.86,0,9,0,85.71671013561473,0
2026-03-07,13,2,89,57.86,1,9,0,200.9261874754775,0
2026-03-07,13,3,49,57.86,0,9,0,129.21393653309303,0
2026-03-07,14,1,71,345.27,0,13,0,47.302469681611996,0
2026-03-07,14,2,73,345.27,0,13,0,166.12911578331048,0
2026-03-07,14,3,68,345.27,0,13,0,199.82326475542314,0
2026-03-07,15,1,59,225.67,0,3,0,75.35952303845268,0
2026-03-07,15,2,66,225.67,0,3,0,170.82227274120302,0
2026-03-07,15,3,122,225.67,1,3,0,226.94317779824817,0
2026-03-07,16,1,45,69.8,0,2,0,58.429235478923374,0
2026-03-07,16,2,32,69.8,0,2,0,47.44863097215176,0
2026-03-07,16,3,47,69.8,0,2,0,125.8763393049814,0
2026-03-07,17,1,70,252.64,0,17,0,112.15042495801737,0
2026-03-07,17,2,66,252.64,0,17,0,191.82909592784333,0
2026-03-07,17,3,54,252.64,0,17,0,140.20372774541408,0
2026-03-07,18,1,41,26.85,0,24,0,102.96265453816521,0
2026-03-07,18,2,43,26.85,0,24,0,37.629292325104664,0
2026-03-07,18,3,35,26.85,0,24,0,68.3533421950809,0
2026-03-07,19,1,72,455.57,0,24,0,45.9579957158885,0
2026-03-07,19,2,85,455.57,0,24,0,76.61269449413393,0
2026-03-07,19,3,77,455.57,0,24,0,170.8747721593549,0
2026-03-07,20,1,53,136.8,0,31,6,137.62940370642093,0
2026-03-07,20,2,59,136.8,0,25,0,89.30617319519726,0
2026-03-07,20,3,47,136.8,0,25,0,74.28829183884959,0
2026-03-07,21,1,72,334.64,0,6,0,214.05728156801024,0
2026-03-07,21,2,73,334.64,0,6,0,78.47669348791925,0
2026-03-07,21,3,67,334.64,0,6,0,81.48160574918207,0
2026-03-07,22,1,46,162.74,0,4,0,118.65208955634542,0
2026-03-07,22,2,51,162.74,0,4,0,109.79225929233294,0
2026-03-07,22,3,57,162.74,0,4,0,108.68282454474549,0
2026-03-07,23,1,53,264.83,0,13,0,80.86683745419653,0
2026-03-07,23,2,58,264.83,0,13,0,109.88096459616844,1
2026-03-07,23,3,71,264.83,0,13,0,36.289516112542195,0
2026-03-07,24,1,66,277.89,0,9,0,133.15441878741527,0
2026-03-07,24,2,67,277.89,0,13,4,180.38321600329928,0
2026-03-07,24,3,67,277.89,0,9,0,136.88980627921308,0
2026-03-07,25,1,52,100.58,0,23,0,71.11775251696352,0
2026-03-07,25,2,42,100.58,0,23,0,125.65008057323452,0
2026-03-07,25,3,54,100.58,0,23,0,130.23189830607296,0
2026-03-07,26,1,79,485.1,0,28,0,221.7802316067896,0
2026-03-07,26,2,86,485.1,0,28,0,50.425561887817835,0
2026-03-07,26,3,88,485.1,0,28,0,63.731777155661234,0
2026-03-07,27,1,73,389.82,0,4,0,124.17726223072776,0
2026-03-07,27,2,77,389.82,0,4,0,171.36912828599603,0
2026-03-07,27,3,87,389.82,0,4,0,78.44553985429287,0
2026-03-07,28,1,85,470.35,0,2,0,63.901432212627824,0
2026-03-07,28,2,170,470.35,1,2,0,321.2127925836534,0
2026-03-07,28,3,81,470.35,0,2,0,53.95750521603115,0
2026-03-07,29,1,76,448.47,0,4,0,179.22631326069393,0
2026-03-07,29,2,69,448.47,0,4,0,147.6095001693202,0
2026-03-07,29,3,92,448.47,0,4,0,121.45096563221554,0
2026-03-07,30,1,64,302.97,0,6,0,178.62920542250362,0
2026-03-07,30,2,139,302.97,1,6,0,312.56705577478436,0
2026-03-07,30,3,67,302.97,0,6,0,133.0074581949856,0
2026-03-07,31,1,87,461.72,0,16,0,243.6094718872676,0
2026-03-07,31,2,82,461.72,0,16,0,151.51215820020965,0
2026-03-07,31,3,88,461.72,0,16,0,69.89344434604412,0
2026-03-07,32,1,45,53.36,0,15,0,131.34603601494578,0
2026-03-07,32,2,41,53.36,0,15,0,87.88265366285486,0
2026-03-07,32,3,43,53.36,0,15,0,125.10095119922714,0
2026-03-07,33,1,44,106.03,0,4,0,83.06236083777888,0
2026-03-07,33,2,48,106.03,0,4,0,141.46235588048575,0
2026-03-07,33,3,43,106.03,0,4,0,68.1922495832081,0
2026-03-07,34,1,49,32.16,0,2,0,60.271752158776835,0
2026-03-07,34,2,43,32.16,0,2,0,57.100757834962785,0
2026-03-07,34,3,38,32.16,0,2,0,88.36175564871557,0
2026-03-07,35,1,60,169.41,0,6,0,50.369981363948,0
2026-03-07,35,2,51,169.41,0,6,0,150.25397452854054,0
2026-03-07,35,3,49,169.41,0,6,0,62.47201117855537,0
2026-03-07,36,1,63,200.45,0,27,0,174.16851517726764,0
2026-03-07,36,2,60,200.45,0,27,0,120.7226073457026,0
2026-03-07,36,3,59,200.45,0,27,0,159.55692780956056,0
2026-03-07,37,1,63,142.96,0,24,0,62.19967799119398,0
2026-03-07,37,2,59,142.96,0,24,0,76.06291305918514,0
2026-03-07,37,3,47,142.96,0,24,0,101.2518099283724,0
2026-03-07,38,1,82,416.08,0,15,0,46.62966468562176,0
2026-03-07,38,2,80,416.08,0,15,0,144.80284415535596,0
2026-03-07,38,3,76,416.08,0,15,0,172.01414607482613,0
2026-03-07,39,1,68,184.81,0,8,0,132.06696899571625,0
2026-03-07,39,2,52,184.81,0,8,0,75.82499949870753,0
2026-03-07,39,3,55,184.81,0,8,0,87.46282838251642,0
2026-03-07,40,1,52,147.66,0,28,0,86.65210150016658,0
2026-03-07,40,2,53,147.66,0,28,0,70.12754656478053,0
2026-03-07,40,3,50,147.66,0,28,0,91.02069590547703,1
2026-03-07,41,1,59,275.92,0,10,0,156.13071289678822,1
2026-03-07,41,2,60,275.92,0,10,0,122.8251395225538,0
2026-03-07,41,3,65,275.92,0,10,0,141.0656295887902,0
2026-03-07,42,1,46,79.05,0,16,0,87.57990954346222,0
2026-03-07,42,2,46,79.05,0,16,0,88.27443112640573,0
2026-03-07,42,3,47,79.05,0,16,0,36.96441065413641,0
2026-03-07,43,1,74,403.08,0,16,0,62.04860251043857,0
2026-03-07,43,2,85,403.08,0,16,0,180.50690828630974,0
2026-03-07,43,3,79,403.08,0,16,0,231.73900540512705,0
2026-03-07,44,1,41,46.53,0,27,0,83.70704822178055,1
2026-03-07,44,2,38,46.53,0,27,0,91.53752946323725,0
2026-03-07,44,3,36,46.53,0,27,0,59.67004757662488,0
2026-03-07,45,1,81,493.57,0,11,0,124.25940680586807,0
2026-03-07,45,2,88,493.57,0,11,0,214.47085117518452,0
2026-03-07,45,3,81,493.57,0,11,0,200.76290547037772,0
2026-03-07,46,1,76,388.4,0,29,0,98.8209809696587,0
2026-03-07,46,2,78,388.4,0,29,0,55.72364131767302,0
2026-03-07,46,3,71,388.4,0,29,0,79.56824730380404,0
2026-03-07,47,1,47,107.37,0,14,0,92.71721846196512,0
2026-03-07,47,2,51,107.37,0,14,0,57.22986326575502,0
2026-03-07,47,3,46,107.37,0,14,0,114.47630668188938,0
2026-03-07,48,1,48,12.71,0,20,0,124.41887495153284,0
2026-03-07,48,2,38,12.71,0,20,0,24.419149760703,0
2026-03-07,48,3,41,12.71,0,25,5,40.821303963919526,0
2026-03-07,49,1,82,409.58,0,8,0,71.18802646841776,0
2026-03-07,49,2,81,409.58,0,8,0,200.90417499513694,0
2026-03-07,49,3,78,409.58,0,8,0,105.52126867282907,0
2026-03-07,50,1,79,356.36,0,18,0,122.77000494406599,0
2026-03-07,50,2,72,356.36,0,18,0,64.35085622151142,0
2026-03-07,50,3,76,356.36,0,18,0,182.00678243181062,0
2026-03-08,1,1,84,394.74,0,4,0,180.79614184806084,0
2026-03-08,1,2,79,394.74,0,4,0,189.41307988991466,0
2026-03-08,1,3,82,394.74,0,4,0,201.48060922148767,0
2026-03-08,2,1,47,107.84,0,4,0,27.021342890922256,0
2026-03-08,2,2,50,107.84,0,4,0,123.39433163772553,0
2026-03-08,2,3,53,107.84,0,4,0,84.37502122947232,0
2026-03-08,3,1,63,261.97,0,2,0,161.98664361602994,1
2026-03-08,3,2,68,261.97,0,2,0,88.64492305827625,0
2026-03-08,3,3,62,261.97,0,2,0,102.11951915669424,0
2026-03-08,4,1,67,300.28,0,28,0,141.26248272035153,0
2026-03-08,4,2,73,300.28,0,28,0,142.25577894628776,0
2026-03-08,4,3,67,300.28,0,28,0,147.04730016844223,0
2026-03-08,5,1,41,32.76,0,6,0,39.75874241274063,0
2026-03-08,5,2,38,32.76,0,6,0,81.01784563874432,0
2026-03-08,5,3,49,32.76,0,6,0,85.08057213681836,0
2026-03-08,6,1,67,307.7,0,11,0,52.95580473959694,0
2026-03-08,6,2,69,307.7,0,11,0,180.6767516542273,0
2026-03-08,6,3,132,307.7,1,11,0,210.57971010257918,0
2026-03-08,7,1,48,93.56,0,8,0,28.287650986422264,0
2026-03-08,7,2,49,93.56,0,8,0,27.140965821775424,0
2026-03-08,7,3,43,93.56,0,8,0,51.018884167974846,0
2026-03-08,8,1,35,41.88,0,27,0,20.74941360731668,0
2026-03-08,8,2,30,41.88,0,27,0,58.86350273245498,0
2026-03-08,8,3,50,41.88,0,27,0,81.30117553631378,0
2026-03-08,9,1,91,474.95,0,10,0,143.5329107571642,0
2026-03-08,9,2,80,474.95,0,10,0,157.7378023115004,1
2026-03-08,9,3,84,474.95,0,13,3,80.33620333558876,0
2026-03-08,10,1,81,483.16,0,29,0,214.78131628234502,0
2026-03-08,10,2,86,483.16,0,29,0,135.46119973208795,0
2026-03-08,10,3,93,483.16,0,29,0,140.3699600084612,0
2026-03-08,11,1,81,406.11,0,8,0,152.71731773082257,0
2026-03-08,11,2,70,406.11,0,8,0,50.92752268626937,0
2026-03-08,11,3,80,406.11,0,8,0,73.76577646822665,0
2026-03-08,12,1,56,159.26,0,10,0,46.657852576308606,0
2026-03-08,12,2,54,159.26,0,10,0,114.95671090956273,0
2026-03-08,12,3,52,159.26,0,10,0,121.37523592442156,0
2026-03-08,13,1,50,57.86,0,9,0,48.72838983174522,0
2026-03-08,13,2,47,57.86,0,9,0,52.32429510876583,0
2026-03-08,13,3,40,57.86,0,9,0,78.1250335904262,1
2026-03-08,14,1,73,345.27,0,13,0,161.86587536769994,0
2026-03-08,14,2,80,345.27,0,13,0,96.75595242232683,0
2026-03-08,14,3,68,345.27,0,13,0,201.34697287212592,0
2026-03-08,15,1,63,225.67,0,3,0,143.2834904721004,0
2026-03-08,15,2,61,225.67,0,7,4,66.6840021325759,0
2026-03-08,15,3,59,225.67,0,3,0,148.09786317077516,0
2026-03-08,16,1,46,69.8,0,2,0,94.33434005211866,0
2026-03-08,16,2,45,69.8,0,2,0,87.58988609920331,0
2026-03-08,16,3,55,69.8,0,2,0,103.44729363544118,0
2026-03-08,17,1,62,252.64,0,17,0,70.66938135154854,0
2026-03-08,17,2,53,252.64,0,17,0,83.27807498419915,0
2026-03-08,17,3,72,252.64,0,17,0,111.0142064292526,0
2026-03-08,18,1,43,26.85,0,24,0,84.1111998189542,0
2026-03-08,18,2,46,26.85,0,24,0,124.32049933711865,0
2026-03-08,18,3,41,26.85,0,24,0,69.58237231822994,0
2026-03-08,19,1,91,455.57,0,24,0,237.10849062771587,0
2026-03-08,19,2,82,455.57,0,24,0,133.3739946625553,0
2026-03-08,19,3,82,455.57,0,24,0,43.68443288538883,0
2026-03-08,20,1,55,136.8,0,25,0,163.96547861411455,0
2026-03-08,20,2,43,136.8,0,25,0,89.49369637667537,0
2026-03-08,20,3,44,136.8,0,25,0,44.84195027394166,0
2026-03-08,21,1,71,334.64,0,6,0,194.8780395613638,0
2026-03-08,21,2,75,334.64,0,6,0,56.743438986551844,0
2026-03-08,21,3,80,334.64,0,6,0,108.45086056403954,1
2026-03-08,22,1,52,162.74,0,4,0,74.08956132881288,0
2026-03-08,22,2,52,162.74,0,4,0,103.41564738187421,0
2026-03-08,22,3,58,162.74,0,4,0,96.07162385346263,0
2026-03-08,23,1,59,264.83,0,13,0,91.00542178371555,0
2026-03-08,23,2,72,264.83,0,13,0,188.08468892128008,0
2026-03-08,23,3,63,264.83,0,13,0,147.3608210657361,0
2026-03-08,24,1,61,277.89,0,9,0,58.83347568112854,0
2026-03-08,24,2,70,277.89,0,9,0,112.73600261343475,0
2026-03-08,24,3,64,277.89,0,9,0,99.75906688465349,0
2026-03-08,25,1,57,100.58,0,23,0,165.73937883492175,0
2026-03-08,25,2,45,100.58,0,23,0,113.67876508557976,0
2026-03-08,25,3,44,100.58,0,23,0,68.20409852068784,0
2026-03-08,26,1,89,485.1,0,28,0,104.6029922542305,0
2026-03-08,26,2,93,485.1,0,28,0,201.58677038614803,0
2026-03-08,26,3,88,485.1,0,28,0,51.82737774012282,0
2026-03-08,27,1,78,389.82,0,4,0,99.5046077663054,0
2026-03-08,27,2,72,389.82,0,4,0,107.29725887735988,0
2026-03-08,27,3,75,389.82,0,4,0,50.54343860379393,0
2026-03-08,28,1,79,470.35,0,2,0,124.03624819608608,0
2026-03-08,28,2,85,470.35,0,2,0,173.09894565310765,0
2026-03-08,28,3,85,470.35,0,3,1,119.11320796085225,0
2026-03-08,29,1,87,448.47,0,4,0,131.79713277749346,0
2026-03-08,29,2,83,448.47,0,4,0,236.90231910975473,0
2026-03-08,29,3,81,448.47,0,4,0,235.70544890158712,0
2026-03-08,30,1,65,302.97,0,6,0,156.98403048473725,0
2026-03-08,30,2,78,302.97,0,6,0,228.81422694910054,0
2026-03-08,30,3,65,302.97,0,6,0,178.1855481559397,0
2026-03-08,31,1,91,461.72,0,16,0,144.10840520902414,0
2026-03-08,31,2,86,461.72,0,16,0,233.13444671375711,0
2026-03-08,31,3,176,461.72,1,16,0,484.47837078988323,0
2026-03-08,32,1,47,53.36,0,15,0,64.08346182824266,0
2026-03-08,32,2,40,53.36,0,15,0,94.56417896649775,0
2026-03-08,32,3,47,53.36,0,15,0,82.74227982051545,0
2026-03-08,33,1,44,106.03,0,4,0,88.20047850969682,1
2026-03-08,33,2,50,106.03,0,4,0,49.28967795390308,0
2026-03-08,33,3,45,106.03,0,4,0,87.01556849456965,0
2026-03-08,34,1,40,32.16,0,2,0,100.2454595279684,0
2026-03-08,34,2,45,32.16,0,2,0,100.73701897416116,0
2026-03-08,34,3,40,32.16,0,2,0,79.91472194883127,0
2026-03-08,35,1,51,169.41,0,6,0,148.14170161936576,1
2026-03-08,35,2,60,169.41,0,6,0,41.860260068078915,0
2026-03-08,35,3,60,169.41,0,6,0,105.7936310347977,0
2026-03-08,36,1,58,200.45,0,27,0,124.19478740312042,0
2026-03-08,36,2,48,200.45,0,27,0,117.20541334690954,0
2026-03-08,36,3,61,200.45,0,27,0,57.46974731252831,0
2026-03-08,37,1,59,142.96,0,28,4,162.4662559949926,0
2026-03-08,37,2,49,142.96,0,24,0,55.26954669716467,0
2026-03-08,37,3,49,142.96,0,24,0,93.7717949685389,0
2026-03-08,38,1,80,416.08,0,15,0,126.63735119230739,0
2026-03-08,38,2,80,416.08,0,15,0,139.7551418961158,0
2026-03-08,38,3,159,416.08,1,15,0,433.7627587761235,0
2026-03-08,39,1,65,184.81,0,17,9,150.73513410455953,0
2026-03-08,39,2,52,184.81,0,8,0,70.49715629744551,0
2026-03-08,39,3,54,184.81,0,8,0,123.60997000743374,0
2026-03-08,40,1,48,147.66,0,28,0,35.04438684679357,0
2026-03-08,40,2,50,147.66,0,28,0,41.27347178826349,0
2026-03-08,40,3,52,147.66,0,28,0,76.86881315196379,0
2026-03-08,41,1,71,275.92,0,10,0,118.28554615121459,0
2026-03-08,41,2,61,275.92,0,10,0,101.58568200382217,0
2026-03-08,41,3,63,275.92,0,10,0,58.027405409660666,0
2026-03-08,42,1,46,79.05,0,16,0,107.46964548103155,0
2026-03-08,42,2,43,79.05,0,16,0,41.822085082044765,1
2026-03-08,42,3,48,79.05,0,16,0,86.81129229704676,0
2026-03-08,43,1,76,403.08,0,16,0,209.74939035630752,0
2026-03-08,43,2,75,403.08,0,16,0,130.05102044252305,0
2026-03-08,43,3,86,403.08,0,16,0,244.74962983982604,0
2026-03-08,44,1,44,46.53,0,27,0,35.733706475536295,0
2026-03-08,44,2,36,46.53,0,27,0,43.86106616473201,0
2026-03-08,44,3,45,46.53,0,27,0,67.4061619747693,0
2026-03-08,45,1,85,493.57,0,11,0,164.63507697558404,0
2026-03-08,45,2,84,493.57,0,11,0,123.8230621054932,1
2026-03-08,45,3,173,493.57,1,11,0,210.20669687183232,0
2026-03-08,46,1,77,388.4,0,29,0,190.4402836540425,0
2026-03-08,46,2,74,388.4,0,29,0,186.71939527644514,0
2026-03-08,46,3,73,388.4,0,29,0,152.80219040680544,0
2026-03-08,47,1,56,107.37,0,14,0,166.30987587928848,0
2026-03-08,47,2,39,107.37,0,14,0,87.81650365931661,0
2026-03-08,47,3,45,107.37,0,14,0,128.3844687051997,0
2026-03-08,48,1,46,12.71,0,20,0,69.15248541442286,0
2026-03-08,48,2,34,12.71,0,20,0,56.11822931452086,0
2026-03-08,48,3,47,12.71,0,20,0,117.12530763471521,0
2026-03-08,49,1,85,409.58,0,8,0,168.79185341616628,0
2026-03-08,49,2,74,409.58,0,8,0,201.00852091717485,0
2026-03-08,49,3,85,409.58,0,8,0,109.52874775092391,0
2026-03-08,50,1,149,356.36,1,18,0,360.2003734463081,0
2026-03-08,50,2,70,356.36,0,18,0,93.61887876108457,0
2026-03-08,50,3,74,356.36,0,18,0,116.02959439447413,0
2026-03-09,1,1,73,394.74,0,4,0,173.84286499645992,0
2026-03-09,1,2,74,394.74,0,4,0,114.47353015792929,0
2026-03-09,1,3,86,394.74,0,4,0,130.6396699248254,0
2026-03-09,2,1,49,107.84,0,4,0,78.69037959381339,0
2026-03-09,2,2,41,107.84,0,4,0,37.665230595489284,0
2026-03-09,2,3,47,107.84,0,4,0,124.51972616936706,0
2026-03-09,3,1,57,261.97,0,2,0,32.06104644276361,0
2026-03-09,3,2,54,261.97,0,2,0,132.8141212394048,0
2026-03-09,3,3,55,261.97,0,2,0,101.93294000649996,0
2026-03-09,4,1,55,300.28,0,28,0,29.756612293480504,0
2026-03-09,4,2,71,300.28,0,28,0,114.33365794290981,0
2026-03-09,4,3,60,300.28,0,28,0,139.20366084985244,0
2026-03-09,5,1,32,32.76,0,6,0,72.99304838284752,0
2026-03-09,5,2,27,32.76,0,6,0,43.92424450661073,0
2026-03-09,5,3,42,32.76,0,6,0,76.94407847044226,0
2026-03-09,6,1,60,307.7,0,11,0,53.81145887203885,0
2026-03-09,6,2,66,307.7,0,11,0,95.07942429364027,0
2026-03-09,6,3,67,307.7,0,11,0,87.88746710523647,0
2026-03-09,7,1,34,93.56,0,8,0,96.28916871742342,0
2026-03-09,7,2,38,93.56,0,8,0,89.79584378525495,0
2026-03-09,7,3,44,93.56,0,8,0,77.2727067183827,0
2026-03-09,8,1,36,41.88,0,27,0,87.30309531210239,0
2026-03-09,8,2,40,41.88,0,27,0,31.40850783649162,0
2026-03-09,8,3,39,41.88,0,27,0,69.62523167307414,0
2026-03-09,9,1,74,474.95,0,10,0,194.36684545590862,0
2026-03-09,9,2,83,474.95,0,10,0,146.63263127908235,0
2026-03-09,9,3,82,474.95,0,10,0,242.56669845809895,0
2026-03-09,10,1,94,483.16,0,29,0,112.96349166403667,0
2026-03-09,10,2,78,483.16,0,29,0,88.89838762057252,0
2026-03-09,10,3,80,483.16,0,29,0,55.787216705795885,0
2026-03-09,11,1,72,406.11,0,8,0,165.19086497564933,0
2026-03-09,11,2,77,406.11,0,8,0,92.34610026920564,0
2026-03-09,11,3,64,406.11,0,8,0,149.7278979385488,0
2026-03-09,12,1,60,159.26,0,14,4,68.80044481625603,0
2026-03-09,12,2,49,159.26,0,10,0,73.92240821797245,0
2026-03-09,12,3,55,159.26,0,10,0,42.04821784989308,0
2026-03-09,13,1,41,57.86,0,9,0,65.4158789528859,0
2026-03-09,13,2,34,57.86,0,9,0,67.22231836135842,0
2026-03-09,13,3,33,57.86,0,14,5,78.59983724324019,0
2026-03-09,14,1,70,345.27,0,13,0,105.30227100218771,0
2026-03-09,14,2,73,345.27,0,13,0,160.09572942220768,0
2026-03-09,14,3,67,345.27,0,13,0,90.65679906099572,0
2026-03-09,15,1,47,225.67,0,3,0,118.72151284807327,0
2026-03-09,15,2,55,225.67,0,3,0,129.28824231736678,0
2026-03-09,15,3,56,225.67,0,3,0,162.7192082405089,0
2026-03-09,16,1,41,69.8,0,2,0,68.99294002735947,0
2026-03-09,16,2,47,69.8,0,2,0,72.4387296150479,0
2026-03-09,16,3,52,69.8,0,2,0,126.88295033692287,0
2026-03-09,17,1,62,252.64,0,17,0,150.60190537687032,0
2026-03-09,17,2,61,252.64,0,17,0,137.93582072751772,0
2026-03-09,17,3,57,252.64,0,21,4,84.75392318705774,0
2026-03-09,18,1,40,26.85,0,24,0,97.4467375576978,0
2026-03-09,18,2,36,26.85,0,24,0,88.47049211155775,0
2026-03-09,18,3,42,26.85,0,24,0,116.6339769791817,0
2026-03-09,19,1,75,455.57,0,24,0,102.77138062580319,0
2026-03-09,19,2,77,455.57,0,24,0,95.0508740916428,0
2026-03-09,19,3,83,455.57,0,24,0,53.99905182332207,0
2026-03-09,20,1,46,136.8,0,25,0,41.15298454212503,0
2026-03-09,20,2,50,136.8,0,25,0,119.09103863620007,0
2026-03-09,20,3,37,136.8,0,25,0,98.7120926648874,0
2026-03-09,21,1,62,334.64,0,6,0,101.73044195633658,0
2026-03-09,21,2,74,334.64,0,6,0,175.53177278498936,0
2026-03-09,21,3,62,334.64,0,6,0,99.27045049240381,0
2026-03-09,22,1,54,162.74,0,4,0,38.452480830922134,0
2026-03-09,22,2,50,162.74,0,4,0,70.39830633574876,0
2026-03-09,22,3,48,162.74,0,4,0,118.76138398132342,0
2026-03-09,23,1,59,264.83,0,13,0,150.45496677720416,0
2026-03-09,23,2,61,264.83,0,13,0,104.63894360066926,0
2026-03-09,23,3,58,264.83,0,13,0,97.8897444463808,0
2026-03-09,24,1,63,277.89,0,9,0,165.3990839878135,1
2026-03-09,24,2,60,277.89,0,9,0,139.7239036611596,0
2026-03-09,24,3,61,277.89,0,9,0,157.78516395047194,0
2026-03-09,25,1,46,100.58,0,23,0,123.49428159948769,0
2026-03-09,25,2,36,100.58,0,23,0,76.85707557610063,0
2026-03-09,25,3,42,100.58,0,23,0,91.10305694722508,0
2026-03-09,26,1,89,485.1,0,28,0,158.83830753587858,0
2026-03-09,26,2,78,485.1,0,28,0,188.25978453822398,0
2026-03-09,26,3,73,485.1,0,28,0,85.28724565346715,0
2026-03-09,27,1,71,389.82,0,4,0,202.9807304659714,0
2026-03-09,27,2,76,389.82,0,4,0,226.12165129983458,0
2026-03-09,27,3,70,389.82,0,4,0,73.7642620723431,0
2026-03-09,28,1,82,470.35,0,2,0,149.2852783243953,0
2026-03-09,28,2,81,470.35,0,2,0,159.92999016738193,0
2026-03-09,28,3,88,470.35,0,2,0,259.8754060280071,0
2026-03-09,29,1,77,448.47,0,4,0,136.32143845285964,0
2026-03-09,29,2,84,448.47,0,4,0,49.79497394895165,0
2026-03-09,29,3,82,448.47,0,12,8,188.06803402596512,0
2026-03-09,30,1,58,302.97,0,6,0,35.571111826945106,0
2026-03-09,30,2,66,302.97,0,6,0,45.95902918993281,0
2026-03-09,30,3,64,302.97,0,6,0,123.38519234198162,0
2026-03-09,31,1,85,461.72,0,20,4,160.07931780813004,0
2026-03-09,31,2,77,461.72,0,22,6,224.3602038937179,0
2026-03-09,31,3,83,461.72,0,16,0,237.96316995094946,0
2026-03-09,32,1,34,53.36,0,15,0,60.271210436788046,0
2026-03-09,32,2,48,53.36,0,15,0,125.07796678637612,0
2026-03-09,32,3,85,53.36,1,15,0,50.01444852124775,0
2026-03-09,33,1,46,106.03,0,4,0,48.955696155317646,0
2026-03-09,33,2,52,106.03,0,4,0,153.77548298314946,0
2026-03-09,33,3,48,106.03,0,4,0,132.39857361824855,0
2026-03-09,34,1,43,32.16,0,2,0,116.32981131684139,0
2026-03-09,34,2,39,32.16,0,2,0,39.20939299441898,0
2026-03-09,34,3,36,32.16,0,2,0,64.91984472201928,0
2026-03-09,35,1,44,169.41,0,7,1,85.32581813224122,0
2026-03-09,35,2,46,169.41,0,6,0,60.8331905328253,0
2026-03-09,35,3,46,169.41,0,6,0,109.8722755184629,0
2026-03-09,36,1,55,200.45,0,27,0,134.69424617906353,0
2026-03-09,36,2,55,200.45,0,27,0,66.18279872553603,0
2026-03-09,36,3,56,200.45,0,27,0,102.22678684582525,0
2026-03-09,37,1,49,142.96,0,24,0,50.26873518221252,0
2026-03-09,37,2,49,142.96,0,24,0,123.11003070338265,0
2026-03-09,37,3,46,142.96,0,24,0,59.073057512374305,0
2026-03-09,38,1,73,416.08,0,15,0,81.58573102199493,0
2026-03-09,38,2,76,416.08,0,15,0,195.7545171843851,0
2026-03-09,38,3,74,416.08,0,15,0,181.0598166818059,0
2026-03-09,39,1,60,184.81,0,8,0,70.47654795995314,0
2026-03-09,39,2,49,184.81,0,17,9,136.1699009730107,0
2026-03-09,39,3,49,184.81,0,8,0,100.1484458242958,0
2026-03-09,40,1,50,147.66,0,28,0,95.45178926516652,0
2026-03-09,40,2,44,147.66,0,28,0,52.85627875986855,0
2026-03-09,40,3,54,147.66,0,28,0,56.018934612876116,0
2026-03-09,41,1,62,275.92,0,10,0,180.2842501351913,0
2026-03-09,41,2,62,275.92,0,10,0,91.73256425180979,0
2026-03-09,41,3,63,275.92,0,10,0,133.50459682480945,0
2026-03-09,42,1,37,79.05,0,16,0,48.694465428265765,0
2026-03-09,42,2,47,79.05,0,16,0,60.458102769113076,0
2026-03-09,42,3,37,79.05,0,16,0,89.89895375512486,0
2026-03-09,43,1,81,403.08,0,16,0,171.4328383621459,0
2026-03-09,43,2,80,403.08,0,16,0,117.34010236899209,0
2026-03-09,43,3,69,403.08,0,16,0,85.98335615955878,0
2026-03-09,44,1,41,46.53,0,27,0,53.5298916014108,0
2026-03-09,44,2,48,46.53,0,27,0,44.23802308164305,0
2026-03-09,44,3,37,46.53,0,27,0,102.9708250127427,0
2026-03-09,45,1,78,493.57,0,11,0,89.62680824265787,0
2026-03-09,45,2,93,493.57,0,11,0,187.17720552864714,0
2026-03-09,45,3,79,493.57,0,11,0,159.36979795585424,1
2026-03-09,46,1,70,388.4,0,29,0,69.0072271950488,0
2026-03-09,46,2,78,388.4,0,29,0,90.90119775648014,0
2026-03-09,46,3,69,388.4,0,29,0,178.04880802039804,0
2026-03-09,47,1,50,107.37,0,14,0,148.52587582492868,1
2026-03-09,47,2,45,107.37,0,14,0,104.13624101921657,0
2026-03-09,47,3,35,107.37,0,14,0,49.64256829750207,0
2026-03-09,48,1,36,12.71,0,20,0,95.30160678891683,0
2026-03-09,48,2,47,12.71,0,20,0,127.33069797330576,0
2026-03-09,48,3,31,12.71,0,20,0,92.3345191409082,0
2026-03-09,49,1,71,409.58,0,8,0,39.74097939775052,1
2026-03-09,49,2,77,409.58,0,8,0,133.24275351768947,0
2026-03-09,49,3,70,409.58,0,8,0,188.50047150298005,0
2026-03-09,50,1,68,356.36,0,18,0,173.4245756568227,1
2026-03-09,50,2,70,356.36,0,18,0,101.05550921768696,0
2026-03-09,50,3,72,356.36,0,18,0,128.47937330774513,0
2026-03-10,1,1,68,394.74,0,4,0,146.49005412074365,0
2026-03-10,1,2,73,394.74,0,4,0,192.9258717650174,0
2026-03-10,1,3,73,394.74,0,4,0,200.1360877056361,0
2026-03-10,2,1,42,107.84,0,4,0,95.79625202929788,0
2026-03-10,2,2,54,107.84,0,4,0,54.85263766603537,0
2026-03-10,2,3,54,107.84,0,4,0,89.42300257977504,0
2026-03-10,3,1,63,261.97,0,2,0,106.51520371010014,0
2026-03-10,3,2,54,261.97,0,2,0,125.68454458973528,0
2026-03-10,3,3,58,261.97,0,2,0,41.1627116734528,1
2026-03-10,4,1,58,300.28,0,28,0,80.00816942839347,0
2026-03-10,4,2,65,300.28,0,28,0,165.93170149329654,0
2026-03-10,4,3,136,300.28,1,28,0,208.57206642246965,0
2026-03-10,5,1,76,32.76,1,6,0,69.79856955289726,0
2026-03-10,5,2,38,32.76,0,6,0,51.7860520580884,0
2026-03-10,5,3,24,32.76,0,6,0,59.10787718024183,0
2026-03-10,6,1,58,307.7,0,11,0,44.78352933964531,0
2026-03-10,6,2,68,307.7,0,11,0,53.50534121442496,0
2026-03-10,6,3,67,307.7,0,11,0,162.20443886216862,0
2026-03-10,7,1,41,93.56,0,8,0,92.283396007207,0
2026-03-10,7,2,43,93.56,0,8,0,112.88708424773087,0
2026-03-10,7,3,55,93.56,0,8,0,133.99844839060603,0
2026-03-10,8,1,54,41.88,0,27,0,55.95152498483655,0
2026-03-10,8,2,40,41.88,0,27,0,61.373034881979095,0
2026-03-10,8,3,37,41.88,0,27,0,66.03140347814418,0
2026-03-10,9,1,73,474.95,0,10,0,87.12569070935639,0
2026-03-10,9,2,79,474.95,0,10,0,107.70472249621676,0
2026-03-10,9,3,86,474.95,0,10,0,72.73269795572344,0
2026-03-10,10,1,86,483.16,0,29,0,152.19128083978893,0
2026-03-10,10,2,87,483.16,0,29,0,49.4515262841703,0
2026-03-10,10,3,74,483.16,0,34,5,145.83957921911366,0
2026-03-10,11,1,64,406.11,0,8,0,161.65514041250955,0
2026-03-10,11,2,73,406.11,0,8,0,87.34063335460654,0
2026-03-10,11,3,79,406.11,0,8,0,142.40691254663858,0
2026-03-10,12,1,59,159.26,0,10,0,149.18593800969995,0
2026-03-10,12,2,49,159.26,0,10,0,49.45599293032069,0
2026-03-10,12,3,53,159.26,0,10,0,58.52352243397586,0
2026-03-10,13,1,44,57.86,0,9,0,129.64949915135202,1
2026-03-10,13,2,42,57.86,0,9,0,70.85265318357087,0
2026-03-10,13,3,42,57.86,0,9,0,106.85394536964135,0
2026-03-10,14,1,65,345.27,0,13,0,194.05169250827134,1
2026-03-10,14,2,64,345.27,0,13,0,82.12256872392514,0
2026-03-10,14,3,66,345.27,0,13,0,133.82088297215384,0
2026-03-10,15,1,57,225.67,0,3,0,139.6393619785403,0
2026-03-10,15,2,61,225.67,0,3,0,121.51708536860878,0
2026-03-10,15,3,54,225.67,0,3,0,118.66534044071787,0
2026-03-10,16,1,40,69.8,0,2,0,38.241562421199305,0
2026-03-10,16,2,39,69.8,0,2,0,65.68874219248981,0
2026-03-10,16,3,50,69.8,0,2,0,103.21497617360671,0
2026-03-10,17,1,51,252.64,0,17,0,113.55527158454365,0
2026-03-10,17,2,52,252.64,0,17,0,109.5684951824231,0
2026-03-10,17,3,46,252.64,0,17,0,74.88448560291121,0
2026-03-10,18,1,39,26.85,0,24,0,62.62815734421137,0
2026-03-10,18,2,36,26.85,0,24,0,104.44238630251962,0
2026-03-10,18,3,34,26.85,0,24,0,65.46149452797131,0
2026-03-10,19,1,89,455.57,0,24,0,150.98923844113023,0
2026-03-10,19,2,88,455.57,0,24,0,168.9664226091906,1
2026-03-10,19,3,82,455.57,0,26,2,205.01566001136396,0
2026-03-10,20,1,52,136.8,0,25,0,126.06698311795925,0
2026-03-10,20,2,48,136.8,0,25,0,85.39559998616478,0
2026-03-10,20,3,52,136.8,0,28,3,63.88681761824825,0
2026-03-10,21,1,67,334.64,0,6,0,70.3815623284198,0
2026-03-10,21,2,66,334.64,0,6,0,47.51938569390711,0
2026-03-10,21,3,63,334.64,0,6,0,62.59678620408066,0
2026-03-10,22,1,51,162.74,0,4,0,149.26094956383497,0
2026-03-10,22,2,45,162.74,0,4,0,58.63804159087118,0
2026-03-10,22,3,53,162.74,0,4,0,131.4358402857277,0
2026-03-10,23,1,55,264.83,0,13,0,123.56903243032787,0
2026-03-10,23,2,63,264.83,0,13,0,92.47722336984364,0
2026-03-10,23,3,58,264.83,0,13,0,103.87984831600538,0
2026-03-10,24,1,65,277.89,0,9,0,62.239646483580884,0
2026-03-10,24,2,58,277.89,0,9,0,160.979883611513,0
2026-03-10,24,3,61,277.89,0,9,0,98.48442099299963,0
2026-03-10,25,1,44,100.58,0,28,5,113.47140796814426,0
2026-03-10,25,2,37,100.58,0,23,0,85.16756463656462,0
2026-03-10,25,3,41,100.58,0,23,0,59.570328160097645,0
2026-03-10,26,1,91,485.1,0,28,0,267.19465649518156,0
2026-03-10,26,2,71,485.1,0,28,0,74.78106276912436,0
2026-03-10,26,3,87,485.1,0,28,0,257.79767943791876,0
2026-03-10,27,1,68,389.82,0,4,0,174.83257956544287,0
2026-03-10,27,2,74,389.82,0,4,0,78.03407760368592,0
2026-03-10,27,3,74,389.82,0,4,0,209.61413842443213,0
2026-03-10,28,1,86,470.35,0,2,0,117.17414306592049,0
2026-03-10,28,2,79,470.35,0,2,0,196.64433998452694,0
2026-03-10,28,3,83,470.35,0,2,0,109.29419605350009,0
2026-03-10,29,1,77,448.47,0,4,0,92.9556206113027,0
2026-03-10,29,2,84,448.47,0,4,0,116.4063515472377,0
2026-03-10,29,3,85,448.47,0,4,0,166.82783220843694,0
2026-03-10,30,1,61,302.97,0,6,0,104.19027583080816,0
2026-03-10,30,2,61,302.97,0,6,0,64.64913107013878,0
2026-03-10,30,3,61,302.97,0,6,0,31.679455084904752,0
2026-03-10,31,1,88,461.72,0,16,0,169.55715655868974,0
2026-03-10,31,2,87,461.72,0,16,0,205.52930489476287,0
2026-03-10,31,3,74,461.72,0,16,0,179.49929508013702,0
2026-03-10,32,1,41,53.36,0,15,0,119.92875740052425,0
2026-03-10,32,2,37,53.36,0,15,0,38.797674312799884,0
2026-03-10,32,3,43,53.36,0,15,0,74.76593480039185,0
2026-03-10,33,1,40,106.03,0,4,0,103.85835555214938,1
2026-03-10,33,2,41,106.03,0,4,0,99.5841028405429,0
2026-03-10,33,3,42,106.03,0,4,0,76.39528074814166,0
2026-03-10,34,1,41,32.16,0,2,0,117.00084282186275,0
2026-03-10,34,2,38,32.16,0,2,0,39.173970827677934,0
2026-03-10,34,3,41,32.16,0,11,9,101.93167942339903,0
2026-03-10,35,1,43,169.41,0,6,0,63.027153255024594,0
2026-03-10,35,2,50,169.41,0,6,0,57.074530476760835,0
2026-03-10,35,3,49,169.41,0,6,0,143.7973194707707,0
2026-03-10,36,1,52,200.45,0,27,0,70.75832038137706,0
2026-03-10,36,2,54,200.45,0,27,0,45.85725174196781,0
2026-03-10,36,3,55,200.45,0,27,0,80.96164351561212,0
2026-03-10,37,1,54,142.96,0,24,0,73.67365038899764,0
2026-03-10,37,2,48,142.96,0,24,0,37.45438385854421,0
2026-03-10,37,3,50,142.96,0,24,0,42.63042009932493,0
2026-03-10,38,1,80,416.08,0,15,0,171.14669939181923,0
2026-03-10,38,2,71,416.08,0,17,2,123.076558592177,1
2026-03-10,38,3,79,416.08,0,15,0,196.4350094702082,0
2026-03-10,39,1,109,184.81,1,8,0,201.55556928474257,0
2026-03-10,39,2,48,184.81,0,16,8,91.78253472489817,0
2026-03-10,39,3,56,184.81,0,8,0,143.79373333456098,0
2026-03-10,40,1,44,147.66,0,28,0,82.67218337876889,0
2026-03-10,40,2,44,147.66,0,28,0,70.79956824565124,0
2026-03-10,40,3,51,147.66,0,28,0,86.21496839694879,0
2026-03-10,41,1,63,275.92,0,10,0,127.03046097591888,0
2026-03-10,41,2,122,275.92,1,10,0,273.4551416725814,0
2026-03-10,41,3,62,275.92,0,10,0,57.229633590250614,0
2026-03-10,42,1,40,79.05,0,16,0,48.79295690678889,0
2026-03-10,42,2,47,79.05,0,16,0,121.85154725623113,0
2026-03-10,42,3,43,79.05,0,16,0,51.81333491562144,0
2026-03-10,43,1,75,403.08,0,16,0,173.02942372456934,0
2026-03-10,43,2,75,403.08,0,16,0,127.22750413603416,0
2026-03-10,43,3,76,403.08,0,16,0,51.82720851446765,0
2026-03-10,44,1,40,46.53,0,27,0,33.49693360647927,0
2026-03-10,44,2,41,46.53,0,27,0,120.62785537228679,0
2026-03-10,44,3,38,46.53,0,27,0,65.4393498037874,0
2026-03-10,45,1,86,493.57,0,11,0,251.7982344494632,0
2026-03-10,45,2,85,493.57,0,11,0,159.72928016404754,0
2026-03-10,45,3,86,493.57,0,11,0,69.2776858929743,0
2026-03-10,46,1,73,388.4,0,29,0,202.89910619939926,0
2026-03-10,46,2,64,388.4,0,29,0,58.94936763625071,0
2026-03-10,46,3,74,388.4,0,29,0,213.57900545141814,0
2026-03-10,47,1,53,107.37,0,14,0,135.48485910333656,0
2026-03-10,47,2,45,107.37,0,14,0,24.117125640323522,0
2026-03-10,47,3,36,107.37,0,14,0,87.55368952182539,0
2026-03-10,48,1,48,12.71,0,20,0,85.84751966138212,0
2026-03-10,48,2,35,12.71,0,20,0,71.59730997349769,0
2026-03-10,48,3,35,12.71,0,20,0,25.1425716683252,0
2026-03-10,49,1,66,409.58,0,8,0,177.4538624472379,0
2026-03-10,49,2,71,409.58,0,8,0,177.33377969746306,0
2026-03-10,49,3,72,409.58,0,8,0,56.41445880700717,0
2026-03-10,50,1,71,356.36,0,18,0,139.3582246659246,0
2026-03-10,50,2,64,356.36,0,18,0,124.68784203938239,0
2026-03-10,50,3,69,356.36,0,18,0,110.85052011887585,0
2026-03-11,1,1,72,394.74,0,4,0,88.42459947778235,0
2026-03-11,1,2,61,394.74,0,10,6,51.91466965102443,0
2026-03-11,1,3,72,394.74,0,4,0,161.81870596170998,0
2026-03-11,2,1,43,107.84,0,4,0,104.78869343485617,0
2026-03-11,2,2,45,107.84,0,4,0,90.79096246284337,0
2026-03-11,2,3,47,107.84,0,4,0,73.05828128870823,0
2026-03-11,3,1,61,261.97,0,2,0,150.7184186652686,0
2026-03-11,3,2,66,261.97,0,2,0,175.83173055230156,0
2026-03-11,3,3,58,261.97,0,2,0,108.71837734052997,0
2026-03-11,4,1,60,300.28,0,30,2,147.70670680492933,0
2026-03-11,4,2,57,300.28,0,28,0,69.00235434023367,0
2026-03-11,4,3,58,300.28,0,28,0,129.27021441450492,0
2026-03-11,5,1,42,32.76,0,6,0,42.01301584889078,0
2026-03-11,5,2,27,32.76,0,6,0,39.59067859549492,0
2026-03-11,5,3,36,32.76,0,6,0,43.38225584072192,0
2026-03-11,6,1,62,307.7,0,11,0,102.05619283050937,0
2026-03-11,6,2,68,307.7,0,11,0,189.03004441360258,0
2026-03-11,6,3,63,307.7,0,11,0,183.53573825176758,0
2026-03-11,7,1,47,93.56,0,8,0,29.351434568024928,0
2026-03-11,7,2,39,93.56,0,8,0,65.6032979622401,0
2026-03-11,7,3,38,93.56,0,8,0,30.19176612628831,0
2026-03-11,8,1,46,41.88,0,27,0,97.76838289471759,0
2026-03-11,8,2,37,41.88,0,27,0,62.691241638688425,0
2026-03-11,8,3,42,41.88,0,27,0,119.24050280339094,0
2026-03-11,9,1,81,474.95,0,10,0,151.4939257021511,0
2026-03-11,9,2,81,474.95,0,10,0,126.82123592791517,0
2026-03-11,9,3,90,474.95,0,10,0,151.0390757443196,0
2026-03-11,10,1,77,483.16,0,29,0,136.89219577859282,0
2026-03-11,10,2,84,483.16,0,29,0,100.06252482339765,0
2026-03-11,10,3,84,483.16,0,29,0,203.0700793905387,0
2026-03-11,11,1,72,406.11,0,8,0,102.03845586583927,0
2026-03-11,11,2,83,406.11,0,8,0,54.2391907536094,0
2026-03-11,11,3,71,406.11,0,8,0,84.79259456798451,0
2026-03-11,12,1,52,159.26,0,10,0,143.8739973978907,0
2026-03-11,12,2,53,159.26,0,10,0,122.16031454368633,0
2026-03-11,12,3,49,159.26,0,10,0,125.07040660397642,0
2026-03-11,13,1,38,57.86,0,9,0,20.015183202969684,0
2026-03-11,13,2,40,57.86,0,9,0,118.20274120561832,0
2026-03-11,13,3,45,57.86,0,9,0,97.40095013686134,0
2026-03-11,14,1,73,345.27,0,13,0,118.04974473973583,0
2026-03-11,14,2,74,345.27,0,13,0,65.87674678940176,0
2026-03-11,14,3,57,345.27,0,13,0,107.97814719822627,0
2026-03-11,15,1,57,225.67,0,3,0,129.24159324149446,0
2026-03-11,15,2,52,225.67,0,3,0,46.73338971679436,1
2026-03-11,15,3,56,225.67,0,3,0,38.28741778190288,0
2026-03-11,16,1,41,69.8,0,2,0,36.383282247279666,0
2026-03-11,16,2,40,69.8,0,2,0,42.073107130922445,0
2026-03-11,16,3,41,69.8,0,2,0,25.67388169211073,0
2026-03-11,17,1,59,252.64,0,17,0,119.37725220024727,0
2026-03-11,17,2,64,252.64,0,17,0,119.9261729608856,0
2026-03-11,17,3,51,252.64,0,17,0,137.28604215056455,0
2026-03-11,18,1,33,26.85,0,24,0,86.5486687817959,0
2026-03-11,18,2,35,26.85,0,24,0,100.23414932750765,0
2026-03-11,18,3,35,26.85,0,24,0,31.134066901039684,0
2026-03-11,19,1,82,455.57,0,24,0,210.4486474494216,0
2026-03-11,19,2,86,455.57,0,24,0,221.0480339341239,0
2026-03-11,19,3,78,455.57,0,24,0,81.11037654556554,0
2026-03-11,20,1,40,136.8,0,25,0,108.29127654771611,0
2026-03-11,20,2,56,136.8,0,25,0,146.2959226991266,0
2026-03-11,20,3,55,136.8,0,25,0,131.31267237418854,0
2026-03-11,21,1,72,334.64,0,6,0,86.13163180914212,0
2026-03-11,21,2,59,334.64,0,6,0,172.61920516770616,0
2026-03-11,21,3,63,334.64,0,6,0,108.45854247428316,0
2026-03-11,22,1,44,162.74,0,4,0,101.37340094467629,0
2026-03-11,22,2,57,162.74,0,4,0,103.3998192700495,0
2026-03-11,22,3,50,162.74,0,4,0,28.144375257481467,0
2026-03-11,23,1,59,264.83,0,13,0,112.27511192748814,0
2026-03-11,23,2,67,264.83,0,13,0,63.05748394586077,1
2026-03-11,23,3,55,264.83,0,13,0,81.43936108983642,0
2026-03-11,24,1,65,277.89,0,9,0,192.27443355747087,0
2026-03-11,24,2,63,277.89,0,9,0,147.5706170637556,0
2026-03-11,24,3,72,277.89,0,17,8,174.19145240980671,0
2026-03-11,25,1,46,100.58,0,23,0,98.1466715073661,0
2026-03-11,25,2,48,100.58,0,23,0,43.899361557132806,0
2026-03-11,25,3,41,100.58,0,23,0,52.80640440637942,0
2026-03-11,26,1,83,485.1,0,28,0,211.75625463201501,0
2026-03-11,26,2,82,485.1,0,28,0,107.49655863462186,0
2026-03-11,26,3,88,485.1,0,28,0,52.291082447157194,0
2026-03-11,27,1,67,389.82,0,4,0,36.97392956748849,0
2026-03-11,27,2,75,389.82,0,4,0,199.64845467849332,0
2026-03-11,27,3,69,389.82,0,4,0,44.10434057816648,0
2026-03-11,28,1,74,470.35,0,2,0,47.33032409266268,0
2026-03-11,28,2,79,470.35,0,2,0,61.246171688636345,0
2026-03-11,28,3,86,470.35,0,2,0,215.75351063752169,0
2026-03-11,29,1,82,448.47,0,4,0,154.58803990195705,0
2026-03-11,29,2,86,448.47,0,4,0,151.47650260432283,0
2026-03-11,29,3,85,448.47,0,4,0,95.1372851075682,0
2026-03-11,30,1,63,302.97,0,6,0,33.677595172567415,0
2026-03-11,30,2,61,302.97,0,6,0,154.19764627957454,0
2026-03-11,30,3,63,302.97,0,6,0,144.14057991157378,0
2026-03-11,31,1,79,461.72,0,16,0,75.67690402587853,0
2026-03-11,31,2,81,461.72,0,16,0,156.15263711184778,0
2026-03-11,31,3,73,461.72,0,16,0,152.73871052712812,0
2026-03-11,32,1,31,53.36,0,15,0,84.54325207469218,0
2026-03-11,32,2,41,53.36,0,15,0,46.19829534362589,0
2026-03-11,32,3,35,53.36,0,15,0,69.65615865704943,0
2026-03-11,33,1,45,106.03,0,4,0,96.6119580188693,0
2026-03-11,33,2,46,106.03,0,4,0,136.2737007581422,1
2026-03-11,33,3,48,106.03,0,4,0,63.62917481039908,0
2026-03-11,34,1,34,32.16,0,2,0,93.1055080520894,0
2026-03-11,34,2,40,32.16,0,2,0,108.22752321220679,0
2026-03-11,34,3,28,32.16,0,2,0,25.04366226926569,1
2026-03-11,35,1,48,169.41,0,6,0,92.14276664021463,0
2026-03-11,35,2,53,169.41,0,6,0,147.94235203960847,0
2026-03-11,35,3,54,169.41,0,6,0,159.00766753353977,0
2026-03-11,36,1,52,200.45,0,27,0,142.85390497393396,0
2026-03-11,36,2,63,200.45,0,27,0,128.13770787771324,0
2026-03-11,36,3,56,200.45,0,27,0,113.43764561292295,0
2026-03-11,37,1,47,142.96,0,24,0,140.47573042182924,0
2026-03-11,37,2,45,142.96,0,24,0,57.47895011049227,0
2026-03-11,37,3,52,142.96,0,24,0,148.7260578921181,0
2026-03-11,38,1,73,416.08,0,15,0,121.27040660644032,0
2026-03-11,38,2,83,416.08,0,15,0,209.5641971520593,0
2026-03-11,38,3,81,416.08,0,15,0,146.66660666616474,0
2026-03-11,39,1,47,184.81,0,8,0,111.96184821521281,0
2026-03-11,39,2,52,184.81,0,8,0,89.24431297344105,0
2026-03-11,39,3,69,184.81,0,8,0,195.02434326574723,0
2026-03-11,40,1,49,147.66,0,28,0,82.95678878115513,0
2026-03-11,40,2,49,147.66,0,28,0,120.76796340037704,0
2026-03-11,40,3,43,147.66,0,28,0,72.38689883893065,0
2026-03-11,41,1,64,275.92,0,10,0,94.93055250094463,0
2026-03-11,41,2,65,275.92,0,10,0,103.2731310413245,1
2026-03-11,41,3,62,275.92,0,10,0,83.48155429419802,0
2026-03-11,42,1,45,79.05,0,16,0,106.11023936696729,0
2026-03-11,42,2,39,79.05,0,16,0,100.14898943795974,0
2026-03-11,42,3,38,79.05,0,16,0,62.17606146128222,0
2026-03-11,43,1,66,403.08,0,16,0,125.2611579233388,0
2026-03-11,43,2,76,403.08,0,16,0,148.96763235089477,0
2026-03-11,43,3,76,403.08,0,16,0,124.74164480476153,0
2026-03-11,44,1,40,46.53,0,27,0,62.60545571391106,0
2026-03-11,44,2,75,46.53,1,27,0,99.65009475264844,0
2026-03-11,44,3,43,46.53,0,27,0,110.50468144560453,0
2026-03-11,45,1,79,493.57,0,11,0,141.4682814878672,0
2026-03-11,45,2,79,493.57,0,11,0,108.79034293817476,0
2026-03-11,45,3,81,493.57,0,11,0,79.8069097796071,0
2026-03-11,46,1,76,388.4,0,29,0,211.98545957082018,0
2026-03-11,46,2,76,388.4,0,29,0,178.80037583297812,0
2026-03-11,46,3,69,388.4,0,29,0,117.33089120810473,0
2026-03-11,47,1,41,107.37,0,14,0,59.38320645828795,0
2026-03-11,47,2,46,107.37,0,14,0,42.51174125619556,0
2026-03-11,47,3,40,107.37,0,14,0,108.88620604615741,0
2026-03-11,48,1,36,12.71,0,20,0,97.32265908981014,0
2026-03-11,48,2,33,12.71,0,20,0,84.80586908947785,0
2026-03-11,48,3,31,12.71,0,20,0,24.627711176497137,0
2026-03-11,49,1,74,409.58,0,8,0,194.40367064212487,0
2026-03-11,49,2,79,409.58,0,8,0,77.88850976370615,0
2026-03-11,49,3,78,409.58,0,8,0,192.54385480490527,0
2026-03-11,50,1,72,356.36,0,18,0,110.63874360128153,0
2026-03-11,50,2,65,356.36,0,18,0,71.83934271573467,1
2026-03-11,50,3,65,356.36,0,18,0,36.586292985566914,0
2026-03-12,1,1,77,394.74,0,4,0,103.79130419492934,0
2026-03-12,1,2,77,394.74,0,4,0,77.1789815907727,1
2026-03-12,1,3,68,394.74,0,4,0,163.35081914926272,0
2026-03-12,2,1,42,107.84,0,4,0,49.50675925570203,0
2026-03-12,2,2,44,107.84,0,4,0,94.45082770305737,0
2026-03-12,2,3,41,107.84,0,4,0,103.17223249503488,0
2026-03-12,3,1,69,261.97,0,3,1,131.5512326396898,0
2026-03-12,3,2,58,261.97,0,2,0,140.77660806586132,0
2026-03-12,3,3,66,261.97,0,2,0,142.99286846705792,0
2026-03-12,4,1,64,300.28,0,28,0,190.8748275010642,0
2026-03-12,4,2,68,300.28,0,28,0,39.90072427374092,0
2026-03-12,4,3,57,300.28,0,28,0,151.55783151377375,0
2026-03-12,5,1,34,32.76,0,6,0,101.4805350230331,0
2026-03-12,5,2,43,32.76,0,6,0,85.38062184506815,0
2026-03-12,5,3,30,32.76,0,6,0,68.54799060542858,0
2026-03-12,6,1,59,307.7,0,11,0,106.9828029889414,0
2026-03-12,6,2,124,307.7,1,11,0,87.39620122789267,0
2026-03-12,6,3,66,307.7,0,11,0,50.91345495299241,0
2026-03-12,7,1,40,93.56,0,8,0,117.2471110139427,0
2026-03-12,7,2,43,93.56,0,8,0,63.99298490380524,0
2026-03-12,7,3,50,93.56,0,14,6,123.30173936118815,0
2026-03-12,8,1,44,41.88,0,27,0,66.27185064328008,0
2026-03-12,8,2,30,41.88,0,27,0,84.80786384732346,0
2026-03-12,8,3,37,41.88,0,27,0,110.91740412869777,0
2026-03-12,9,1,88,474.95,0,10,0,123.97477522774483,0
2026-03-12,9,2,82,474.95,0,19,9,169.56685640429183,0
2026-03-12,9,3,78,474.95,0,10,0,55.533104930985814,0
2026-03-12,10,1,88,483.16,0,29,0,210.47312143445163,0
2026-03-12,10,2,86,483.16,0,29,0,137.5302048772117,0
2026-03-12,10,3,84,483.16,0,29,0,60.25556118381583,0
2026-03-12,11,1,69,406.11,0,8,0,125.92288562715912,0
2026-03-12,11,2,75,406.11,0,8,0,127.71790642489408,0
2026-03-12,11,3,81,406.11,0,8,0,74.36985755956333,0
2026-03-12,12,1,44,159.26,0,10,0,35.09558414317105,0
2026-03-12,12,2,54,159.26,0,10,0,93.77693872096843,0
2026-03-12,12,3,50,159.26,0,10,0,96.93754488988347,0
2026-03-12,13,1,41,57.86,0,9,0,62.946029709573885,0
2026-03-12,13,2,42,57.86,0,9,0,80.57995463760612,0
2026-03-12,13,3,28,57.86,0,9,0,48.231070804579225,0
2026-03-12,14,1,61,345.27,0,13,0,131.7504037820848,0
2026-03-12,14,2,68,345.27,0,13,0,75.02228519370581,0
2026-03-12,14,3,68,345.27,0,13,0,122.00396952451543,1
2026-03-12,15,1,54,225.67,0,3,0,105.685309496722,0
2026-03-12,15,2,54,225.67,0,3,0,148.47627490492584,0
2026-03-12,15,3,55,225.67,0,3,0,124.98845216995005,0
2026-03-12,16,1,37,69.8,0,2,0,56.54381264185707,0
2026-03-12,16,2,35,69.8,0,2,0,31.68730460336447,0
2026-03-12,16,3,39,69.8,0,2,0,45.684847456003254,0
2026-03-12,17,1,63,252.64,0,17,0,187.14695128992042,0
2026-03-12,17,2,62,252.64,0,17,0,81.81684079066109,0
2026-03-12,17,3,61,252.64,0,17,0,50.13825550802813,0
2026-03-12,18,1,41,26.85,0,24,0,107.4289222125886,0
2026-03-12,18,2,33,26.85,0,24,0,77.53660691298165,0
2026-03-12,18,3,39,26.85,0,24,0,76.8710243211562,0
2026-03-12,19,1,80,455.57,0,24,0,99.71565286233563,0
2026-03-12,19,2,79,455.57,0,24,0,93.42888265775059,0
2026-03-12,19,3,79,455.57,0,24,0,137.70684370907952,1
2026-03-12,20,1,38,136.8,0,25,0,20.87408086361162,0
2026-03-12,20,2,43,136.8,0,25,0,31.375946809367992,0
2026-03-12,20,3,45,136.8,0,25,0,132.2904618817752,0
2026-03-12,21,1,64,334.64,0,6,0,60.99088104805651,0
2026-03-12,21,2,72,334.64,0,6,0,92.35799011305107,0
2026-03-12,21,3,75,334.64,0,6,0,194.5915252680835,0
2026-03-12,22,1,58,162.74,0,4,0,54.09285771307221,0
2026-03-12,22,2,51,162.74,0,4,0,114.80897983335603,0
2026-03-12,22,3,49,162.74,0,4,0,132.398578815972,1
2026-03-12,23,1,58,264.83,0,13,0,30.252131863395057,0
2026-03-12,23,2,53,264.83,0,13,0,109.12163634936537,0
2026-03-12,23,3,62,264.83,0,13,0,173.49080754642125,0
2026-03-12,24,1,58,277.89,0,9,0,35.728061239732924,0
2026-03-12,24,2,61,277.89,0,9,0,109.97930771261188,0
2026-03-12,24,3,53,277.89,0,9,0,73.53820827772361,0
2026-03-12,25,1,40,100.58,0,23,0,109.33041306354866,0
2026-03-12,25,2,47,100.58,0,23,0,57.499266245231624,0
2026-03-12,25,3,47,100.58,0,23,0,50.75753265988466,0
2026-03-12,26,1,85,485.1,0,28,0,58.91946530993534,0
2026-03-12,26,2,82,485.1,0,28,0,63.83422719160118,0
2026-03-12,26,3,81,485.1,0,28,0,97.97428605752825,0
2026-03-12,27,1,75,389.82,0,4,0,164.31926575869267,0
2026-03-12,27,2,80,389.82,0,4,0,189.44284140611143,0
2026-03-12,27,3,72,389.82,0,4,0,39.74315280173257,0
2026-03-12,28,1,86,470.35,0,2,0,223.35577660646183,0
2026-03-12,28,2,78,470.35,0,2,0,184.95575062932159,0
2026-03-12,28,3,86,470.35,0,2,0,95.98708438244532,0
2026-03-12,29,1,80,448.47,0,4,0,47.43063020691725,0
2026-03-12,29,2,75,448.47,0,4,0,218.49374571089925,0
2026-03-12,29,3,75,448.47,0,4,0,218.51616497720042,0
2026-03-12,30,1,63,302.97,0,6,0,135.57995892338752,0
2026-03-12,30,2,64,302.97,0,6,0,74.89115415710371,0
2026-03-12,30,3,69,302.97,0,6,0,175.33552889303172,1
2026-03-12,31,1,71,461.72,0,16,0,199.38211857970927,0
2026-03-12,31,2,77,461.72,0,16,0,214.21816758103768,0
2026-03-12,31,3,76,461.72,0,16,0,151.25010426094892,1
2026-03-12,32,1,41,53.36,0,15,0,42.0076479781577,0
2026-03-12,32,2,32,53.36,0,15,0,37.97771027402389,0
2026-03-12,32,3,41,53.36,0,15,0,120.27241610045716,0
2026-03-12,33,1,36,106.03,0,4,0,72.33701283317164,0
2026-03-12,33,2,47,106.03,0,4,0,56.55206495035943,0
2026-03-12,33,3,48,106.03,0,4,0,82.5301081608373,0
2026-03-12,34,1,35,32.16,0,2,0,58.637180806056456,0
2026-03-12,34,2,36,32.16,0,2,0,43.952378946921826,0
2026-03-12,34,3,36,32.16,0,2,0,64.6730331791178,1
2026-03-12,35,1,48,169.41,0,6,0,79.34092337246858,0
2026-03-12,35,2,56,169.41,0,6,0,68.78940043591079,0
2026-03-12,35,3,52,169.41,0,6,0,52.407588995370794,0
2026-03-12,36,1,50,200.45,0,27,0,78.60760785438326,0
2026-03-12,36,2,56,200.45,0,27,0,54.08094572901458,0
2026-03-12,36,3,57,200.45,0,27,0,35.18876390221832,0
2026-03-12,37,1,46,142.96,0,24,0,123.20643130156193,0
2026-03-12,37,2,47,142.96,0,24,0,81.30370460569998,1
2026-03-12,37,3,52,142.96,0,24,0,92.34142760467591,0
2026-03-12,38,1,72,416.08,0,15,0,131.9460190388913,1
2026-03-12,38,2,78,416.08,0,15,0,46.29168597213406,0
2026-03-12,38,3,78,416.08,0,15,0,80.53798468422457,0
2026-03-12,39,1,52,184.81,0,8,0,27.959601194835574,0
2026-03-12,39,2,45,184.81,0,8,0,116.2215424037037,0
2026-03-12,39,3,46,184.81,0,8,0,135.73606768636114,0
2026-03-12,40,1,45,147.66,0,28,0,92.38602506419276,0
2026-03-12,40,2,46,147.66,0,28,0,105.35759544235947,0
2026-03-12,40,3,44,147.66,0,28,0,38.91593299990307,0
2026-03-12,41,1,67,275.92,0,10,0,46.52953233571904,1
2026-03-12,41,2,59,275.92,0,10,0,50.65133529237511,0
2026-03-12,41,3,62,275.92,0,10,0,132.87796585315684,0
2026-03-12,42,1,47,79.05,0,16,0,51.23682277450166,0
2026-03-12,42,2,40,79.05,0,16,0,34.34046667716409,1
2026-03-12,42,3,33,79.05,0,16,0,57.5902681186447,0
2026-03-12,43,1,70,403.08,0,16,0,73.18269156372705,0
2026-03-12,43,2,79,403.08,0,16,0,79.50763324891813,0
2026-03-12,43,3,73,403.08,0,16,0,83.61322761069374,1
2026-03-12,44,1,37,46.53,0,27,0,64.96044535129403,0
2026-03-12,44,2,46,46.53,0,27,0,132.49023826451474,0
2026-03-12,44,3,41,46.53,0,27,0,93.26037980687622,0
2026-03-12,45,1,80,493.57,0,11,0,218.7377339624932,0
2026-03-12,45,2,78,493.57,0,11,0,112.88699460515828,0
2026-03-12,45,3,93,493.57,0,11,0,184.92733522177008,0
2026-03-12,46,1,76,388.4,0,29,0,206.95465055957175,0
2026-03-12,46,2,69,388.4,0,29,0,48.01873080217194,0
2026-03-12,46,3,79,388.4,0,29,0,216.11429388375313,0
2026-03-12,47,1,41,107.37,0,14,0,69.74379232427766,0
2026-03-12,47,2,45,107.37,0,14,0,90.25946004226547,0
2026-03-12,47,3,47,107.37,0,14,0,84.03905777024458,0
2026-03-12,48,1,38,12.71,0,20,0,20.94772473941481,0
2026-03-12,48,2,31,12.71,0,20,0,77.17239405501566,0
2026-03-12,48,3,38,12.71,0,20,0,63.40289327819362,0
2026-03-12,49,1,73,409.58,0,8,0,73.49197719975129,0
2026-03-12,49,2,75,409.58,0,8,0,178.37368215733585,0
2026-03-12,49,3,78,409.58,0,8,0,50.65800734036277,0
2026-03-12,50,1,65,356.36,0,18,0,145.69077463104455,0
2026-03-12,50,2,74,356.36,0,18,0,93.94334143596288,1
2026-03-12,50,3,64,356.36,0,18,0,40.52852035246124,0
2026-03-13,1,1,71,394.74,0,4,0,127.48878441319621,0
2026-03-13,1,2,79,394.74,0,4,0,172.27190169972755,0
2026-03-13,1,3,68,394.74,0,4,0,118.61326033866477,0
2026-03-13,2,1,44,107.84,0,4,0,128.5773831795689,0
2026-03-13,2,2,45,107.84,0,4,0,52.94249756252182,0
2026-03-13,2,3,46,107.84,0,4,0,63.24811192575113,0
2026-03-13,3,1,66,261.97,0,2,0,188.74546352451407,0
2026-03-13,3,2,61,261.97,0,2,0,140.49870044527017,0
2026-03-13,3,3,62,261.97,0,4,2,68.05350948558763,0
2026-03-13,4,1,58,300.28,0,28,0,133.59249144751305,0
2026-03-13,4,2,62,300.28,0,28,0,117.74328403246882,0
2026-03-13,4,3,58,300.28,0,28,0,43.185286492138076,0
2026-03-13,5,1,37,32.76,0,13,7,71.4750419086486,0
2026-03-13,5,2,34,32.76,0,6,0,64.42557228458537,0
2026-03-13,5,3,37,32.76,0,6,0,82.41232942735651,0
2026-03-13,6,1,62,307.7,0,11,0,57.23249005842405,0
2026-03-13,6,2,60,307.7,0,14,3,83.87738538074355,0
2026-03-13,6,3,64,307.7,0,11,0,168.91160284557816,0
2026-03-13,7,1,49,93.56,0,13,5,105.38065513334841,0
2026-03-13,7,2,45,93.56,0,8,0,29.913011872833945,0
2026-03-13,7,3,52,93.56,0,8,0,114.8653831798627,0
2026-03-13,8,1,39,41.88,0,27,0,30.728033282062313,0
2026-03-13,8,2,46,41.88,0,27,0,133.95467946427965,0
2026-03-13,8,3,26,41.88,0,27,0,14.479947451886762,0
2026-03-13,9,1,83,474.95,0,10,0,81.87618681301562,0
2026-03-13,9,2,78,474.95,0,10,0,232.75912546370762,0
2026-03-13,9,3,87,474.95,0,10,0,249.45405380953943,0
2026-03-13,10,1,82,483.16,0,29,0,160.2156517598447,0
2026-03-13,10,2,75,483.16,0,29,0,203.7472022028111,0
2026-03-13,10,3,81,483.16,0,36,7,166.26651274101354,0
2026-03-13,11,1,73,406.11,0,8,0,84.366920946948,0
2026-03-13,11,2,82,406.11,0,8,0,46.543136399056735,0
2026-03-13,11,3,76,406.11,0,8,0,114.73353794403647,0
2026-03-13,12,1,56,159.26,0,10,0,143.50712571994507,0
2026-03-13,12,2,37,159.26,0,10,0,28.84966375805067,1
2026-03-13,12,3,52,159.26,0,10,0,28.075024934016874,0
2026-03-13,13,1,38,57.86,0,9,0,113.7279692370162,0
2026-03-13,13,2,42,57.86,0,9,0,99.60634007133838,0
2026-03-13,13,3,46,57.86,0,9,0,117.55835843066461,0
2026-03-13,14,1,72,345.27,0,13,0,155.26303727215242,0
2026-03-13,14,2,69,345.27,0,13,0,171.47665603745432,0
2026-03-13,14,3,136,345.27,1,13,0,264.86296610555104,0
2026-03-13,15,1,61,225.67,0,3,0,81.90214846805533,0
2026-03-13,15,2,58,225.67,0,3,0,48.06554243250908,0
2026-03-13,15,3,53,225.67,0,3,0,87.67666083480606,0
2026-03-13,16,1,79,69.8,1,2,0,214.24670345483617,0
2026-03-13,16,2,35,69.8,0,2,0,21.797969122665073,0
2026-03-13,16,3,36,69.8,0,2,0,28.20006892549226,0
2026-03-13,17,1,63,252.64,0,17,0,151.8015903328512,0
2026-03-13,17,2,48,252.64,0,17,0,142.15516954028243,0
2026-03-13,17,3,56,252.64,0,17,0,58.663650298136936,0
2026-03-13,18,1,30,26.85,0,24,0,21.953204767879274,0
2026-03-13,18,2,39,26.85,0,24,0,104.16227985763902,0
2026-03-13,18,3,38,26.85,0,24,0,68.87869570637503,0
2026-03-13,19,1,85,455.57,0,24,0,108.59340092183695,0
2026-03-13,19,2,78,455.57,0,24,0,63.85084943408181,0
2026-03-13,19,3,79,455.57,0,24,0,204.23487581884118,0
2026-03-13,20,1,47,136.8,0,25,0,69.91706716575824,1
2026-03-13,20,2,50,136.8,0,25,0,67.659656205292,1
2026-03-13,20,3,54,136.8,0,25,0,108.15868556965033,0
2026-03-13,21,1,70,334.64,0,6,0,143.7028703161072,0
2026-03-13,21,2,73,334.64,0,6,0,71.0781197900171,0
2026-03-13,21,3,76,334.64,0,6,0,208.57484528681445,0
2026-03-13,22,1,55,162.74,0,4,0,133.35998144066104,0
2026-03-13,22,2,44,162.74,0,4,0,71.74455799059837,0
2026-03-13,22,3,49,162.74,0,4,0,140.69510776524734,0
2026-03-13,23,1,62,264.83,0,21,8,177.06146296384273,0
2026-03-13,23,2,63,264.83,0,13,0,120.50765499764027,0
2026-03-13,23,3,62,264.83,0,13,0,125.02795984777704,0
2026-03-13,24,1,58,277.89,0,9,0,150.67204948665454,0
2026-03-13,24,2,58,277.89,0,15,6,49.96557967145909,0
2026-03-13,24,3,55,277.89,0,9,0,88.3689794114661,0
2026-03-13,25,1,43,100.58,0,23,0,70.02211952759365,0
2026-03-13,25,2,45,100.58,0,23,0,35.32055311878368,0
2026-03-13,25,3,40,100.58,0,23,0,41.43002069412006,0
2026-03-13,26,1,87,485.1,0,28,0,195.6423238347571,0
2026-03-13,26,2,76,485.1,0,28,0,186.19506945799688,0
2026-03-13,26,3,76,485.1,0,28,0,84.04437576890888,0
2026-03-13,27,1,74,389.82,0,4,0,75.42477838712736,0
2026-03-13,27,2,64,389.82,0,4,0,71.54276603111262,0
2026-03-13,27,3,71,389.82,0,4,0,176.5187351936224,0
2026-03-13,28,1,77,470.35,0,2,0,102.45312604843159,0
2026-03-13,28,2,78,470.35,0,2,0,108.96700290809132,0
2026-03-13,28,3,82,470.35,0,2,0,188.42753587976244,0
2026-03-13,29,1,86,448.47,0,4,0,46.476369276249265,0
2026-03-13,29,2,85,448.47,0,4,0,219.47309742620536,0
2026-03-13,29,3,84,448.47,0,4,0,94.48318433566793,0
2026-03-13,30,1,51,302.97,0,6,0,152.64326657552445,0
2026-03-13,30,2,68,302.97,0,6,0,107.52403329755921,0
2026-03-13,30,3,60,302.97,0,6,0,175.00169394500608,0
2026-03-13,31,1,79,461.72,0,16,0,65.59455127769985,0
2026-03-13,31,2,78,461.72,0,16,0,200.69493995882976,0
2026-03-13,31,3,83,461.72,0,16,0,121.8712021539324,0
2026-03-13,32,1,34,53.36,0,15,0,99.61351948309836,0
2026-03-13,32,2,34,53.36,0,15,0,18.971315204253887,0
2026-03-13,32,3,38,53.36,0,15,0,25.21367234827684,0
2026-03-13,33,1,41,106.03,0,4,0,113.6023132460978,0
2026-03-13,33,2,39,106.03,0,4,0,46.95004357693378,0
2026-03-13,33,3,51,106.03,0,4,0,65.26965258900972,0
2026-03-13,34,1,27,32.16,0,2,0,15.80326096614505,0
2026-03-13,34,2,40,32.16,0,3,1,70.60243058781913,1
2026-03-13,34,3,42,32.16,0,2,0,26.37335575862373,0
2026-03-13,35,1,50,169.41,0,6,0,42.68829865257408,0
2026-03-13,35,2,52,169.41,0,6,0,131.2156310833964,0
2026-03-13,35,3,54,169.41,0,6,0,124.91328294213378,0
2026-03-13,36,1,40,200.45,0,27,0,86.12465489415959,0
2026-03-13,36,2,51,200.45,0,27,0,69.633506592326,0
2026-03-13,36,3,58,200.45,0,27,0,90.12344927329283,0
2026-03-13,37,1,41,142.96,0,24,0,68.73389595105122,0
2026-03-13,37,2,47,142.96,0,24,0,106.4744701589111,0
2026-03-13,37,3,52,142.96,0,33,9,119.28849080456138,0
2026-03-13,38,1,78,416.08,0,15,0,130.24602166753982,0
2026-03-13,38,2,82,416.08,0,15,0,177.72479624861924,0
2026-03-13,38,3,69,416.08,0,15,0,191.8471715749418,0
2026-03-13,39,1,52,184.81,0,8,0,45.4876513062928,1
2026-03-13,39,2,55,184.81,0,8,0,57.25284391243959,0
2026-03-13,39,3,64,184.81,0,8,0,41.98086585624009,0
2026-03-13,40,1,45,147.66,0,28,0,63.8758387997628,0
2026-03-13,40,2,39,147.66,0,28,0,68.9191496806169,0
2026-03-13,40,3,54,147.66,0,28,0,36.34961647133832,0
2026-03-13,41,1,57,275.92,0,10,0,80.04482648926586,0
2026-03-13,41,2,65,275.92,0,10,0,90.25344059967458,1
2026-03-13,41,3,59,275.92,0,10,0,124.7344468590473,0
2026-03-13,42,1,86,79.05,1,16,0,241.40351496722752,0
2026-03-13,42,2,33,79.05,0,16,0,46.551000653174945,1
2026-03-13,42,3,46,79.05,0,16,0,105.44506049534002,0
2026-03-13,43,1,78,403.08,0,16,0,152.13731460161173,0
2026-03-13,43,2,82,403.08,0,16,0,239.06420627552444,0
2026-03-13,43,3,75,403.08,0,16,0,194.34355660165878,0
2026-03-13,44,1,34,46.53,0,27,0,40.63202041476732,0
2026-03-13,44,2,41,46.53,0,27,0,70.7802593326074,0
2026-03-13,44,3,42,46.53,0,27,0,123.8986550538844,0
2026-03-13,45,1,80,493.57,0,11,0,181.58421708076185,0
2026-03-13,45,2,77,493.57,0,11,0,94.68576077875063,0
2026-03-13,45,3,86,493.57,0,11,0,168.07874339191005,0
2026-03-13,46,1,69,388.4,0,29,0,142.93463672924514,0
2026-03-13,46,2,68,388.4,0,29,0,134.82537633599057,0
2026-03-13,46,3,152,388.4,1,29,0,387.1778305556311,0
2026-03-13,47,1,46,107.37,0,14,0,80.69501648903739,0
2026-03-13,47,2,46,107.37,0,14,0,121.73792316616407,0
2026-03-13,47,3,43,107.37,0,14,0,88.7586001958679,0
2026-03-13,48,1,30,12.71,0,20,0,43.71898418943818,0
2026-03-13,48,2,40,12.71,0,20,0,108.27693055392884,0
2026-03-13,48,3,30,12.71,0,20,0,84.93177953782913,0
2026-03-13,49,1,79,409.58,0,8,0,230.568738571788,0
2026-03-13,49,2,82,409.58,0,8,0,156.3294530356703,0
2026-03-13,49,3,72,409.58,0,8,0,184.6854458611969,0
2026-03-13,50,1,75,356.36,0,18,0,145.7152177345042,0
2026-03-13,50,2,59,356.36,0,18,0,75.44815995819562,0
2026-03-13,50,3,72,356.36,0,18,0,204.80686322858267,1
2026-03-14,1,1,88,394.74,0,4,0,49.648724161945786,0
2026-03-14,1,2,75,394.74,0,4,0,124.26957845752789,0
2026-03-14,1,3,73,394.74,0,4,0,39.02413572956089,0
2026-03-14,2,1,37,107.84,0,4,0,87.21889839006037,0
2026-03-14,2,2,47,107.84,0,4,0,62.70287272691502,0
2026-03-14,2,3,51,107.84,0,4,0,34.97030814225167,0
2026-03-14,3,1,64,261.97,0,2,0,68.98701280359788,0
2026-03-14,3,2,67,261.97,0,2,0,183.79083499721625,0
2026-03-14,3,3,62,261.97,0,2,0,175.76108295522582,0
2026-03-14,4,1,78,300.28,0,28,0,141.61441085348184,0
2026-03-14,4,2,68,300.28,0,28,0,175.92171859844385,0
2026-03-14,4,3,67,300.28,0,33,5,126.98203244337334,0
2026-03-14,5,1,45,32.76,0,6,0,130.9119207143315,0
2026-03-14,5,2,55,32.76,0,6,0,94.67652112854903,1
2026-03-14,5,3,50,32.76,0,6,0,91.3839287286105,0
2026-03-14,6,1,72,307.7,0,11,0,189.16933627900735,1
2026-03-14,6,2,79,307.7,0,11,0,83.2838477303521,0
2026-03-14,6,3,67,307.7,0,11,0,194.37723778243807,0
2026-03-14,7,1,44,93.56,0,8,0,77.59261943475562,0
2026-03-14,7,2,44,93.56,0,8,0,86.23544887593995,0
2026-03-14,7,3,50,93.56,0,8,0,78.93085306435296,0
2026-03-14,8,1,47,41.88,0,27,0,124.75041367719119,0
2026-03-14,8,2,35,41.88,0,27,0,30.220514213749652,0
2026-03-14,8,3,45,41.88,0,27,0,36.6866037927087,0
2026-03-14,9,1,81,474.95,0,10,0,112.40283189926444,0
2026-03-14,9,2,84,474.95,0,17,7,74.96790541480013,0
2026-03-14,9,3,81,474.95,0,10,0,188.69421293599257,0
2026-03-14,10,1,95,483.16,0,29,0,164.9548443838418,0
2026-03-14,10,2,81,483.16,0,29,0,219.79988412184022,1
2026-03-14,10,3,83,483.16,0,29,0,238.49782801992157,1
2026-03-14,11,1,162,406.11,1,8,0,470.29785674711945,0
2026-03-14,11,2,71,406.11,0,8,0,103.97632665718082,0
2026-03-14,11,3,75,406.11,0,17,9,85.46592262987865,0
2026-03-14,12,1,56,159.26,0,10,0,122.57639750579966,1
2026-03-14,12,2,51,159.26,0,10,0,134.7128923674046,0
2026-03-14,12,3,62,159.26,0,10,0,147.37484522869119,0
2026-03-14,13,1,48,57.86,0,9,0,37.41191288243962,0
2026-03-14,13,2,44,57.86,0,9,0,117.62778113376581,0
2026-03-14,13,3,43,57.86,0,9,0,122.74021025461957,0
2026-03-14,14,1,75,345.27,0,13,0,55.81832808439372,0
2026-03-14,14,2,73,345.27,0,13,0,179.37113046862802,0
2026-03-14,14,3,76,345.27,0,13,0,185.84842017873336,0
2026-03-14,15,1,51,225.67,0,3,0,107.3612037184311,0
2026-03-14,15,2,63,225.67,0,3,0,94.57626027412532,0
2026-03-14,15,3,66,225.67,0,3,0,130.44155710482468,0
2026-03-14,16,1,45,69.8,0,2,0,84.95915034657784,0
2026-03-14,16,2,38,69.8,0,2,0,104.19767872522118,1
2026-03-14,16,3,45,69.8,0,2,0,47.37786611765778,0
2026-03-14,17,1,56,252.64,0,17,0,62.456646988003115,0
2026-03-14,17,2,61,252.64,0,17,0,180.20631693843907,0
2026-03-14,17,3,80,252.64,0,17,0,52.718384012791155,0
2026-03-14,18,1,50,26.85,0,24,0,50.24918306784705,0
2026-03-14,18,2,42,26.85,0,24,0,105.79277354908349,0
2026-03-14,18,3,42,26.85,0,24,0,113.35193301300255,0
2026-03-14,19,1,89,455.57,0,24,0,253.3017963136967,0
2026-03-14,19,2,90,455.57,0,24,0,258.51341901658293,0
2026-03-14,19,3,92,455.57,0,24,0,133.82599003800908,0
2026-03-14,20,1,52,136.8,0,25,0,88.28949965353377,0
2026-03-14,20,2,51,136.8,0,25,0,52.56405867246028,0
2026-03-14,20,3,47,136.8,0,25,0,117.85782499406307,0
2026-03-14,21,1,75,334.64,0,6,0,41.85893147121476,0
2026-03-14,21,2,67,334.64,0,6,0,188.68772681735874,0
2026-03-14,21,3,73,334.64,0,6,0,126.84962936877592,0
2026-03-14,22,1,54,162.74,0,4,0,136.37107419033603,0
2026-03-14,22,2,51,162.74,0,4,0,56.38380468434189,0
2026-03-14,22,3,52,162.74,0,4,0,47.58347323473378,1
2026-03-14,23,1,64,264.83,0,13,0,158.20309553268896,0
2026-03-14,23,2,65,264.83,0,13,0,52.22213490028197,0
2026-03-14,23,3,61,264.83,0,13,0,86.88754530613954,0
2026-03-14,24,1,64,277.89,0,15,6,113.78019762791429,0
2026-03-14,24,2,61,277.89,0,9,0,118.74599401370922,0
2026-03-14,24,3,60,277.89,0,9,0,178.5096252699124,0
2026-03-14,25,1,47,100.58,0,23,0,121.90247522553408,0
2026-03-14,25,2,53,100.58,0,23,0,89.02565656355681,0
2026-03-14,25,3,54,100.58,0,23,0,127.93120519406942,0
2026-03-14,26,1,84,485.1,0,28,0,234.74503031233874,0
2026-03-14,26,2,98,485.1,0,28,0,190.10895354679434,0
2026-03-14,26,3,92,485.1,0,28,0,164.7478116245246,0
2026-03-14,27,1,79,389.82,0,4,0,213.91837518859327,0
2026-03-14,27,2,72,389.82,0,4,0,52.05968647736578,0
2026-03-14,27,3,78,389.82,0,6,2,129.4116018994209,0
2026-03-14,28,1,82,470.35,0,2,0,152.59103670158618,0
2026-03-14,28,2,94,470.35,0,2,0,141.4030169080848,0
2026-03-14,28,3,89,470.35,0,2,0,184.53688852206176,0
2026-03-14,29,1,75,448.47,0,4,0,203.51031792754242,0
2026-03-14,29,2,78,448.47,0,4,0,96.03635896268848,0
2026-03-14,29,3,86,448.47,0,4,0,190.865583617117,0
2026-03-14,30,1,67,302.97,0,6,0,110.68844478976261,0
2026-03-14,30,2,61,302.97,0,6,0,175.58892988974318,0
2026-03-14,30,3,71,302.97,0,6,0,36.24666178649661,0
2026-03-14,31,1,87,461.72,0,16,0,184.65610554318306,0
2026-03-14,31,2,84,461.72,0,16,0,50.72354582313879,0
2026-03-14,31,3,78,461.72,0,16,0,76.5967693634852,0
2026-03-14,32,1,47,53.36,0,15,0,136.94145467404866,0
2026-03-14,32,2,49,53.36,0,15,0,30.400446611452427,0
2026-03-14,32,3,48,53.36,0,15,0,37.86811988503738,0
2026-03-14,33,1,38,106.03,0,4,0,86.82715581016862,0
2026-03-14,33,2,43,106.03,0,4,0,31.070894312296144,0
2026-03-14,33,3,49,106.03,0,4,0,40.89615904008373,0
2026-03-14,34,1,34,32.16,0,2,0,94.95589500122766,0
2026-03-14,34,2,85,32.16,1,2,0,91.05275394788498,0
2026-03-14,34,3,37,32.16,0,2,0,34.7815354616699,0
2026-03-14,35,1,53,169.41,0,6,0,27.52541539211329,0
2026-03-14,35,2,64,169.41,0,6,0,164.96878505341422,0
2026-03-14,35,3,51,169.41,0,6,0,55.46397221603979,0
2026-03-14,36,1,62,200.45,0,27,0,81.70941737586597,1
2026-03-14,36,2,55,200.45,0,27,0,31.60973206427117,0
2026-03-14,36,3,64,200.45,0,27,0,56.627221245795695,0
2026-03-14,37,1,49,142.96,0,24,0,62.36424639443747,0
2026-03-14,37,2,47,142.96,0,24,0,60.13042387723886,0
2026-03-14,37,3,55,142.96,0,24,0,146.01686479507592,0
2026-03-14,38,1,78,416.08,0,15,0,44.519687395005896,0
2026-03-14,38,2,83,416.08,0,15,0,248.68196651936321,0
2026-03-14,38,3,83,416.08,0,15,0,132.0001040716025,0
2026-03-14,39,1,57,184.81,0,8,0,52.301222870755524,0
2026-03-14,39,2,54,184.81,0,8,0,81.24993095790643,0
2026-03-14,39,3,67,184.81,0,8,0,89.50106837107546,0
2026-03-14,40,1,60,147.66,0,28,0,175.36614667801453,0
2026-03-14,40,2,57,147.66,0,30,2,118.48294127284866,0
2026-03-14,40,3,63,147.66,0,28,0,92.04843076326027,0
2026-03-14,41,1,73,275.92,0,10,0,89.09691592186611,0
2026-03-14,41,2,65,275.92,0,10,0,147.0715934760711,0
2026-03-14,41,3,63,275.92,0,10,0,182.89368163721292,1
2026-03-14,42,1,54,79.05,0,16,0,84.9663844859112,0
2026-03-14,42,2,37,79.05,0,16,0,80.61587603630167,0
2026-03-14,42,3,50,79.05,0,16,0,34.025038452643656,0
2026-03-14,43,1,75,403.08,0,16,0,185.14899473221604,0
2026-03-14,43,2,75,403.08,0,17,1,124.6170905708919,1
2026-03-14,43,3,74,403.08,0,16,0,217.7764466831041,0
2026-03-14,44,1,43,46.53,0,27,0,123.34845531085097,0
2026-03-14,44,2,47,46.53,0,27,0,92.71175700267757,0
2026-03-14,44,3,42,46.53,0,27,0,103.99639596348034,0
2026-03-14,45,1,83,493.57,0,11,0,100.85314868804481,0
2026-03-14,45,2,182,493.57,1,11,0,519.6306935699341,0
2026-03-14,45,3,88,493.57,0,11,0,68.41869174197379,0
2026-03-14,46,1,69,388.4,0,29,0,186.71736367626679,0
2026-03-14,46,2,80,388.4,0,29,0,97.87468034125095,0
2026-03-14,46,3,80,388.4,0,29,0,152.38103155903136,0
2026-03-14,47,1,57,107.37,0,14,0,170.7956434967222,0
2026-03-14,47,2,52,107.37,0,14,0,111.66032061595418,0
2026-03-14,47,3,53,107.37,0,14,0,142.31508683669273,0
2026-03-14,48,1,30,12.71,0,20,0,16.360159965058156,0
2026-03-14,48,2,56,12.71,0,20,0,67.51667528310378,0
2026-03-14,48,3,44,12.71,0,20,0,117.66683642431204,0
2026-03-14,49,1,77,409.58,0,8,0,121.92936527516007,0
2026-03-14,49,2,163,409.58,1,8,0,125.82437395506133,0
2026-03-14,49,3,78,409.58,0,8,0,191.67328827263742,0
2026-03-14,50,1,63,356.36,0,18,0,164.5505592936798,0
2026-03-14,50,2,72,356.36,0,18,0,197.11108021310824,0
2026-03-14,50,3,73,356.36,0,18,0,171.7283147629754,0
2026-03-15,1,1,79,394.74,0,4,0,67.57540212917122,0
2026-03-15,1,2,77,394.74,0,4,0,60.74722572470621,0
2026-03-15,1,3,72,394.74,0,4,0,188.18854275856177,0
2026-03-15,2,1,55,107.84,0,4,0,95.04332977030928,0
2026-03-15,2,2,49,107.84,0,4,0,134.07537062137175,0
2026-03-15,2,3,46,107.84,0,4,0,54.22115004023016,0
2026-03-15,3,1,58,261.97,0,2,0,153.78323444314856,0
2026-03-15,3,2,56,261.97,0,2,0,143.0705751055174,0
2026-03-15,3,3,69,261.97,0,2,0,164.02285846542554,0
2026-03-15,4,1,68,300.28,0,28,0,44.26224346370078,0
2026-03-15,4,2,67,300.28,0,28,0,133.56120425452175,0
2026-03-15,4,3,62,300.28,0,28,0,149.39263194594653,0
2026-03-15,5,1,44,32.76,0,6,0,78.85102484361792,0
2026-03-15,5,2,35,32.76,0,6,0,77.765447834259,0
2026-03-15,5,3,95,32.76,1,6,0,47.87060794592023,0
2026-03-15,6,1,76,307.7,0,11,0,122.52758686052562,0
2026-03-15,6,2,70,307.7,0,11,0,127.68601588215043,0
2026-03-15,6,3,73,307.7,0,11,0,196.08272484895846,0
2026-03-15,7,1,51,93.56,0,11,3,86.43759816260688,0
2026-03-15,7,2,54,93.56,0,8,0,73.29646300589809,0
2026-03-15,7,3,53,93.56,0,14,6,136.20105400279695,1
2026-03-15,8,1,47,41.88,0,29,2,75.8547296174497,0
2026-03-15,8,2,31,41.88,0,27,0,37.114968495939756,0
2026-03-15,8,3,30,41.88,0,27,0,55.7292170902587,0
2026-03-15,9,1,88,474.95,0,10,0,249.88847523806473,0
2026-03-15,9,2,80,474.95,0,10,0,145.55065908020651,0
2026-03-15,9,3,92,474.95,0,10,0,131.83985506235885,0
2026-03-15,10,1,84,483.16,0,29,0,95.16293922561302,0
2026-03-15,10,2,89,483.16,0,29,0,81.7827172051573,0
2026-03-15,10,3,91,483.16,0,29,0,218.53808624734805,0
2026-03-15,11,1,83,406.11,0,8,0,138.75137694123526,0
2026-03-15,11,2,80,406.11,0,8,0,53.730714886166254,0
2026-03-15,11,3,85,406.11,0,8,0,133.33563935514428,0
2026-03-15,12,1,56,159.26,0,10,0,139.55478505405904,0
2026-03-15,12,2,56,159.26,0,10,0,100.50338501284122,0
2026-03-15,12,3,105,159.26,1,10,0,62.231606356208914,0
2026-03-15,13,1,49,57.86,0,9,0,28.741385847085418,1
2026-03-15,13,2,46,57.86,0,9,0,39.17995050037701,0
2026-03-15,13,3,41,57.86,0,9,0,61.342932124603635,0
2026-03-15,14,1,77,345.27,0,13,0,132.28459636712398,0
2026-03-15,14,2,73,345.27,0,13,0,101.35460721504617,0
2026-03-15,14,3,73,345.27,0,13,0,90.90246659489465,0
2026-03-15,15,1,66,225.67,0,3,0,189.59963912702213,0
2026-03-15,15,2,54,225.67,0,5,2,65.03195638912999,0
2026-03-15,15,3,51,225.67,0,3,0,48.807708659787295,1
2026-03-15,16,1,56,69.8,0,2,0,132.90862004439248,0
2026-03-15,16,2,45,69.8,0,2,0,61.68464052713749,0
2026-03-15,16,3,41,69.8,0,2,0,118.60973694658018,0
2026-03-15,17,1,67,252.64,0,17,0,152.62837101945505,0
2026-03-15,17,2,124,252.64,1,17,0,253.34952889180227,0
2026-03-15,17,3,53,252.64,0,17,0,129.44226433561371,0
2026-03-15,18,1,51,26.85,0,24,0,145.88451491295848,0
2026-03-15,18,2,36,26.85,0,24,0,80.34270749936849,0
2026-03-15,18,3,49,26.85,0,24,0,119.73182647010587,0
2026-03-15,19,1,89,455.57,0,24,0,46.37231440355049,1
2026-03-15,19,2,92,455.57,0,24,0,196.12719815056175,0
2026-03-15,19,3,84,455.57,0,24,0,99.06233181363919,0
2026-03-15,20,1,50,136.8,0,25,0,121.7624751969086,0
2026-03-15,20,2,57,136.8,0,25,0,97.21891062319082,0
2026-03-15,20,3,63,136.8,0,25,0,93.14350584694381,0
2026-03-15,21,1,74,334.64,0,6,0,142.07028454046147,0
2026-03-15,21,2,71,334.64,0,6,0,170.67979814139298,0
2026-03-15,21,3,71,334.64,0,6,0,168.42790573739157,0
2026-03-15,22,1,52,162.74,0,4,0,134.3444537924291,0
2026-03-15,22,2,62,162.74,0,4,0,87.53076152202057,0
2026-03-15,22,3,50,162.74,0,4,0,149.5166996723492,0
2026-03-15,23,1,64,264.83,0,13,0,177.2695748799343,0
2026-03-15,23,2,61,264.83,0,13,0,99.11195410076037,0
2026-03-15,23,3,55,264.83,0,13,0,113.20412338311182,0
2026-03-15,24,1,61,277.89,0,9,0,121.0624470188534,0
2026-03-15,24,2,68,277.89,0,9,0,60.87791668011338,0
2026-03-15,24,3,71,277.89,0,9,0,48.07585839142704,0
2026-03-15,25,1,50,100.58,0,23,0,81.46831895789795,0
2026-03-15,25,2,56,100.58,0,23,0,142.07444139312778,0
2026-03-15,25,3,46,100.58,0,23,0,94.60672644154693,0
2026-03-15,26,1,86,485.1,0,28,0,197.85796123615506,0
2026-03-15,26,2,79,485.1,0,28,0,189.2840656390221,0
2026-03-15,26,3,85,485.1,0,28,0,117.20811076332117,0
2026-03-15,27,1,73,389.82,0,4,0,169.95880364897394,0
2026-03-15,27,2,85,389.82,0,4,0,205.22666719066063,0
2026-03-15,27,3,75,389.82,0,4,0,187.832020513023,0
2026-03-15,28,1,82,470.35,0,2,0,242.23246931006554,0
2026-03-15,28,2,87,470.35,0,2,0,133.78733535364162,0
2026-03-15,28,3,89,470.35,0,2,0,57.17056904920621,0
2026-03-15,29,1,85,448.47,0,4,0,80.00739678961435,0
2026-03-15,29,2,82,448.47,0,4,0,75.96396853716863,0
2026-03-15,29,3,88,448.47,0,13,9,77.03611338883977,0
2026-03-15,30,1,67,302.97,0,6,0,97.66214674159363,0
2026-03-15,30,2,74,302.97,0,6,0,94.21901571577199,0
2026-03-15,30,3,77,302.97,0,6,0,85.09532838428653,0
2026-03-15,31,1,84,461.72,0,16,0,215.57503944778185,0
2026-03-15,31,2,82,461.72,0,16,0,116.03750024151324,0
2026-03-15,31,3,91,461.72,0,16,0,84.20413591221605,0
2026-03-15,32,1,46,53.36,0,15,0,25.090961982912695,0
2026-03-15,32,2,54,53.36,0,24,9,98.51948277974735,0
2026-03-15,32,3,50,53.36,0,15,0,142.9386666204979,0
2026-03-15,33,1,52,106.03,0,4,0,32.42855139153786,0
2026-03-15,33,2,50,106.03,0,4,0,125.92080585649282,0
2026-03-15,33,3,54,106.03,0,4,0,68.58738165106273,0
2026-03-15,34,1,47,32.16,0,2,0,130.36751461583978,1
2026-03-15,34,2,40,32.16,0,2,0,39.12170546960127,0
2026-03-15,34,3,43,32.16,0,2,0,106.5703778538663,0
2026-03-15,35,1,61,169.41,0,6,0,154.57288533290813,0
2026-03-15,35,2,59,169.41,0,6,0,35.19985899337322,0
2026-03-15,35,3,49,169.41,0,6,0,84.51610298959666,0
2026-03-15,36,1,64,200.45,0,27,0,84.17074070284681,0
2026-03-15,36,2,68,200.45,0,27,0,39.513664457795734,0
2026-03-15,36,3,54,200.45,0,27,0,131.5958393537304,0
2026-03-15,37,1,51,142.96,0,24,0,57.66815725705213,0
2026-03-15,37,2,50,142.96,0,24,0,42.053392727714986,0
2026-03-15,37,3,53,142.96,0,24,0,90.90542133555775,0
2026-03-15,38,1,74,416.08,0,15,0,154.76000236749934,0
2026-03-15,38,2,86,416.08,0,15,0,203.0434770207981,0
2026-03-15,38,3,82,416.08,0,15,0,42.922533028245205,0
2026-03-15,39,1,52,184.81,0,8,0,78.0263951441679,0
2026-03-15,39,2,51,184.81,0,8,0,26.31036535130777,0
2026-03-15,39,3,68,184.81,0,8,0,169.30606167979334,0
2026-03-15,40,1,56,147.66,0,28,0,153.75548011186854,0
2026-03-15,40,2,59,147.66,0,28,0,86.36236242025063,1
2026-03-15,40,3,56,147.66,0,28,0,32.637364724791745,0
2026-03-15,41,1,63,275.92,0,10,0,50.76705314763372,0
2026-03-15,41,2,66,275.92,0,10,0,147.94183664458023,0
2026-03-15,41,3,69,275.92,0,10,0,67.70810241165242,1
2026-03-15,42,1,47,79.05,0,16,0,90.75588869946786,0
2026-03-15,42,2,47,79.05,0,16,0,72.38050073740038,0
2026-03-15,42,3,40,79.05,0,16,0,67.85406565298379,0
2026-03-15,43,1,87,403.08,0,16,0,157.59383699964215,0
2026-03-15,43,2,79,403.08,0,16,0,43.441008968452024,0
2026-03-15,43,3,72,403.08,0,16,0,79.80864305305799,0
2026-03-15,44,1,48,46.53,0,27,0,118.09759523974546,0
2026-03-15,44,2,48,46.53,0,27,0,66.97290661616503,0
2026-03-15,44,3,40,46.53,0,27,0,103.23054217152455,0
2026-03-15,45,1,90,493.57,0,11,0,86.25235207902243,0
2026-03-15,45,2,76,493.57,0,11,0,76.0464957681497,0
2026-03-15,45,3,88,493.57,0,11,0,208.6513353636616,0
2026-03-15,46,1,76,388.4,0,29,0,108.04807380467759,0
2026-03-15,46,2,75,388.4,0,29,0,213.78567477160547,0
2026-03-15,46,3,83,388.4,0,29,0,248.87945836403347,0
2026-03-15,47,1,51,107.37,0,14,0,97.79892942896511,0
2026-03-15,47,2,48,107.37,0,14,0,107.73017315662386,0
2026-03-15,47,3,52,107.37,0,14,0,111.49694840824594,0
2026-03-15,48,1,37,12.71,0,20,0,96.25371045445797,0
2026-03-15,48,2,38,12.71,0,20,0,68.70942839297017,0
2026-03-15,48,3,31,12.71,0,20,0,65.51705373007161,0
2026-03-15,49,1,82,409.58,0,8,0,69.76753560773544,0
2026-03-15,49,2,80,409.58,0,8,0,187.26093840787246,0
2026-03-15,49,3,74,409.58,0,8,0,57.54320865130966,0
2026-03-15,50,1,65,356.36,0,18,0,76.02079720598539,0
2026-03-15,50,2,77,356.36,0,18,0,170.13503622258725,0
2026-03-15,50,3,82,356.36,0,18,0,58.165564252517285,0
2026-03-16,1,1,66,394.74,0,13,9,99.97665102450922,0
2026-03-16,1,2,141,394.74,1,4,0,417.76679604873374,0
2026-03-16,1,3,78,394.74,0,4,0,78.5844101324162,0
2026-03-16,2,1,40,107.84,0,4,0,93.14935576710249,0
2026-03-16,2,2,51,107.84,0,4,0,63.158177387657176,1
2026-03-16,2,3,52,107.84,0,4,0,78.80449867478484,0
2026-03-16,3,1,60,261.97,0,3,1,99.45229918388914,0
2026-03-16,3,2,69,261.97,0,2,0,168.12272535496544,0
2026-03-16,3,3,65,261.97,0,2,0,112.08208673909111,0
2026-03-16,4,1,58,300.28,0,28,0,124.26746435462375,0
2026-03-16,4,2,72,300.28,0,28,0,120.39337972629515,0
2026-03-16,4,3,67,300.28,0,28,0,177.54897532591562,0
2026-03-16,5,1,40,32.76,0,6,0,115.88655863145787,0
2026-03-16,5,2,36,32.76,0,6,0,81.22572600779883,0
2026-03-16,5,3,34,32.76,0,6,0,21.72108180157035,0
2026-03-16,6,1,64,307.7,0,11,0,96.57233886325618,1
2026-03-16,6,2,62,307.7,0,11,0,134.84809875325828,0
2026-03-16,6,3,65,307.7,0,11,0,38.84751117353876,0
2026-03-16,7,1,48,93.56,0,8,0,127.52323434682921,0
2026-03-16,7,2,38,93.56,0,8,0,21.609310426361574,0
2026-03-16,7,3,45,93.56,0,8,0,62.48062269980073,0
2026-03-16,8,1,42,41.88,0,27,0,61.93333447255745,0
2026-03-16,8,2,39,41.88,0,27,0,70.63005616628114,0
2026-03-16,8,3,40,41.88,0,27,0,42.05067594519466,0
2026-03-16,9,1,83,474.95,0,10,0,175.93138470081914,0
2026-03-16,9,2,72,474.95,0,10,0,214.93813753985881,0
2026-03-16,9,3,77,474.95,0,10,0,146.85198302827078,0
2026-03-16,10,1,74,483.16,0,29,0,52.566934553556734,0
2026-03-16,10,2,86,483.16,0,29,0,230.81578799729616,0
2026-03-16,10,3,71,483.16,0,29,0,77.76704620242981,0
2026-03-16,11,1,78,406.11,0,8,0,125.40981239414097,0
2026-03-16,11,2,68,406.11,0,8,0,47.45063838716216,0
2026-03-16,11,3,75,406.11,0,8,0,94.49143125153354,0
2026-03-16,12,1,56,159.26,0,10,0,117.77836265156355,0
2026-03-16,12,2,43,159.26,0,10,0,100.41886126360019,0
2026-03-16,12,3,46,159.26,0,10,0,95.7614858550046,0
2026-03-16,13,1,31,57.86,0,9,0,24.84582615035936,1
2026-03-16,13,2,80,57.86,1,9,0,161.5908053263159,0
2026-03-16,13,3,43,57.86,0,9,0,60.500668535617656,0
2026-03-16,14,1,64,345.27,0,13,0,181.481102193223,0
2026-03-16,14,2,69,345.27,0,13,0,119.08970988666111,0
2026-03-16,14,3,65,345.27,0,13,0,85.76057515582666,0
2026-03-16,15,1,58,225.67,0,3,0,110.59760748332624,0
2026-03-16,15,2,59,225.67,0,3,0,139.34930377849898,0
2026-03-16,15,3,123,225.67,1,3,0,343.96452488331045,0
2026-03-16,16,1,43,69.8,0,2,0,94.13092640823693,0
2026-03-16,16,2,41,69.8,0,2,0,102.9605197923134,0
2026-03-16,16,3,38,69.8,0,2,0,26.341176369888608,0
2026-03-16,17,1,58,252.64,0,17,0,79.54315181054466,0
2026-03-16,17,2,56,252.64,0,17,0,165.0526051984776,0
2026-03-16,17,3,55,252.64,0,17,0,136.46127524006008,0
2026-03-16,18,1,34,26.85,0,24,0,96.85034661325754,0
2026-03-16,18,2,45,26.85,0,24,0,92.55993213955767,0
2026-03-16,18,3,43,26.85,0,24,0,29.478292317784263,0
2026-03-16,19,1,88,455.57,0,24,0,152.73595773388354,0
2026-03-16,19,2,81,455.57,0,24,0,191.19382703688717,0
2026-03-16,19,3,67,455.57,0,24,0,82.86237820727246,0
2026-03-16,20,1,55,136.8,0,25,0,72.18682463277241,0
2026-03-16,20,2,50,136.8,0,25,0,63.9235029224084,0
2026-03-16,20,3,46,136.8,0,25,0,125.89392247688073,0
2026-03-16,21,1,67,334.64,0,6,0,97.73132809319979,0
2026-03-16,21,2,60,334.64,0,6,0,110.65160863623635,0
2026-03-16,21,3,64,334.64,0,6,0,117.29678160838459,0
2026-03-16,22,1,53,162.74,0,4,0,64.1342943213414,0
2026-03-16,22,2,61,162.74,0,4,0,93.87180998838069,0
2026-03-16,22,3,54,162.74,0,4,0,134.31614692874462,0
2026-03-16,23,1,61,264.83,0,13,0,111.86137808730213,0
2026-03-16,23,2,64,264.83,0,13,0,54.93551861146035,0
2026-03-16,23,3,67,264.83,0,13,0,149.69306341255464,0
2026-03-16,24,1,59,277.89,0,9,0,87.10998463682583,0
2026-03-16,24,2,62,277.89,0,9,0,66.21239272669035,0
2026-03-16,24,3,61,277.89,0,9,0,37.49419216068234,0
2026-03-16,25,1,44,100.58,0,23,0,102.65489391335416,0
2026-03-16,25,2,36,100.58,0,23,0,55.56050945980189,0
2026-03-16,25,3,39,100.58,0,23,0,63.491148390890835,0
2026-03-16,26,1,86,485.1,0,28,0,174.54756373816372,0
2026-03-16,26,2,78,485.1,0,28,0,154.16362296016231,0
2026-03-16,26,3,74,485.1,0,28,0,186.5834279166775,0
2026-03-16,27,1,66,389.82,0,4,0,197.60050180050087,1
2026-03-16,27,2,70,389.82,0,4,0,159.22301745259685,0
2026-03-16,27,3,74,389.82,0,4,0,123.97104847894896,0
2026-03-16,28,1,89,470.35,0,2,0,45.157456900827775,0
2026-03-16,28,2,84,470.35,0,2,0,142.03447920717852,0
2026-03-16,28,3,80,470.35,0,2,0,93.65580177008609,0
2026-03-16,29,1,79,448.47,0,4,0,127.25877557843948,0
2026-03-16,29,2,166,448.47,1,4,0,203.97017440475446,0
2026-03-16,29,3,78,448.47,0,4,0,90.12122915600581,0
2026-03-16,30,1,54,302.97,0,6,0,75.68921566314746,0
2026-03-16,30,2,71,302.97,0,6,0,105.41121923239747,0
2026-03-16,30,3,69,302.97,0,6,0,122.58933059685195,0
2026-03-16,31,1,78,461.72,0,16,0,187.04660087116022,0
2026-03-16,31,2,86,461.72,0,16,0,246.41696167273435,0
2026-03-16,31,3,82,461.72,0,16,0,64.91635283591926,0
2026-03-16,32,1,43,53.36,0,15,0,76.47732689756596,0
2026-03-16,32,2,35,53.36,0,15,0,80.88298219465511,0
2026-03-16,32,3,46,53.36,0,15,0,34.02174201959667,1
2026-03-16,33,1,46,106.03,0,4,0,50.55584500568014,0
2026-03-16,33,2,53,106.03,0,4,0,120.32659563828256,0
2026-03-16,33,3,41,106.03,0,4,0,82.4280499234279,0
2026-03-16,34,1,41,32.16,0,10,8,91.23872663322251,0
2026-03-16,34,2,37,32.16,0,2,0,50.12531697686392,0
2026-03-16,34,3,37,32.16,0,2,0,47.12102176139077,0
2026-03-16,35,1,53,169.41,0,6,0,132.79640056199543,0
2026-03-16,35,2,49,169.41,0,6,0,79.46746439894218,0
2026-03-16,35,3,56,169.41,0,6,0,40.55606850227862,0
2026-03-16,36,1,60,200.45,0,27,0,168.44822558452339,0
2026-03-16,36,2,51,200.45,0,27,0,104.82088240191725,0
2026-03-16,36,3,57,200.45,0,27,0,149.1011981248224,1
2026-03-16,37,1,47,142.96,0,24,0,140.81795154038133,0
2026-03-16,37,2,51,142.96,0,24,0,46.034751346130264,0
2026-03-16,37,3,50,142.96,0,24,0,82.04473601708347,0
2026-03-16,38,1,63,416.08,0,15,0,184.02116046816295,0
2026-03-16,38,2,74,416.08,0,15,0,212.3069990101167,0
2026-03-16,38,3,78,416.08,0,15,0,53.23181229482724,0
2026-03-16,39,1,62,184.81,0,8,0,71.71748556360708,0
2026-03-16,39,2,46,184.81,0,10,2,133.09558923264643,0
2026-03-16,39,3,49,184.81,0,8,0,55.996782290657336,0
2026-03-16,40,1,49,147.66,0,28,0,85.83139112279035,0
2026-03-16,40,2,44,147.66,0,28,0,76.37497293976485,0
2026-03-16,40,3,49,147.66,0,28,0,130.25869084296136,0
2026-03-16,41,1,63,275.92,0,10,0,61.126334299894076,0
2026-03-16,41,2,51,275.92,0,10,0,141.68018026821977,0
2026-03-16,41,3,65,275.92,0,10,0,137.79115087070986,0
2026-03-16,42,1,39,79.05,0,16,0,90.89445119630814,0
2026-03-16,42,2,44,79.05,0,16,0,84.41034017442954,0
2026-03-16,42,3,46,79.05,0,16,0,132.40988514155893,0
2026-03-16,43,1,68,403.08,0,16,0,159.9785278479481,1
2026-03-16,43,2,76,403.08,0,16,0,40.88560044723458,0
2026-03-16,43,3,76,403.08,0,16,0,195.4131096770428,0
2026-03-16,44,1,37,46.53,0,27,0,56.1183857526416,0
2026-03-16,44,2,51,46.53,0,27,0,147.0878156663318,0
2026-03-16,44,3,43,46.53,0,27,0,70.12264769205359,0
2026-03-16,45,1,81,493.57,0,11,0,54.31392338614736,0
2026-03-16,45,2,81,493.57,0,11,0,240.85525310459786,0
2026-03-16,45,3,83,493.57,0,11,0,103.19599819224356,0
2026-03-16,46,1,68,388.4,0,29,0,38.31699366463088,0
2026-03-16,46,2,72,388.4,0,29,0,145.38767956258857,0
2026-03-16,46,3,68,388.4,0,29,0,72.63192587272418,0
2026-03-16,47,1,48,107.37,0,14,0,127.70607985460572,1
2026-03-16,47,2,51,107.37,0,14,0,126.12357342417172,0
2026-03-16,47,3,54,107.37,0,14,0,35.9188944694083,0
2026-03-16,48,1,27,12.71,0,20,0,42.84206604404029,0
2026-03-16,48,2,27,12.71,0,20,0,68.35870688719446,0
2026-03-16,48,3,33,12.71,0,20,0,39.5218228420822,1
2026-03-16,49,1,68,409.58,0,8,0,147.97522844942335,0
2026-03-16,49,2,72,409.58,0,8,0,203.6509582033898,0
2026-03-16,49,3,79,409.58,0,8,0,189.74717846211422,0
2026-03-16,50,1,73,356.36,0,18,0,91.75803055711695,0
2026-03-16,50,2,65,356.36,0,18,0,86.38278305974288,0
2026-03-16,50,3,64,356.36,0,18,0,178.08398083490206,0
2026-03-17,1,1,67,394.74,0,4,0,105.57047406731884,0
2026-03-17,1,2,73,394.74,0,4,0,175.3885814634746,0
2026-03-17,1,3,66,394.74,0,4,0,174.36741143310215,0
2026-03-17,2,1,53,107.84,0,4,0,101.46303389388156,0
2026-03-17,2,2,55,107.84,0,4,0,79.11790076233787,0
2026-03-17,2,3,49,107.84,0,4,0,145.644676188045,0
2026-03-17,3,1,55,261.97,0,2,0,64.94266548812318,0
2026-03-17,3,2,63,261.97,0,8,6,95.29048255106919,0
2026-03-17,3,3,64,261.97,0,2,0,176.30214850420964,0
2026-03-17,4,1,69,300.28,0,32,4,152.24902559543085,1
2026-03-17,4,2,58,300.28,0,28,0,40.118031898687725,0
2026-03-17,4,3,66,300.28,0,28,0,160.337973307838,0
2026-03-17,5,1,40,32.76,0,6,0,118.04070654283363,0
2026-03-17,5,2,39,32.76,0,6,0,32.8321216540715,0
2026-03-17,5,3,26,32.76,0,6,0,22.73024231435652,0
2026-03-17,6,1,68,307.7,0,11,0,138.48813941788816,0
2026-03-17,6,2,71,307.7,0,11,0,93.32978838120644,0
2026-03-17,6,3,65,307.7,0,11,0,97.69100043228627,0
2026-03-17,7,1,42,93.56,0,8,0,41.65515222620991,0
2026-03-17,7,2,46,93.56,0,8,0,27.21044905678954,0
2026-03-17,7,3,88,93.56,1,8,0,169.46024185969233,0
2026-03-17,8,1,36,41.88,0,27,0,89.83916280856249,0
2026-03-17,8,2,36,41.88,0,27,0,27.563066242249775,0
2026-03-17,8,3,41,41.88,0,27,0,63.36198070750518,1
2026-03-17,9,1,84,474.95,0,10,0,232.56297453717502,0
2026-03-17,9,2,75,474.95,0,10,0,221.36468231994021,0
2026-03-17,9,3,86,474.95,0,10,0,181.31395430481575,1
2026-03-17,10,1,81,483.16,0,29,0,242.50103657404213,0
2026-03-17,10,2,73,483.16,0,29,0,132.34664540257313,0
2026-03-17,10,3,79,483.16,0,29,0,158.18456422677022,0
2026-03-17,11,1,78,406.11,0,8,0,226.48606562160657,0
2026-03-17,11,2,76,406.11,0,8,0,108.66873405674023,0
2026-03-17,11,3,82,406.11,0,8,0,217.22612172161536,0
2026-03-17,12,1,56,159.26,0,10,0,125.58637105461163,0
2026-03-17,12,2,56,159.26,0,10,0,86.9338468417201,0
2026-03-17,12,3,51,159.26,0,10,0,118.80633398654271,0
2026-03-17,13,1,46,57.86,0,9,0,83.79965474646951,0
2026-03-17,13,2,41,57.86,0,9,0,105.6247527067784,0
2026-03-17,13,3,40,57.86,0,9,0,87.0129936502368,0
2026-03-17,14,1,69,345.27,0,13,0,52.52676599027107,0
2026-03-17,14,2,64,345.27,0,13,0,90.53210003164324,0
2026-03-17,14,3,67,345.27,0,14,1,80.33665119126815,0
2026-03-17,15,1,55,225.67,0,3,0,99.22881893882607,0
2026-03-17,15,2,56,225.67,0,3,0,45.62244011607126,0
2026-03-17,15,3,56,225.67,0,3,0,76.62857372947286,0
2026-03-17,16,1,44,69.8,0,2,0,55.437078389525176,0
2026-03-17,16,2,39,69.8,0,2,0,42.588628732165155,0
2026-03-17,16,3,35,69.8,0,2,0,90.47598511771461,0
2026-03-17,17,1,50,252.64,0,17,0,80.12089833908489,0
2026-03-17,17,2,65,252.64,0,17,0,58.62745464190074,0
2026-03-17,17,3,52,252.64,0,17,0,39.17655548754846,0
2026-03-17,18,1,33,26.85,0,24,0,36.03612964216144,0
2026-03-17,18,2,39,26.85,0,24,0,34.55097099026132,0
2026-03-17,18,3,33,26.85,0,24,0,66.41229163591012,0
2026-03-17,19,1,84,455.57,0,24,0,133.24208374843334,1
2026-03-17,19,2,67,455.57,0,24,0,104.19062080353777,0
2026-03-17,19,3,79,455.57,0,24,0,138.37317168502543,0
2026-03-17,20,1,46,136.8,0,25,0,122.80860919909809,0
2026-03-17,20,2,45,136.8,0,25,0,125.47294484834184,0
2026-03-17,20,3,47,136.8,0,25,0,61.70390374458212,0
2026-03-17,21,1,69,334.64,0,6,0,37.73539437796673,0
2026-03-17,21,2,61,334.64,0,6,0,122.00099242862427,0
2026-03-17,21,3,72,334.64,0,6,0,41.95342959536427,0
2026-03-17,22,1,49,162.74,0,4,0,48.97269130411518,1
2026-03-17,22,2,51,162.74,0,4,0,75.076729274972,0
2026-03-17,22,3,53,162.74,0,4,0,50.22938426326915,0
2026-03-17,23,1,59,264.83,0,13,0,138.77538102794992,0
2026-03-17,23,2,67,264.83,0,13,0,178.50954377197004,0
2026-03-17,23,3,65,264.83,0,13,0,133.26842479306598,0
2026-03-17,24,1,66,277.89,0,9,0,176.68999514713778,0
2026-03-17,24,2,60,277.89,0,9,0,157.13000133892226,0
2026-03-17,24,3,58,277.89,0,9,0,152.30570967252024,0
2026-03-17,25,1,43,100.58,0,23,0,56.308384661920215,0
2026-03-17,25,2,47,100.58,0,23,0,102.14818102151597,0
2026-03-17,25,3,39,100.58,0,23,0,75.86858584111845,0
2026-03-17,26,1,82,485.1,0,28,0,117.98053048761999,0
2026-03-17,26,2,89,485.1,0,28,0,58.937311972301806,0
2026-03-17,26,3,78,485.1,0,28,0,77.46550696638596,0
2026-03-17,27,1,59,389.82,0,4,0,38.64641885655984,0
2026-03-17,27,2,67,389.82,0,4,0,121.03411918208063,0
2026-03-17,27,3,68,389.82,0,4,0,56.68202114105665,0
2026-03-17,28,1,80,470.35,0,2,0,186.43685665451784,0
2026-03-17,28,2,87,470.35,0,2,0,260.0353661538574,0
2026-03-17,28,3,75,470.35,0,2,0,48.820540534871334,0
2026-03-17,29,1,74,448.47,0,4,0,148.08675531791195,0
2026-03-17,29,2,84,448.47,0,4,0,107.8965802681614,0
2026-03-17,29,3,79,448.47,0,13,9,185.63305820880706,0
2026-03-17,30,1,61,302.97,0,6,0,112.82614717829944,0
2026-03-17,30,2,59,302.97,0,6,0,41.20613251026864,0
2026-03-17,30,3,60,302.97,0,6,0,159.26832314539752,1
2026-03-17,31,1,89,461.72,0,16,0,195.97097250343316,0
2026-03-17,31,2,80,461.72,0,16,0,211.97342653394432,0
2026-03-17,31,3,77,461.72,0,16,0,103.53153850766664,0
2026-03-17,32,1,36,53.36,0,15,0,50.09212208180706,1
2026-03-17,32,2,82,53.36,1,15,0,180.1786850670313,0
2026-03-17,32,3,35,53.36,0,15,0,52.319202286141326,0
2026-03-17,33,1,40,106.03,0,4,0,86.02240699568256,0
2026-03-17,33,2,50,106.03,0,4,0,80.63363181716547,0
2026-03-17,33,3,52,106.03,0,4,0,56.27637578562973,0
2026-03-17,34,1,33,32.16,0,2,0,45.079432477732084,0
2026-03-17,34,2,39,32.16,0,2,0,51.81773831760702,0
2026-03-17,34,3,33,32.16,0,2,0,87.43519422391722,0
2026-03-17,35,1,53,169.41,0,6,0,53.32988426844888,1
2026-03-17,35,2,53,169.41,0,6,0,81.91608213697054,0
2026-03-17,35,3,49,169.41,0,6,0,24.865717917659595,1
2026-03-17,36,1,48,200.45,0,27,0,89.62389659390973,0
2026-03-17,36,2,60,200.45,0,27,0,146.73423651972993,0
2026-03-17,36,3,48,200.45,0,27,0,122.37580066797122,0
2026-03-17,37,1,47,142.96,0,24,0,105.62673619844281,1
2026-03-17,37,2,41,142.96,0,24,0,28.85337744801497,0
2026-03-17,37,3,50,142.96,0,24,0,68.92821943425373,0
2026-03-17,38,1,81,416.08,0,15,0,197.36131502203233,0
2026-03-17,38,2,80,416.08,0,15,0,90.64994968168662,0
2026-03-17,38,3,81,416.08,0,15,0,126.22469745981132,0
2026-03-17,39,1,56,184.81,0,13,5,121.78472437688237,0
2026-03-17,39,2,54,184.81,0,8,0,45.27081237109833,0
2026-03-17,39,3,60,184.81,0,8,0,175.7204859060467,0
2026-03-17,40,1,55,147.66,0,28,0,102.89982159542132,1
2026-03-17,40,2,54,147.66,0,28,0,134.73498918749962,0
2026-03-17,40,3,59,147.66,0,28,0,139.0484608851484,1
2026-03-17,41,1,65,275.92,0,10,0,147.34991534852637,0
2026-03-17,41,2,67,275.92,0,10,0,33.941711687817154,0
2026-03-17,41,3,58,275.92,0,10,0,40.35771594317183,0
2026-03-17,42,1,38,79.05,0,16,0,21.504773801546595,0
2026-03-17,42,2,43,79.05,0,16,0,24.36205190987015,0
2026-03-17,42,3,33,79.05,0,16,0,92.42597789234726,0
2026-03-17,43,1,84,403.08,0,16,0,241.78064298784932,0
2026-03-17,43,2,70,403.08,0,16,0,109.19861765956975,0
2026-03-17,43,3,85,403.08,0,16,0,82.32696841808284,0
2026-03-17,44,1,39,46.53,0,27,0,63.33811470587533,0
2026-03-17,44,2,34,46.53,0,27,0,52.363897187225454,0
2026-03-17,44,3,40,46.53,0,27,0,119.96898773860396,0
2026-03-17,45,1,89,493.57,0,11,0,246.48530837696666,0
2026-03-17,45,2,86,493.57,0,11,0,164.14813221251183,0
2026-03-17,45,3,85,493.57,0,11,0,200.52672020217838,0
2026-03-17,46,1,75,388.4,0,29,0,158.45859977199171,0
2026-03-17,46,2,79,388.4,0,29,0,128.05025895348462,0
2026-03-17,46,3,77,388.4,0,29,0,79.1632977822757,0
2026-03-17,47,1,39,107.37,0,14,0,61.1866691537552,0
2026-03-17,47,2,46,107.37,0,14,0,49.08479112442322,0
2026-03-17,47,3,46,107.37,0,14,0,29.360993037975707,0
2026-03-17,48,1,37,12.71,0,20,0,81.69334182068138,0
2026-03-17,48,2,40,12.71,0,20,0,98.86029753914976,0
2026-03-17,48,3,33,12.71,0,20,0,37.88864364553582,0
2026-03-17,49,1,69,409.58,0,8,0,174.33134297255276,0
2026-03-17,49,2,74,409.58,0,8,0,204.5601756361083,0
2026-03-17,49,3,74,409.58,0,8,0,125.84030627755064,0
2026-03-17,50,1,68,356.36,0,18,0,60.81776473660071,0
2026-03-17,50,2,76,356.36,0,18,0,47.14949070756384,0
2026-03-17,50,3,79,356.36,0,18,0,40.449592281944525,0
2026-03-18,1,1,68,394.74,0,4,0,133.51323881315028,0
2026-03-18,1,2,79,394.74,0,4,0,130.31601600903528,0
2026-03-18,1,3,67,394.74,0,4,0,160.52659109980453,0
2026-03-18,2,1,42,107.84,0,4,0,50.34088577823483,0
2026-03-18,2,2,47,107.84,0,4,0,122.30071974948923,0
2026-03-18,2,3,39,107.84,0,4,0,21.689078894564293,0
2026-03-18,3,1,71,261.97,0,2,0,92.64455417234112,0
2026-03-18,3,2,64,261.97,0,2,0,108.77842082583277,0
2026-03-18,3,3,58,261.97,0,2,0,97.68869552873345,0
2026-03-18,4,1,59,300.28,0,28,0,55.63242667968537,0
2026-03-18,4,2,71,300.28,0,28,0,190.49348204174763,0
2026-03-18,4,3,64,300.28,0,37,9,61.20279946239246,0
2026-03-18,5,1,36,32.76,0,6,0,77.96885850393033,0
2026-03-18,5,2,48,32.76,0,6,0,102.04102263758584,1
2026-03-18,5,3,39,32.76,0,6,0,66.93130484155246,1
2026-03-18,6,1,62,307.7,0,11,0,148.01352011841882,0
2026-03-18,6,2,68,307.7,0,11,0,49.052986442213395,0
2026-03-18,6,3,54,307.7,0,11,0,70.23773922781933,0
2026-03-18,7,1,39,93.56,0,16,8,100.64771109692872,0
2026-03-18,7,2,48,93.56,0,8,0,115.46464553093499,0
2026-03-18,7,3,43,93.56,0,8,0,36.02190608417806,0
2026-03-18,8,1,31,41.88,0,27,0,62.28908473078312,0
2026-03-18,8,2,34,41.88,0,27,0,41.580911910322406,0
2026-03-18,8,3,35,41.88,0,27,0,62.76799547223318,0
2026-03-18,9,1,83,474.95,0,10,0,158.8051490689336,0
2026-03-18,9,2,76,474.95,0,10,0,189.5168119663697,0
2026-03-18,9,3,76,474.95,0,10,0,189.6012598937739,0
2026-03-18,10,1,75,483.16,0,29,0,71.43928258079765,0
2026-03-18,10,2,75,483.16,0,29,0,137.83022221452188,0
2026-03-18,10,3,90,483.16,0,29,0,247.10645249266818,0
2026-03-18,11,1,71,406.11,0,8,0,128.13670200809105,0
2026-03-18,11,2,73,406.11,0,8,0,166.84499142204473,0
2026-03-18,11,3,70,406.11,0,8,0,113.68273124587718,0
2026-03-18,12,1,49,159.26,0,10,0,45.2686523585356,0
2026-03-18,12,2,53,159.26,0,10,0,34.07261709313637,0
2026-03-18,12,3,61,159.26,0,10,0,131.98852996651155,0
2026-03-18,13,1,38,57.86,0,9,0,71.08729013276347,0
2026-03-18,13,2,35,57.86,0,9,0,69.08645303947816,0
2026-03-18,13,3,34,57.86,0,9,0,78.58255977633267,0
2026-03-18,14,1,72,345.27,0,13,0,63.3658071022909,0
2026-03-18,14,2,66,345.27,0,20,7,154.25807530697537,0
2026-03-18,14,3,68,345.27,0,13,0,192.68079327436803,0
2026-03-18,15,1,64,225.67,0,3,0,178.97961610665936,0
2026-03-18,15,2,52,225.67,0,3,0,88.09708992176786,0
2026-03-18,15,3,63,225.67,0,3,0,40.767544970591345,0
2026-03-18,16,1,35,69.8,0,2,0,25.671633945564906,0
2026-03-18,16,2,38,69.8,0,2,0,36.805892067303866,0
2026-03-18,16,3,39,69.8,0,2,0,70.6819242874265,0
2026-03-18,17,1,61,252.64,0,17,0,141.65859019276598,0
2026-03-18,17,2,62,252.64,0,17,0,107.25655651693216,0
2026-03-18,17,3,57,252.64,0,17,0,153.84009336592524,0
2026-03-18,18,1,35,26.85,0,24,0,101.54015529814879,0
2026-03-18,18,2,34,26.85,0,24,0,53.81044999526101,0
2026-03-18,18,3,38,26.85,0,24,0,112.45821798382023,0
2026-03-18,19,1,80,455.57,0,24,0,73.90271190672928,0
2026-03-18,19,2,74,455.57,0,24,0,77.51182842674802,0
2026-03-18,19,3,85,455.57,0,24,0,71.83520106385102,0
2026-03-18,20,1,54,136.8,0,25,0,95.01381142324969,0
2026-03-18,20,2,52,136.8,0,25,0,67.84632335446074,0
2026-03-18,20,3,42,136.8,0,25,0,116.96573957289303,0
2026-03-18,21,1,70,334.64,0,6,0,176.25584794527046,0
2026-03-18,21,2,66,334.64,0,6,0,61.60100920491583,0
2026-03-18,21,3,63,334.64,0,6,0,73.36155347903816,0
2026-03-18,22,1,55,162.74,0,4,0,54.76367508563949,0
2026-03-18,22,2,42,162.74,0,4,0,21.22539220837902,0
2026-03-18,22,3,44,162.74,0,4,0,66.25269667775983,0
2026-03-18,23,1,66,264.83,0,13,0,173.8636271192615,0
2026-03-18,23,2,63,264.83,0,13,0,81.06068893752457,0
2026-03-18,23,3,51,264.83,0,13,0,73.90642879785736,0
2026-03-18,24,1,60,277.89,0,9,0,167.9216065045948,0
2026-03-18,24,2,65,277.89,0,9,0,113.31428612988357,0
2026-03-18,24,3,67,277.89,0,9,0,40.80634612448918,0
2026-03-18,25,1,52,100.58,0,23,0,146.16157869013352,0
2026-03-18,25,2,42,100.58,0,23,0,110.83580560987495,0
2026-03-18,25,3,45,100.58,0,23,0,74.0429239802928,0
2026-03-18,26,1,85,485.1,0,28,0,182.28642456638562,0
2026-03-18,26,2,81,485.1,0,28,0,234.106465959394,0
2026-03-18,26,3,88,485.1,0,28,0,117.90618430416454,0
2026-03-18,27,1,70,389.82,0,4,0,171.05634132687223,0
2026-03-18,27,2,142,389.82,1,4,0,80.01307549375885,0
2026-03-18,27,3,73,389.82,0,4,0,101.94903104965911,0
2026-03-18,28,1,79,470.35,0,2,0,119.13803787455115,0
2026-03-18,28,2,85,470.35,0,2,0,77.8029246053077,0
2026-03-18,28,3,79,470.35,0,2,0,46.45925349445706,0
2026-03-18,29,1,74,448.47,0,4,0,173.81003814829228,0
2026-03-18,29,2,75,448.47,0,4,0,194.32512005871078,0
2026-03-18,29,3,76,448.47,0,4,0,169.68031168617782,0
2026-03-18,30,1,71,302.97,0,6,0,109.93233813576684,0
2026-03-18,30,2,134,302.97,1,6,0,103.15739180921601,0
2026-03-18,30,3,65,302.97,0,6,0,142.86334165510434,0
2026-03-18,31,1,78,461.72,0,16,0,220.6544815005787,0
2026-03-18,31,2,84,461.72,0,16,0,77.84067381802596,0
2026-03-18,31,3,88,461.72,0,16,0,70.50805035085361,0
2026-03-18,32,1,39,53.36,0,15,0,23.536056707945242,0
2026-03-18,32,2,41,53.36,0,15,0,69.072841779542,0
2026-03-18,32,3,56,53.36,0,15,0,45.8208005872752,0
2026-03-18,33,1,49,106.03,0,4,0,97.7797997563734,0
2026-03-18,33,2,48,106.03,0,4,0,53.522751240913884,0
2026-03-18,33,3,50,106.03,0,4,0,122.39071167676407,0
2026-03-18,34,1,36,32.16,0,2,0,39.95307338967993,0
2026-03-18,34,2,48,32.16,0,2,0,112.05611347627202,0
2026-03-18,34,3,32,32.16,0,2,0,95.00739371506806,0
2026-03-18,35,1,51,169.41,0,6,0,115.4554609014426,0
2026-03-18,35,2,51,169.41,0,6,0,74.23268414665094,0
2026-03-18,35,3,57,169.41,0,6,0,75.99750392956796,0
2026-03-18,36,1,54,200.45,0,27,0,157.330769261977,0
2026-03-18,36,2,50,200.45,0,27,0,39.680723147016,0
2026-03-18,36,3,56,200.45,0,27,0,91.16462734391338,0
2026-03-18,37,1,56,142.96,0,24,0,104.36465383547969,0
2026-03-18,37,2,45,142.96,0,24,0,59.2237299291406,0
2026-03-18,37,3,37,142.96,0,24,0,28.56059298975109,0
2026-03-18,38,1,87,416.08,0,15,0,225.21020301104463,0
2026-03-18,38,2,74,416.08,0,15,0,188.90220458018763,0
2026-03-18,38,3,73,416.08,0,15,0,73.16988744089555,0
2026-03-18,39,1,50,184.81,0,8,0,78.01023655574497,0
2026-03-18,39,2,51,184.81,0,8,0,75.56975833942188,0
2026-03-18,39,3,46,184.81,0,8,0,121.33073562167058,0
2026-03-18,40,1,45,147.66,0,28,0,83.57311829335954,0
2026-03-18,40,2,52,147.66,0,28,0,102.94360431182625,0
2026-03-18,40,3,40,147.66,0,28,0,94.44240152374687,0
2026-03-18,41,1,73,275.92,0,10,0,96.98579492227265,0
2026-03-18,41,2,52,275.92,0,10,0,114.15959226069846,0
2026-03-18,41,3,67,275.92,0,10,0,198.42278751039592,0
2026-03-18,42,1,46,79.05,0,16,0,123.70335104993394,0
2026-03-18,42,2,40,79.05,0,16,0,107.94045263588542,0
2026-03-18,42,3,38,79.05,0,16,0,88.78680977333156,0
2026-03-18,43,1,70,403.08,0,20,4,147.48741168617613,0
2026-03-18,43,2,69,403.08,0,16,0,205.59879122829457,0
2026-03-18,43,3,70,403.08,0,16,0,173.03207444591513,0
2026-03-18,44,1,36,46.53,0,27,0,81.18998869905214,0
2026-03-18,44,2,38,46.53,0,27,0,92.3423139667213,0
2026-03-18,44,3,31,46.53,0,27,0,80.80781105255647,0
2026-03-18,45,1,78,493.57,0,11,0,229.2482971154,0
2026-03-18,45,2,82,493.57,0,11,0,157.92725390605528,0
2026-03-18,45,3,84,493.57,0,11,0,83.94701589074883,0
2026-03-18,46,1,73,388.4,0,29,0,42.63829344055035,0
2026-03-18,46,2,70,388.4,0,29,0,169.3982280042001,0
2026-03-18,46,3,69,388.4,0,37,8,154.33124869133565,0
2026-03-18,47,1,40,107.37,0,14,0,107.3282889143548,0
2026-03-18,47,2,47,107.37,0,14,0,137.19608302083103,1
2026-03-18,47,3,36,107.37,0,14,0,31.833729063998796,0
2026-03-18,48,1,32,12.71,0,20,0,80.73418819614943,0
2026-03-18,48,2,42,12.71,0,20,0,110.44414386833365,0
2026-03-18,48,3,34,12.71,0,20,0,38.742186041916455,0
2026-03-18,49,1,86,409.58,0,8,0,203.10678130656026,1
2026-03-18,49,2,79,409.58,0,8,0,204.20984887293517,1
2026-03-18,49,3,74,409.58,0,8,0,174.5971546514422,0
2026-03-18,50,1,66,356.36,0,18,0,89.87943729629272,0
2026-03-18,50,2,73,356.36,0,18,0,84.97166904818994,0
2026-03-18,50,3,72,356.36,0,18,0,209.58610907412282,0
2026-03-19,1,1,72,394.74,0,4,0,90.79912785854795,0
2026-03-19,1,2,64,394.74,0,4,0,168.0741783080098,0
2026-03-19,1,3,73,394.74,0,4,0,178.7199575181824,0
2026-03-19,2,1,45,107.84,0,4,0,58.76923541327222,0
2026-03-19,2,2,41,107.84,0,4,0,96.71412410228447,0
2026-03-19,2,3,44,107.84,0,4,0,23.8055912496208,0
2026-03-19,3,1,51,261.97,0,2,0,26.49838753911904,0
2026-03-19,3,2,69,261.97,0,2,0,78.69507796563028,0
2026-03-19,3,3,57,261.97,0,2,0,58.29782045382698,0
2026-03-19,4,1,66,300.28,0,28,0,191.30380190609603,0
2026-03-19,4,2,63,300.28,0,28,0,82.37610074461269,0
2026-03-19,4,3,60,300.28,0,28,0,163.4273334651109,0
2026-03-19,5,1,38,32.76,0,6,0,32.47307670358665,0
2026-03-19,5,2,43,32.76,0,6,0,25.448857097943957,0
2026-03-19,5,3,40,32.76,0,6,0,82.94218654727787,0
2026-03-19,6,1,63,307.7,0,11,0,80.98394607067314,0
2026-03-19,6,2,64,307.7,0,11,0,42.301519742053756,1
2026-03-19,6,3,61,307.7,0,11,0,35.867648176716976,0
2026-03-19,7,1,45,93.56,0,8,0,124.79438276162414,0
2026-03-19,7,2,56,93.56,0,13,5,64.64992933483168,0
2026-03-19,7,3,37,93.56,0,8,0,44.869843806725854,0
2026-03-19,8,1,39,41.88,0,29,2,36.73391636813291,0
2026-03-19,8,2,40,41.88,0,27,0,118.42293489629517,0
2026-03-19,8,3,38,41.88,0,27,0,56.57833997973225,1
2026-03-19,9,1,77,474.95,0,10,0,105.7002316678304,0
2026-03-19,9,2,76,474.95,0,10,0,68.94165544962874,0
2026-03-19,9,3,81,474.95,0,10,0,155.58458635708942,0
2026-03-19,10,1,88,483.16,0,29,0,98.81925870827922,0
2026-03-19,10,2,88,483.16,0,29,0,143.6727478201126,0
2026-03-19,10,3,88,483.16,0,29,0,186.89730479575874,0
2026-03-19,11,1,71,406.11,0,8,0,91.84340487495353,0
2026-03-19,11,2,77,406.11,0,8,0,149.91913389731468,0
2026-03-19,11,3,68,406.11,0,8,0,203.32968078881635,0
2026-03-19,12,1,44,159.26,0,10,0,31.24890327384267,0
2026-03-19,12,2,51,159.26,0,10,0,25.86625183057522,0
2026-03-19,12,3,50,159.26,0,10,0,31.30359986759435,0
2026-03-19,13,1,49,57.86,0,9,0,24.50582352130859,0
2026-03-19,13,2,34,57.86,0,9,0,28.270354055947227,0
2026-03-19,13,3,34,57.86,0,9,0,64.60333989928631,0
2026-03-19,14,1,64,345.27,0,13,0,49.65188844017963,0
2026-03-19,14,2,64,345.27,0,16,3,72.27724774640319,0
2026-03-19,14,3,69,345.27,0,13,0,198.506360865218,0
2026-03-19,15,1,56,225.67,0,3,0,49.61122234941871,0
2026-03-19,15,2,50,225.67,0,3,0,74.59386286991734,0
2026-03-19,15,3,54,225.67,0,3,0,149.47968165899792,0
2026-03-19,16,1,37,69.8,0,2,0,107.3252560148181,0
2026-03-19,16,2,50,69.8,0,2,0,146.67110010873762,0
2026-03-19,16,3,39,69.8,0,2,0,59.791308868965565,0
2026-03-19,17,1,63,252.64,0,17,0,96.1854639017659,0
2026-03-19,17,2,63,252.64,0,17,0,181.76411189177142,0
2026-03-19,17,3,55,252.64,0,17,0,83.45876722588251,0
2026-03-19,18,1,32,26.85,0,24,0,89.69112469581924,0
2026-03-19,18,2,31,26.85,0,24,0,73.50421577623261,0
2026-03-19,18,3,33,26.85,0,24,0,54.246872804042255,0
2026-03-19,19,1,81,455.57,0,24,0,189.25993863806784,0
2026-03-19,19,2,83,455.57,0,24,0,194.64021076843161,0
2026-03-19,19,3,80,455.57,0,24,0,162.5930889273099,0
2026-03-19,20,1,37,136.8,0,25,0,103.73373106842921,0
2026-03-19,20,2,51,136.8,0,25,0,113.68679959008453,0
2026-03-19,20,3,57,136.8,0,25,0,140.117082376754,0
2026-03-19,21,1,64,334.64,0,6,0,187.02398470434613,0
2026-03-19,21,2,66,334.64,0,6,0,133.4428224691102,1
2026-03-19,21,3,70,334.64,0,6,0,65.99516256137551,0
2026-03-19,22,1,57,162.74,0,4,0,152.40576855737686,0
2026-03-19,22,2,65,162.74,0,4,0,78.88376272259333,0
2026-03-19,22,3,52,162.74,0,4,0,56.95891644872194,0
2026-03-19,23,1,56,264.83,0,13,0,132.42292864584394,0
2026-03-19,23,2,64,264.83,0,13,0,159.7751413629681,0
2026-03-19,23,3,72,264.83,0,13,0,37.077660537069505,1
2026-03-19,24,1,58,277.89,0,9,0,74.29698537085727,0
2026-03-19,24,2,68,277.89,0,9,0,126.9625761223509,0
2026-03-19,24,3,68,277.89,0,9,0,173.251285121307,0
2026-03-19,25,1,49,100.58,0,23,0,65.79596933130082,0
2026-03-19,25,2,49,100.58,0,23,0,48.59696089227252,0
2026-03-19,25,3,42,100.58,0,23,0,64.73393131505726,0
2026-03-19,26,1,85,485.1,0,36,8,241.29889712335367,0
2026-03-19,26,2,78,485.1,0,28,0,96.71120645585104,0
2026-03-19,26,3,85,485.1,0,28,0,135.96074240740887,0
2026-03-19,27,1,72,389.82,0,4,0,95.4161931885783,1
2026-03-19,27,2,69,389.82,0,4,0,77.91375872627736,0
2026-03-19,27,3,72,389.82,0,4,0,178.3669633976042,0
2026-03-19,28,1,84,470.35,0,2,0,240.8297710580888,0
2026-03-19,28,2,80,470.35,0,2,0,107.51099610194404,0
2026-03-19,28,3,83,470.35,0,2,0,162.75242258926073,0
2026-03-19,29,1,85,448.47,0,4,0,193.94124459628495,0
2026-03-19,29,2,74,448.47,0,4,0,150.91911493993956,0
2026-03-19,29,3,82,448.47,0,4,0,240.18607056573592,0
2026-03-19,30,1,63,302.97,0,6,0,72.26029087215163,0
2026-03-19,30,2,60,302.97,0,6,0,92.9672993392934,0
2026-03-19,30,3,69,302.97,0,6,0,51.72483445137249,0
2026-03-19,31,1,77,461.72,0,16,0,203.732410574445,0
2026-03-19,31,2,78,461.72,0,16,0,54.13820585191341,0
2026-03-19,31,3,88,461.72,0,16,0,252.22064034945856,0
2026-03-19,32,1,32,53.36,0,15,0,51.96918017954896,0
2026-03-19,32,2,38,53.36,0,15,0,69.34547248505315,0
2026-03-19,32,3,44,53.36,0,15,0,105.36417201209474,0
2026-03-19,33,1,45,106.03,0,4,0,28.70445044046905,0
2026-03-19,33,2,42,106.03,0,4,0,34.60243324894576,0
2026-03-19,33,3,47,106.03,0,4,0,74.7651608750513,0
2026-03-19,34,1,70,32.16,1,11,9,119.17753639887705,0
2026-03-19,34,2,39,32.16,0,2,0,48.623958816890756,0
2026-03-19,34,3,29,32.16,0,2,0,58.04157602274157,0
2026-03-19,35,1,48,169.41,0,6,0,114.13832508291058,0
2026-03-19,35,2,44,169.41,0,6,0,26.612824344789573,0
2026-03-19,35,3,55,169.41,0,6,0,64.08745372534767,0
2026-03-19,36,1,56,200.45,0,27,0,37.99062909613749,0
2026-03-19,36,2,56,200.45,0,27,0,38.9333909929106,0
2026-03-19,36,3,52,200.45,0,27,0,48.90551275386416,0
2026-03-19,37,1,48,142.96,0,24,0,82.71455589409821,0
2026-03-19,37,2,51,142.96,0,24,0,41.012589685934415,0
2026-03-19,37,3,47,142.96,0,26,2,136.26529800155174,0
2026-03-19,38,1,82,416.08,0,15,0,245.21918688589983,0
2026-03-19,38,2,85,416.08,0,15,0,116.69899193722607,0
2026-03-19,38,3,79,416.08,0,15,0,100.17399801900083,0
2026-03-19,39,1,44,184.81,0,8,0,25.08023200945639,0
2026-03-19,39,2,53,184.81,0,8,0,42.30734583101607,0
2026-03-19,39,3,55,184.81,0,8,0,152.41745756646435,1
2026-03-19,40,1,48,147.66,0,28,0,95.69971945575304,0
2026-03-19,40,2,46,147.66,0,28,0,110.38566341459585,1
2026-03-19,40,3,42,147.66,0,28,0,25.5093289115562,0
2026-03-19,41,1,61,275.92,0,10,0,118.02868496819009,0
2026-03-19,41,2,57,275.92,0,10,0,57.251458434659405,0
2026-03-19,41,3,62,275.92,0,10,0,133.33710749901215,0
2026-03-19,42,1,42,79.05,0,16,0,48.519738540065696,0
2026-03-19,42,2,46,79.05,0,16,0,32.534419684747974,0
2026-03-19,42,3,48,79.05,0,16,0,130.1761695227956,0
2026-03-19,43,1,78,403.08,0,16,0,141.7133097808169,0
2026-03-19,43,2,76,403.08,0,16,0,49.68038536499238,0
2026-03-19,43,3,147,403.08,1,16,0,418.14600154380594,0
2026-03-19,44,1,30,46.53,0,27,0,22.38685350610601,0
2026-03-19,44,2,38,46.53,0,27,0,85.74084264113695,0
2026-03-19,44,3,53,46.53,0,27,0,122.195967035126,0
2026-03-19,45,1,77,493.57,0,11,0,209.07865842708588,0
2026-03-19,45,2,83,493.57,0,11,0,103.37970435005691,0
2026-03-19,45,3,82,493.57,0,11,0,103.61447709016632,0
2026-03-19,46,1,73,388.4,0,29,0,90.17495054276438,0
2026-03-19,46,2,77,388.4,0,29,0,209.27410266660232,0
2026-03-19,46,3,62,388.4,0,29,0,45.727163323819205,0
2026-03-19,47,1,55,107.37,0,14,0,45.00791687459017,0
2026-03-19,47,2,45,107.37,0,14,0,55.81692250979369,0
2026-03-19,47,3,51,107.37,0,14,0,124.09607142047665,0
2026-03-19,48,1,30,12.71,0,20,0,36.04798739997184,0
2026-03-19,48,2,35,12.71,0,20,0,93.88611274967653,0
2026-03-19,48,3,40,12.71,0,20,0,25.32934984123845,0
2026-03-19,49,1,74,409.58,0,8,0,114.08091593274318,0
2026-03-19,49,2,77,409.58,0,8,0,146.9683143256673,0
2026-03-19,49,3,78,409.58,0,8,0,141.92139998522603,0
2026-03-19,50,1,65,356.36,0,18,0,71.47771608264483,0
2026-03-19,50,2,75,356.36,0,18,0,127.79394454907941,0
2026-03-19,50,3,65,356.36,0,18,0,35.97419755561651,0
2026-03-20,1,1,70,394.74,0,4,0,80.97726459459484,0
2026-03-20,1,2,69,394.74,0,4,0,80.41557779559412,0
2026-03-20,1,3,69,394.74,0,4,0,201.61462413443127,0
2026-03-20,2,1,51,107.84,0,4,0,126.27290764819885,0
2026-03-20,2,2,36,107.84,0,4,0,99.29670821633937,0
2026-03-20,2,3,43,107.84,0,4,0,117.06557600597992,0
2026-03-20,3,1,57,261.97,0,2,0,105.10471974069752,0
2026-03-20,3,2,53,261.97,0,3,1,43.23463812006652,0
2026-03-20,3,3,66,261.97,0,2,0,176.63696685044988,0
2026-03-20,4,1,57,300.28,0,28,0,56.10849609154023,0
2026-03-20,4,2,61,300.28,0,28,0,145.61287107386417,0
2026-03-20,4,3,70,300.28,0,28,0,173.0461800746341,0
2026-03-20,5,1,31,32.76,0,11,5,62.0972992008287,0
2026-03-20,5,2,39,32.76,0,6,0,38.1466067874087,0
2026-03-20,5,3,43,32.76,0,6,0,60.29323584256122,1
2026-03-20,6,1,69,307.7,0,11,0,138.48934925938744,0
2026-03-20,6,2,64,307.7,0,11,0,123.66938838361818,0
2026-03-20,6,3,63,307.7,0,11,0,126.27614523197987,0
2026-03-20,7,1,30,93.56,0,8,0,61.40462379565157,0
2026-03-20,7,2,48,93.56,0,8,0,64.5571383855017,0
2026-03-20,7,3,37,93.56,0,8,0,72.3281627936612,0
2026-03-20,8,1,40,41.88,0,27,0,26.607211282512182,0
2026-03-20,8,2,42,41.88,0,27,0,31.173883826754224,0
2026-03-20,8,3,73,41.88,1,27,0,48.69522529798845,0
2026-03-20,9,1,80,474.95,0,10,0,147.49171761698648,0
2026-03-20,9,2,77,474.95,0,10,0,169.3777508936928,0
2026-03-20,9,3,84,474.95,0,10,0,88.44214081021443,0
2026-03-20,10,1,86,483.16,0,29,0,217.9595157424248,0
2026-03-20,10,2,83,483.16,0,29,0,197.25180586395643,0
2026-03-20,10,3,79,483.16,0,29,0,62.7210277391104,0
2026-03-20,11,1,75,406.11,0,8,0,125.03203255964111,0
2026-03-20,11,2,64,406.11,0,8,0,160.31693085155206,0
2026-03-20,11,3,85,406.11,0,8,0,216.646738845953,0
2026-03-20,12,1,50,159.26,0,10,0,100.00359999466019,0
2026-03-20,12,2,42,159.26,0,10,0,32.75810508910359,0
2026-03-20,12,3,57,159.26,0,10,0,74.52970536773063,0
2026-03-20,13,1,39,57.86,0,9,0,67.09193725932442,0
2026-03-20,13,2,53,57.86,0,9,0,157.44045863657675,0
2026-03-20,13,3,38,57.86,0,9,0,47.78399556693945,0
2026-03-20,14,1,75,345.27,0,13,0,51.91883470922923,0
2026-03-20,14,2,64,345.27,0,13,0,166.47737302961715,0
2026-03-20,14,3,81,345.27,0,13,0,109.39359773564755,0
2026-03-20,15,1,57,225.67,0,3,0,87.58955441472574,0
2026-03-20,15,2,53,225.67,0,3,0,118.17392408558179,1
2026-03-20,15,3,53,225.67,0,3,0,33.86148402795157,0
2026-03-20,16,1,42,69.8,0,2,0,66.5734178360291,0
2026-03-20,16,2,40,69.8,0,2,0,92.78355351874431,0
2026-03-20,16,3,38,69.8,0,2,0,25.28711472025803,0
2026-03-20,17,1,55,252.64,0,17,0,79.40028015212502,0
2026-03-20,17,2,67,252.64,0,17,0,175.41005544113557,0
2026-03-20,17,3,61,252.64,0,17,0,100.96016127184596,0
2026-03-20,18,1,41,26.85,0,24,0,97.8424724587838,0
2026-03-20,18,2,33,26.85,0,24,0,61.930267664389795,0
2026-03-20,18,3,38,26.85,0,25,1,43.1137466650567,0
2026-03-20,19,1,72,455.57,0,24,0,113.77699053573869,0
2026-03-20,19,2,91,455.57,0,24,0,94.03576308583932,0
2026-03-20,19,3,76,455.57,0,24,0,74.20882173381158,1
2026-03-20,20,1,50,136.8,0,25,0,107.05941771135473,0
2026-03-20,20,2,55,136.8,0,25,0,32.05832967254149,0
2026-03-20,20,3,57,136.8,0,25,0,77.49553703086228,0
2026-03-20,21,1,70,334.64,0,6,0,83.82166887050012,0
2026-03-20,21,2,73,334.64,0,6,0,147.60699964691383,0
2026-03-20,21,3,71,334.64,0,6,0,211.6027474121988,0
2026-03-20,22,1,47,162.74,0,4,0,27.086741529295864,0
2026-03-20,22,2,54,162.74,0,4,0,129.63346147919958,0
2026-03-20,22,3,101,162.74,1,4,0,175.8278039242047,0
2026-03-20,23,1,64,264.83,0,13,0,139.52951588887544,0
2026-03-20,23,2,64,264.83,0,13,0,136.18438170668716,0
2026-03-20,23,3,67,264.83,0,13,0,195.8206915332492,0
2026-03-20,24,1,57,277.89,0,9,0,60.561595016579695,0
2026-03-20,24,2,65,277.89,0,9,0,189.53773401031611,0
2026-03-20,24,3,61,277.89,0,9,0,77.83369105392974,0
2026-03-20,25,1,46,100.58,0,23,0,133.77945689757044,0
2026-03-20,25,2,44,100.58,0,23,0,108.80893558478442,0
2026-03-20,25,3,46,100.58,0,23,0,108.05842156815321,0
2026-03-20,26,1,81,485.1,0,28,0,227.92632832035397,0
2026-03-20,26,2,90,485.1,0,28,0,136.42906664762867,0
2026-03-20,26,3,88,485.1,0,28,0,195.8011748673169,0
2026-03-20,27,1,73,389.82,0,4,0,165.4163307703184,0
2026-03-20,27,2,66,389.82,0,4,0,111.8218236891265,0
2026-03-20,27,3,65,389.82,0,4,0,138.42678154305904,0
2026-03-20,28,1,91,470.35,0,2,0,233.6195429069707,0
2026-03-20,28,2,73,470.35,0,2,0,198.53667715059572,0
2026-03-20,28,3,75,470.35,0,2,0,143.09267933439162,0
2026-03-20,29,1,78,448.47,0,4,0,98.76192628649609,0
2026-03-20,29,2,83,448.47,0,4,0,136.6491380445211,0
2026-03-20,29,3,76,448.47,0,4,0,185.29597422221508,0
2026-03-20,30,1,64,302.97,0,6,0,138.97498190118927,0
2026-03-20,30,2,66,302.97,0,6,0,179.80403324655364,0
2026-03-20,30,3,58,302.97,0,6,0,126.12007332102563,0
2026-03-20,31,1,88,461.72,0,16,0,88.44446522467969,0
2026-03-20,31,2,74,461.72,0,16,0,161.9501772821654,0
2026-03-20,31,3,90,461.72,0,16,0,226.25513623406422,0
2026-03-20,32,1,41,53.36,0,15,0,29.801155795059707,0
2026-03-20,32,2,37,53.36,0,15,0,97.76816153097899,0
2026-03-20,32,3,36,53.36,0,15,0,48.8420238044141,0
2026-03-20,33,1,40,106.03,0,4,0,33.56753105434396,0
2026-03-20,33,2,51,106.03,0,4,0,140.62693353006557,0
2026-03-20,33,3,42,106.03,0,4,0,78.09970258035924,0
2026-03-20,34,1,33,32.16,0,2,0,77.11614153418184,0
2026-03-20,34,2,40,32.16,0,2,0,87.35993918538867,0
2026-03-20,34,3,29,32.16,0,2,0,75.30514406774878,0
2026-03-20,35,1,53,169.41,0,6,0,121.80247805150478,0
2026-03-20,35,2,52,169.41,0,6,0,147.68626570094165,0
2026-03-20,35,3,52,169.41,0,6,0,97.77797861317597,0
2026-03-20,36,1,56,200.45,0,27,0,42.162624997011434,0
2026-03-20,36,2,51,200.45,0,34,7,124.75201959761644,0
2026-03-20,36,3,59,200.45,0,30,3,112.37935167573286,0
2026-03-20,37,1,42,142.96,0,24,0,78.47098053517061,0
2026-03-20,37,2,51,142.96,0,24,0,135.30182660792772,0
2026-03-20,37,3,45,142.96,0,24,0,110.77705840439157,0
2026-03-20,38,1,71,416.08,0,15,0,196.4101224956092,0
2026-03-20,38,2,75,416.08,0,15,0,91.42876720003169,0
2026-03-20,38,3,80,416.08,0,15,0,106.83700023851208,0
2026-03-20,39,1,60,184.81,0,8,0,145.0241972389915,0
2026-03-20,39,2,55,184.81,0,8,0,63.44903232403204,0
2026-03-20,39,3,50,184.81,0,8,0,37.57382879693618,0
2026-03-20,40,1,47,147.66,0,28,0,49.63263379143339,0
2026-03-20,40,2,44,147.66,0,28,0,26.078683307054813,0
2026-03-20,40,3,48,147.66,0,28,0,140.5122804397488,0
2026-03-20,41,1,55,275.92,0,10,0,95.02169868938114,0
2026-03-20,41,2,121,275.92,1,10,0,289.67256672630367,0
2026-03-20,41,3,69,275.92,0,10,0,95.94201364760289,0
2026-03-20,42,1,47,79.05,0,16,0,45.50634789334655,0
2026-03-20,42,2,39,79.05,0,16,0,109.72605223805394,0
2026-03-20,42,3,52,79.05,0,16,0,143.6986176546149,0
2026-03-20,43,1,73,403.08,0,16,0,57.921199668178474,0
2026-03-20,43,2,75,403.08,0,16,0,88.45364106288233,0
2026-03-20,43,3,70,403.08,0,16,0,107.42148305331158,0
2026-03-20,44,1,49,46.53,0,27,0,34.01736003044539,0
2026-03-20,44,2,35,46.53,0,27,0,87.22616214713081,0
2026-03-20,44,3,33,46.53,0,27,0,85.00194097567878,0
2026-03-20,45,1,75,493.57,0,11,0,165.3347243543245,0
2026-03-20,45,2,83,493.57,0,11,0,221.39304086658885,0
2026-03-20,45,3,86,493.57,0,11,0,238.1376966154793,0
2026-03-20,46,1,68,388.4,0,29,0,159.01354476636524,0
2026-03-20,46,2,70,388.4,0,29,0,124.15199615824734,0
2026-03-20,46,3,73,388.4,0,29,0,88.5516724491555,1
2026-03-20,47,1,40,107.37,0,14,0,119.20621087826903,0
2026-03-20,47,2,49,107.37,0,14,0,74.7360550284859,0
2026-03-20,47,3,42,107.37,0,14,0,96.02470956148711,0
2026-03-20,48,1,40,12.71,0,20,0,50.19295347253291,0
2026-03-20,48,2,37,12.71,0,20,0,82.45630139734781,0
2026-03-20,48,3,36,12.71,0,20,0,107.30960467745066,0
2026-03-20,49,1,82,409.58,0,8,0,57.05597622134133,0
2026-03-20,49,2,79,409.58,0,8,0,100.93581099337693,0
2026-03-20,49,3,81,409.58,0,14,6,105.2410655713381,0
2026-03-20,50,1,71,356.36,0,27,9,143.4934615366601,0
2026-03-20,50,2,74,356.36,0,18,0,119.37867624203442,1
2026-03-20,50,3,76,356.36,0,18,0,170.4811560393165,0
2026-03-21,1,1,76,394.74,0,4,0,108.63218036571261,0
2026-03-21,1,2,77,394.74,0,4,0,224.45083835565765,0
2026-03-21,1,3,80,394.74,0,4,0,187.52739512433777,0
2026-03-21,2,1,51,107.84,0,4,0,152.03433739727896,0
2026-03-21,2,2,50,107.84,0,4,0,63.95615915509909,0
2026-03-21,2,3,53,107.84,0,4,0,76.6980874949584,0
2026-03-21,3,1,62,261.97,0,5,3,131.32400146627472,0
2026-03-21,3,2,61,261.97,0,2,0,135.03133173278408,0
2026-03-21,3,3,63,261.97,0,2,0,53.05754154270279,0
2026-03-21,4,1,80,300.28,0,28,0,194.6920733923122,0
2026-03-21,4,2,78,300.28,0,28,0,183.15514652715396,0
2026-03-21,4,3,70,300.28,0,28,0,174.9449278737319,0
2026-03-21,5,1,42,32.76,0,6,0,101.21850055699302,0
2026-03-21,5,2,45,32.76,0,6,0,113.35678593916288,0
2026-03-21,5,3,38,32.76,0,6,0,94.46596882068016,0
2026-03-21,6,1,70,307.7,0,11,0,159.44104475269398,0
2026-03-21,6,2,58,307.7,0,11,0,37.945101771133594,0
2026-03-21,6,3,68,307.7,0,11,0,192.00614019994217,0
2026-03-21,7,1,55,93.56,0,8,0,140.56061207555777,0
2026-03-21,7,2,49,93.56,0,8,0,123.28549076343714,0
2026-03-21,7,3,46,93.56,0,8,0,86.09541281811313,0
2026-03-21,8,1,49,41.88,0,27,0,124.96203633472312,0
2026-03-21,8,2,37,41.88,0,27,0,90.14830155016654,0
2026-03-21,8,3,49,41.88,0,27,0,92.84263991891272,0
2026-03-21,9,1,87,474.95,0,10,0,232.82111242756514,0
2026-03-21,9,2,86,474.95,0,10,0,139.6524900322892,0
2026-03-21,9,3,95,474.95,0,10,0,50.94807957153654,0
2026-03-21,10,1,89,483.16,0,29,0,47.69820816673378,0
2026-03-21,10,2,83,483.16,0,29,0,62.987178172869896,0
2026-03-21,10,3,88,483.16,0,29,0,54.502386353723885,0
2026-03-21,11,1,88,406.11,0,8,0,185.19368830283355,0
2026-03-21,11,2,77,406.11,0,8,0,152.2314397662778,0
2026-03-21,11,3,79,406.11,0,8,0,77.72756054360053,1
2026-03-21,12,1,49,159.26,0,10,0,141.38078069549582,0
2026-03-21,12,2,48,159.26,0,10,0,123.95349885804157,0
2026-03-21,12,3,56,159.26,0,10,0,45.251364405357066,0
2026-03-21,13,1,44,57.86,0,9,0,62.18489747624312,0
2026-03-21,13,2,52,57.86,0,9,0,87.40152439305454,0
2026-03-21,13,3,48,57.86,0,9,0,129.52728484547606,0
2026-03-21,14,1,70,345.27,0,13,0,120.27715730775459,0
2026-03-21,14,2,74,345.27,0,13,0,95.40979034697754,1
2026-03-21,14,3,73,345.27,0,13,0,55.98585849292471,0
2026-03-21,15,1,60,225.67,0,3,0,177.31906651213816,0
2026-03-21,15,2,70,225.67,0,3,0,162.1162166404937,0
2026-03-21,15,3,52,225.67,0,3,0,90.44130041428194,0
2026-03-21,16,1,36,69.8,0,2,0,107.82593304509523,0
2026-03-21,16,2,46,69.8,0,2,0,128.92634334673872,0
2026-03-21,16,3,46,69.8,0,2,0,40.24194104759613,0
2026-03-21,17,1,65,252.64,0,25,8,99.53393861941557,0
2026-03-21,17,2,60,252.64,0,17,0,57.46896022009516,0
2026-03-21,17,3,74,252.64,0,17,0,102.16126219069385,0
2026-03-21,18,1,44,26.85,0,24,0,77.00263663530035,0
2026-03-21,18,2,38,26.85,0,24,0,50.531546271704556,1
2026-03-21,18,3,44,26.85,0,24,0,107.38059268410761,0
2026-03-21,19,1,91,455.57,0,24,0,75.8941918627569,0
2026-03-21,19,2,89,455.57,0,24,0,156.81933734442458,0
2026-03-21,19,3,83,455.57,0,24,0,167.3842409509819,0
2026-03-21,20,1,47,136.8,0,25,0,78.93649974672775,0
2026-03-21,20,2,49,136.8,0,25,0,44.70973346521689,0
2026-03-21,20,3,107,136.8,1,25,0,277.7405165459841,0
2026-03-21,21,1,79,334.64,0,6,0,211.06002546099984,0
2026-03-21,21,2,69,334.64,0,6,0,189.9990207088316,0
2026-03-21,21,3,81,334.64,0,9,3,57.44076869915277,0
2026-03-21,22,1,48,162.74,0,4,0,90.34971003333833,1
2026-03-21,22,2,53,162.74,0,4,0,67.22850135891463,0
2026-03-21,22,3,52,162.74,0,4,0,96.12604306798477,0
2026-03-21,23,1,58,264.83,0,13,0,148.16620485859335,0
2026-03-21,23,2,72,264.83,0,13,0,113.21623107003623,0
2026-03-21,23,3,66,264.83,0,13,0,196.73799733844604,0
2026-03-21,24,1,70,277.89,0,9,0,89.55144731091455,0
2026-03-21,24,2,71,277.89,0,9,0,143.94933867703537,1
2026-03-21,24,3,71,277.89,0,9,0,118.75166053889697,0
2026-03-21,25,1,46,100.58,0,23,0,38.882717650125244,0
2026-03-21,25,2,44,100.58,0,23,0,81.80023044820922,0
2026-03-21,25,3,40,100.58,0,23,0,20.877177153029542,0
2026-03-21,26,1,90,485.1,0,28,0,253.53422776334259,0
2026-03-21,26,2,89,485.1,0,28,0,256.0297735593701,0
2026-03-21,26,3,86,485.1,0,28,0,119.37113103464375,0
2026-03-21,27,1,83,389.82,0,4,0,220.36652131277944,0
2026-03-21,27,2,82,389.82,0,4,0,71.52192178467561,0
2026-03-21,27,3,84,389.82,0,4,0,190.4099362768687,0
2026-03-21,28,1,80,470.35,0,2,0,162.65953975216945,0
2026-03-21,28,2,81,470.35,0,4,2,198.0178802095698,0
2026-03-21,28,3,87,470.35,0,2,0,144.90119196327743,0
2026-03-21,29,1,79,448.47,0,4,0,234.33911617390854,0
2026-03-21,29,2,88,448.47,0,4,0,50.600366995622466,0
2026-03-21,29,3,88,448.47,0,4,0,232.7545059674062,0
2026-03-21,30,1,68,302.97,0,6,0,158.09299072317847,0
2026-03-21,30,2,67,302.97,0,6,0,146.14039522016296,0
2026-03-21,30,3,76,302.97,0,6,0,149.30581269268617,0
2026-03-21,31,1,87,461.72,0,16,0,141.32376594476307,0
2026-03-21,31,2,83,461.72,0,16,0,145.50620689677797,0
2026-03-21,31,3,86,461.72,0,16,0,78.22443684236234,0
2026-03-21,32,1,43,53.36,0,15,0,100.17179989388974,0
2026-03-21,32,2,44,53.36,0,15,0,63.64436794178589,0
2026-03-21,32,3,40,53.36,0,15,0,30.90468014730833,0
2026-03-21,33,1,51,106.03,0,4,0,28.314579754397258,0
2026-03-21,33,2,47,106.03,0,4,0,45.19310839197969,0
2026-03-21,33,3,50,106.03,0,4,0,144.81115562557048,0
2026-03-21,34,1,39,32.16,0,2,0,110.0725159774245,0
2026-03-21,34,2,31,32.16,0,2,0,41.27040099693514,0
2026-03-21,34,3,43,32.16,0,2,0,78.50230760749953,0
2026-03-21,35,1,67,169.41,0,6,0,184.51607319544306,0
2026-03-21,35,2,64,169.41,0,6,0,188.1441147268162,0
2026-03-21,35,3,63,169.41,0,6,0,100.69043454837896,0
2026-03-21,36,1,62,200.45,0,27,0,104.8767566296966,0
2026-03-21,36,2,59,200.45,0,27,0,85.92208901129646,0
2026-03-21,36,3,59,200.45,0,27,0,47.7048060205416,1
2026-03-21,37,1,52,142.96,0,24,0,145.24244171389353,0
2026-03-21,37,2,52,142.96,0,24,0,116.12698469352796,0
2026-03-21,37,3,56,142.96,0,24,0,29.651282271033377,0
2026-03-21,38,1,89,416.08,0,15,0,197.69234044585104,0
2026-03-21,38,2,82,416.08,0,20,5,94.01475283533092,0
2026-03-21,38,3,73,416.08,0,15,0,201.25037426773227,0
2026-03-21,39,1,62,184.81,0,8,0,183.55215545004813,0
2026-03-21,39,2,58,184.81,0,8,0,68.54745791662934,0
2026-03-21,39,3,58,184.81,0,8,0,163.72602383790246,0
2026-03-21,40,1,53,147.66,0,28,0,95.43445734427848,0
2026-03-21,40,2,54,147.66,0,28,0,145.43851525039443,0
2026-03-21,40,3,53,147.66,0,28,0,33.93361185703442,0
2026-03-21,41,1,55,275.92,0,10,0,149.3807010315935,0
2026-03-21,41,2,64,275.92,0,10,0,150.01136266568886,0
2026-03-21,41,3,65,275.92,0,10,0,163.38545562337754,0
2026-03-21,42,1,43,79.05,0,16,0,45.57332243466515,0
2026-03-21,42,2,41,79.05,0,16,0,110.3959874432151,0
2026-03-21,42,3,57,79.05,0,16,0,78.26701580106035,0
2026-03-21,43,1,75,403.08,0,16,0,165.7682624821603,0
2026-03-21,43,2,79,403.08,0,16,0,185.31393496198632,0
2026-03-21,43,3,75,403.08,0,16,0,90.69349240597133,0
2026-03-21,44,1,39,46.53,0,27,0,30.022929600164478,1
2026-03-21,44,2,48,46.53,0,27,0,98.18712408552815,0
2026-03-21,44,3,45,46.53,0,30,3,39.38403587505323,0
2026-03-21,45,1,78,493.57,0,11,0,168.8651386620588,0
2026-03-21,45,2,89,493.57,0,11,0,262.59540056877404,0
2026-03-21,45,3,89,493.57,0,11,0,94.03383080734869,0
2026-03-21,46,1,77,388.4,0,29,0,144.038126634218,0
2026-03-21,46,2,77,388.4,0,29,0,201.08123662863673,0
2026-03-21,46,3,76,388.4,0,29,0,164.7381399887724,0
2026-03-21,47,1,45,107.37,0,14,0,35.311426535215034,0
2026-03-21,47,2,55,107.37,0,14,0,117.45489622685608,0
2026-03-21,47,3,51,107.37,0,14,0,118.74805776680509,0
2026-03-21,48,1,44,12.71,0,20,0,73.9220738936443,0
2026-03-21,48,2,43,12.71,0,20,0,40.36841204028279,0
2026-03-21,48,3,45,12.71,0,20,0,50.39529290615974,0
2026-03-21,49,1,82,409.58,0,8,0,115.55227996960775,0
2026-03-21,49,2,86,409.58,0,8,0,124.73720520282608,0
2026-03-21,49,3,80,409.58,0,8,0,197.37603112416002,0
2026-03-21,50,1,61,356.36,0,18,0,64.74415487415924,0
2026-03-21,50,2,71,356.36,0,18,0,167.59034318291498,0
2026-03-21,50,3,147,356.36,1,18,0,206.46265986773184,0
2026-03-22,1,1,82,394.74,0,4,0,178.43705496755442,0
2026-03-22,1,2,73,394.74,0,4,0,209.9679297424768,0
2026-03-22,1,3,79,394.74,0,4,0,143.5618100822712,0
2026-03-22,2,1,97,107.84,1,4,0,209.49204695419726,1
2026-03-22,2,2,52,107.84,0,7,3,123.85835112939212,0
2026-03-22,2,3,48,107.84,0,8,4,127.29555136672133,0
2026-03-22,3,1,67,261.97,0,2,0,148.84030564332372,0
2026-03-22,3,2,56,261.97,0,2,0,94.58271019609936,0
2026-03-22,3,3,73,261.97,0,2,0,81.223503745535,0
2026-03-22,4,1,76,300.28,0,28,0,149.86512298808435,0
2026-03-22,4,2,72,300.28,0,28,0,76.82138324364391,0
2026-03-22,4,3,75,300.28,0,28,0,140.25068198388277,0
2026-03-22,5,1,44,32.76,0,6,0,72.17689735921267,0
2026-03-22,5,2,44,32.76,0,6,0,30.756197315447377,0
2026-03-22,5,3,40,32.76,0,6,0,76.1552999511568,0
2026-03-22,6,1,77,307.7,0,11,0,67.9991333157747,0
2026-03-22,6,2,73,307.7,0,11,0,196.14365216006118,0
2026-03-22,6,3,74,307.7,0,11,0,169.4607016643364,0
2026-03-22,7,1,58,93.56,0,8,0,116.95139218996773,0
2026-03-22,7,2,55,93.56,0,8,0,58.297766419853176,0
2026-03-22,7,3,50,93.56,0,8,0,62.76549295575145,0
2026-03-22,8,1,42,41.88,0,27,0,26.624211354979494,0
2026-03-22,8,2,43,41.88,0,27,0,66.5539631283551,0
2026-03-22,8,3,39,41.88,0,27,0,101.6063179764985,0
2026-03-22,9,1,85,474.95,0,10,0,138.2849991363881,0
2026-03-22,9,2,90,474.95,0,10,0,215.7482965048663,0
2026-03-22,9,3,86,474.95,0,15,5,65.3170780655707,0
2026-03-22,10,1,91,483.16,0,29,0,57.673037397910896,0
2026-03-22,10,2,87,483.16,0,29,0,71.83409935871646,0
2026-03-22,10,3,91,483.16,0,29,0,120.85571057638272,0
2026-03-22,11,1,76,406.11,0,8,0,166.4704566968368,0
2026-03-22,11,2,78,406.11,0,8,0,106.6709359719848,0
2026-03-22,11,3,84,406.11,0,8,0,136.43413498031828,0
2026-03-22,12,1,54,159.26,0,10,0,125.34517935276683,0
2026-03-22,12,2,58,159.26,0,10,0,85.59275986267812,0
2026-03-22,12,3,56,159.26,0,10,0,74.62045382966481,0
2026-03-22,13,1,50,57.86,0,9,0,81.26280243455797,0
2026-03-22,13,2,51,57.86,0,9,0,62.79790407032615,0
2026-03-22,13,3,40,57.86,0,9,0,34.40933772034917,0
2026-03-22,14,1,71,345.27,0,13,0,186.95489561419828,0
2026-03-22,14,2,76,345.27,0,13,0,142.95986989337482,0
2026-03-22,14,3,76,345.27,0,13,0,205.55558500542713,0
2026-03-22,15,1,66,225.67,0,3,0,193.43730708425545,0
2026-03-22,15,2,58,225.67,0,3,0,167.12157033445527,0
2026-03-22,15,3,63,225.67,0,3,0,150.18046833502333,0
2026-03-22,16,1,41,69.8,0,2,0,41.52927603788159,0
2026-03-22,16,2,44,69.8,0,2,0,118.69275428305731,1
2026-03-22,16,3,46,69.8,0,2,0,134.82807315420186,0
2026-03-22,17,1,62,252.64,0,17,0,72.4946158946518,0
2026-03-22,17,2,64,252.64,0,17,0,165.91572483303167,0
2026-03-22,17,3,66,252.64,0,17,0,102.65411198871429,0
2026-03-22,18,1,44,26.85,0,24,0,41.95629155692778,0
2026-03-22,18,2,82,26.85,1,24,0,110.79796668862761,0
2026-03-22,18,3,41,26.85,0,24,0,94.82095476304082,0
2026-03-22,19,1,93,455.57,0,24,0,94.48119642129922,0
2026-03-22,19,2,91,455.57,0,24,0,247.5807780129589,0
2026-03-22,19,3,83,455.57,0,24,0,236.90270149925706,0
2026-03-22,20,1,52,136.8,0,25,0,85.9951623152364,0
2026-03-22,20,2,49,136.8,0,25,0,75.43720033129114,0
2026-03-22,20,3,47,136.8,0,25,0,102.67365723269205,0
2026-03-22,21,1,62,334.64,0,6,0,180.4900427484996,0
2026-03-22,21,2,82,334.64,0,6,0,144.15396714535933,1
2026-03-22,21,3,64,334.64,0,6,0,113.55469832320205,0
2026-03-22,22,1,65,162.74,0,4,0,194.416761603581,0
2026-03-22,22,2,55,162.74,0,4,0,87.60832641546267,0
2026-03-22,22,3,57,162.74,0,4,0,126.7455634236515,0
2026-03-22,23,1,60,264.83,0,13,0,57.97674567874343,0
2026-03-22,23,2,63,264.83,0,13,0,181.39714599126214,0
2026-03-22,23,3,60,264.83,0,13,0,147.3107016802904,0
2026-03-22,24,1,64,277.89,0,9,0,121.93782206080752,0
2026-03-22,24,2,66,277.89,0,9,0,62.813410003913084,0
2026-03-22,24,3,71,277.89,0,9,0,84.988002476342,0
2026-03-22,25,1,44,100.58,0,23,0,83.79417286398194,0
2026-03-22,25,2,47,100.58,0,23,0,37.37777087864377,0
2026-03-22,25,3,49,100.58,0,23,0,62.48560873225736,0
2026-03-22,26,1,79,485.1,0,28,0,220.23981957407585,0
2026-03-22,26,2,95,485.1,0,28,0,86.11612075377528,0
2026-03-22,26,3,91,485.1,0,28,0,272.35737225647176,0
2026-03-22,27,1,72,389.82,0,4,0,186.8479505372185,0
2026-03-22,27,2,74,389.82,0,7,3,195.5415452584778,0
2026-03-22,27,3,74,389.82,0,4,0,40.39103852009401,1
2026-03-22,28,1,91,470.35,0,2,0,236.7030882787537,0
2026-03-22,28,2,87,470.35,0,2,0,205.07894868307517,0
2026-03-22,28,3,86,470.35,0,2,0,90.23447841027183,0
2026-03-22,29,1,82,448.47,0,4,0,108.82618654021108,0
2026-03-22,29,2,88,448.47,0,4,0,260.2379983052289,0
2026-03-22,29,3,78,448.47,0,4,0,228.76001925595583,0
2026-03-22,30,1,65,302.97,0,6,0,178.28521634256438,0
2026-03-22,30,2,71,302.97,0,6,0,115.16575595819964,0
2026-03-22,30,3,68,302.97,0,6,0,67.71469770156382,0
2026-03-22,31,1,85,461.72,0,16,0,81.82221713665015,0
2026-03-22,31,2,78,461.72,0,16,0,174.5966529841388,0
2026-03-22,31,3,80,461.72,0,16,0,61.32250771911275,0
2026-03-22,32,1,44,53.36,0,15,0,65.56378559887473,0
2026-03-22,32,2,58,53.36,0,15,0,80.88503470139223,0
2026-03-22,32,3,40,53.36,0,15,0,25.769268474488754,0
2026-03-22,33,1,53,106.03,0,4,0,152.68350870116262,0
2026-03-22,33,2,50,106.03,0,4,0,50.12177725155611,0
2026-03-22,33,3,39,106.03,0,4,0,59.04197569422575,0
2026-03-22,34,1,34,32.16,0,2,0,47.82770617022072,0
2026-03-22,34,2,49,32.16,0,2,0,143.889656501508,0
2026-03-22,34,3,51,32.16,0,2,0,80.93495678287701,0
2026-03-22,35,1,58,169.41,0,6,0,58.21484891102394,0
2026-03-22,35,2,60,169.41,0,8,2,52.97712369011929,0
2026-03-22,35,3,58,169.41,0,6,0,124.2214335257021,0
2026-03-22,36,1,64,200.45,0,27,0,88.92342829416754,0
2026-03-22,36,2,57,200.45,0,27,0,129.1406296835661,0
2026-03-22,36,3,50,200.45,0,27,0,146.79801934959383,0
2026-03-22,37,1,55,142.96,0,32,8,120.51356506151336,0
2026-03-22,37,2,56,142.96,0,24,0,113.96098531952373,0
2026-03-22,37,3,53,142.96,0,24,0,103.32269819482799,0
2026-03-22,38,1,87,416.08,0,15,0,188.75547970177902,0
2026-03-22,38,2,83,416.08,0,15,0,205.84984908078877,0
2026-03-22,38,3,81,416.08,0,15,0,160.5416513625133,0
2026-03-22,39,1,60,184.81,0,13,5,173.4717826075956,0
2026-03-22,39,2,58,184.81,0,8,0,32.91259062948666,0
2026-03-22,39,3,52,184.81,0,8,0,28.034584790178624,0
2026-03-22,40,1,55,147.66,0,28,0,106.05122731828217,0
2026-03-22,40,2,53,147.66,0,28,0,47.87356357495299,0
2026-03-22,40,3,44,147.66,0,28,0,91.04256112869828,0
2026-03-22,41,1,77,275.92,0,10,0,110.5379932416912,0
2026-03-22,41,2,66,275.92,0,10,0,183.07244487444893,0
2026-03-22,41,3,66,275.92,0,10,0,96.75717548136899,0
2026-03-22,42,1,39,79.05,0,16,0,32.340204573983094,0
2026-03-22,42,2,48,79.05,0,16,0,47.260582473463074,0
2026-03-22,42,3,53,79.05,0,16,0,75.76419976496926,0
2026-03-22,43,1,82,403.08,0,16,0,150.84073561350544,0
2026-03-22,43,2,85,403.08,0,16,0,99.9997809847227,0
2026-03-22,43,3,77,403.08,0,16,0,144.50743691593902,0
2026-03-22,44,1,49,46.53,0,27,0,134.6803570466952,0
2026-03-22,44,2,48,46.53,0,30,3,135.72715629872263,0
2026-03-22,44,3,43,46.53,0,27,0,56.41585026262396,0
2026-03-22,45,1,89,493.57,0,11,0,169.9849519467755,0
2026-03-22,45,2,96,493.57,0,11,0,174.9281971631141,0
2026-03-22,45,3,90,493.57,0,11,0,182.28500766793448,0
2026-03-22,46,1,81,388.4,0,29,0,187.29508102137453,1
2026-03-22,46,2,85,388.4,0,29,0,91.08019558855966,0
2026-03-22,46,3,86,388.4,0,29,0,82.14981124875507,0
2026-03-22,47,1,49,107.37,0,14,0,94.15879312018589,0
2026-03-22,47,2,44,107.37,0,14,0,101.7526334680393,0
2026-03-22,47,3,52,107.37,0,14,0,129.5121794010765,0
2026-03-22,48,1,42,12.71,0,21,1,78.26605649986949,0
2026-03-22,48,2,38,12.71,0,20,0,62.00339067641243,0
2026-03-22,48,3,35,12.71,0,20,0,83.2313553190979,0
2026-03-22,49,1,75,409.58,0,8,0,53.70882019298836,0
2026-03-22,49,2,78,409.58,0,8,0,224.476891476938,0
2026-03-22,49,3,82,409.58,0,8,0,209.94333656486702,0
2026-03-22,50,1,71,356.36,0,18,0,90.72682770982796,0
2026-03-22,50,2,74,356.36,0,18,0,158.46848823404352,0
2026-03-22,50,3,74,356.36,0,18,0,73.57195456704942,0
2026-03-23,1,1,74,394.74,0,4,0,147.94042705731584,0
2026-03-23,1,2,76,394.74,0,4,0,120.38912735476019,0
2026-03-23,1,3,79,394.74,0,4,0,180.55868119588084,0
2026-03-23,2,1,52,107.84,0,4,0,90.14835478914168,0
2026-03-23,2,2,51,107.84,0,4,0,90.93045870548875,0
2026-03-23,2,3,36,107.84,0,4,0,100.90044683134624,0
2026-03-23,3,1,61,261.97,0,2,0,159.72633776997876,0
2026-03-23,3,2,62,261.97,0,2,0,183.33400692312276,0
2026-03-23,3,3,60,261.97,0,2,0,66.3890910799997,0
2026-03-23,4,1,66,300.28,0,28,0,189.9934871222813,0
2026-03-23,4,2,61,300.28,0,28,0,87.83059535874537,0
2026-03-23,4,3,62,300.28,0,28,0,179.332349581885,0
2026-03-23,5,1,39,32.76,0,6,0,25.031305341249695,0
2026-03-23,5,2,43,32.76,0,6,0,106.99244232353271,0
2026-03-23,5,3,37,32.76,0,6,0,100.72503064474361,0
2026-03-23,6,1,76,307.7,0,11,0,133.65859645811847,0
2026-03-23,6,2,67,307.7,0,11,0,83.85125595781871,0
2026-03-23,6,3,65,307.7,0,11,0,168.34790126207656,0
2026-03-23,7,1,44,93.56,0,8,0,22.667361918028107,0
2026-03-23,7,2,85,93.56,1,8,0,229.63440248650244,0
2026-03-23,7,3,51,93.56,0,8,0,72.31166486397272,0
2026-03-23,8,1,37,41.88,0,27,0,87.45626783150814,0
2026-03-23,8,2,44,41.88,0,27,0,103.13249657053044,0
2026-03-23,8,3,28,41.88,0,27,0,49.31070739739986,0
2026-03-23,9,1,86,474.95,0,10,0,228.1439480963081,0
2026-03-23,9,2,76,474.95,0,10,0,188.30542971849871,0
2026-03-23,9,3,82,474.95,0,10,0,143.01534580351924,0
2026-03-23,10,1,82,483.16,0,29,0,81.52575027543277,0
2026-03-23,10,2,80,483.16,0,29,0,235.0484764832676,0
2026-03-23,10,3,83,483.16,0,29,0,92.52387219910545,0
2026-03-23,11,1,69,406.11,0,8,0,200.55651812551068,0
2026-03-23,11,2,75,406.11,0,8,0,126.87159889054239,0
2026-03-23,11,3,71,406.11,0,10,2,82.18237145963192,0
2026-03-23,12,1,56,159.26,0,10,0,124.51079861482683,0
2026-03-23,12,2,53,159.26,0,10,0,65.40424235311379,0
2026-03-23,12,3,49,159.26,0,10,0,74.52356214422281,0
2026-03-23,13,1,47,57.86,0,18,9,118.91914363448545,0
2026-03-23,13,2,51,57.86,0,9,0,37.56095313938241,0
2026-03-23,13,3,40,57.86,0,16,7,111.40066077768623,0
2026-03-23,14,1,63,345.27,0,13,0,136.4547413779343,0
2026-03-23,14,2,64,345.27,0,13,0,61.61488682607994,0
2026-03-23,14,3,64,345.27,0,13,0,156.90474337135046,0
2026-03-23,15,1,54,225.67,0,3,0,150.2920551187413,0
2026-03-23,15,2,63,225.67,0,3,0,48.37233075324115,0
2026-03-23,15,3,55,225.67,0,9,6,140.2666258797128,0
2026-03-23,16,1,47,69.8,0,2,0,89.053996199137,0
2026-03-23,16,2,50,69.8,0,2,0,114.28773990228294,0
2026-03-23,16,3,37,69.8,0,2,0,102.59037340790401,0
2026-03-23,17,1,59,252.64,0,17,0,119.82216976463135,0
2026-03-23,17,2,62,252.64,0,17,0,104.14318839215323,0
2026-03-23,17,3,58,252.64,0,17,0,86.65124007046636,0
2026-03-23,18,1,34,26.85,0,24,0,19.817153281153182,0
2026-03-23,18,2,32,26.85,0,24,0,47.78866864777252,0
2026-03-23,18,3,37,26.85,0,24,0,61.736081019456186,0
2026-03-23,19,1,83,455.57,0,24,0,100.87659774602857,0
2026-03-23,19,2,82,455.57,0,24,0,219.50754623159477,0
2026-03-23,19,3,81,455.57,0,24,0,82.98509927786,0
2026-03-23,20,1,47,136.8,0,25,0,79.569798094143,0
2026-03-23,20,2,52,136.8,0,25,0,132.69903810074246,0
2026-03-23,20,3,99,136.8,1,25,0,91.32061396375305,0
2026-03-23,21,1,73,334.64,0,6,0,57.111689594794115,0
2026-03-23,21,2,68,334.64,0,6,0,46.80110848934136,0
2026-03-23,21,3,65,334.64,0,6,0,127.74368733538516,0
2026-03-23,22,1,54,162.74,0,4,0,68.35359624689549,0
2026-03-23,22,2,57,162.74,0,4,0,50.32514098985077,0
2026-03-23,22,3,44,162.74,0,4,0,65.78336290149628,0
2026-03-23,23,1,53,264.83,0,13,0,104.84140842173227,0
2026-03-23,23,2,123,264.83,1,13,0,207.34544059560912,0
2026-03-23,23,3,66,264.83,0,13,0,134.05055295000008,0
2026-03-23,24,1,59,277.89,0,9,0,37.4222294182437,0
2026-03-23,24,2,61,277.89,0,9,0,177.33518134992912,0
2026-03-23,24,3,63,277.89,0,9,0,176.52875439643122,0
2026-03-23,25,1,50,100.58,0,23,0,73.83271531700639,0
2026-03-23,25,2,44,100.58,0,23,0,73.14450491568925,0
2026-03-23,25,3,45,100.58,0,23,0,118.77818032641804,0
2026-03-23,26,1,87,485.1,0,28,0,215.10412161879532,0
2026-03-23,26,2,81,485.1,0,28,0,59.066955962302686,0
2026-03-23,26,3,88,485.1,0,28,0,258.24308277488376,0
2026-03-23,27,1,68,389.82,0,4,0,101.22727308034264,0
2026-03-23,27,2,64,389.82,0,4,0,131.4989803577231,0
2026-03-23,27,3,71,389.82,0,4,0,199.8263620549095,1
2026-03-23,28,1,81,470.35,0,2,0,63.23149318364611,0
2026-03-23,28,2,87,470.35,0,2,0,161.18027191125182,0
2026-03-23,28,3,93,470.35,0,2,0,235.44135373508888,0
2026-03-23,29,1,78,448.47,0,4,0,122.24479243684065,0
2026-03-23,29,2,81,448.47,0,4,0,231.09384680652565,1
2026-03-23,29,3,72,448.47,0,11,7,81.99560057016282,0
2026-03-23,30,1,61,302.97,0,6,0,160.32293517120524,1
2026-03-23,30,2,61,302.97,0,6,0,158.00376485850018,0
2026-03-23,30,3,61,302.97,0,6,0,175.37690302813036,0
2026-03-23,31,1,71,461.72,0,16,0,56.53407508072952,0
2026-03-23,31,2,81,461.72,0,16,0,85.28072315303649,0
2026-03-23,31,3,75,461.72,0,16,0,193.94881070284873,0
2026-03-23,32,1,41,53.36,0,15,0,76.96671561156826,0
2026-03-23,32,2,44,53.36,0,15,0,63.11489175383108,1
2026-03-23,32,3,52,53.36,0,15,0,145.71011029404949,0
2026-03-23,33,1,47,106.03,0,4,0,69.36895212244944,0
2026-03-23,33,2,47,106.03,0,4,0,135.52260656612762,0
2026-03-23,33,3,43,106.03,0,4,0,87.86549466911097,0
2026-03-23,34,1,34,32.16,0,2,0,45.54527178548635,0
2026-03-23,34,2,39,32.16,0,2,0,90.9028709870955,0
2026-03-23,34,3,36,32.16,0,2,0,62.29970110617831,0
2026-03-23,35,1,61,169.41,0,6,0,81.73003610667027,1
2026-03-23,35,2,55,169.41,0,6,0,160.28010601668225,0
2026-03-23,35,3,51,169.41,0,6,0,100.31258317098771,0
2026-03-23,36,1,50,200.45,0,27,0,32.817821984134895,0
2026-03-23,36,2,40,200.45,0,27,0,103.42063614492913,0
2026-03-23,36,3,54,200.45,0,27,0,124.82044796680181,1
2026-03-23,37,1,45,142.96,0,24,0,78.69649480851157,0
2026-03-23,37,2,50,142.96,0,24,0,122.4475844865573,0
2026-03-23,37,3,51,142.96,0,24,0,145.64558355274684,0
2026-03-23,38,1,80,416.08,0,15,0,167.11888238608867,0
2026-03-23,38,2,77,416.08,0,15,0,61.37626059178409,0
2026-03-23,38,3,76,416.08,0,15,0,171.66545148588241,0
2026-03-23,39,1,50,184.81,0,8,0,90.14976434466084,0
2026-03-23,39,2,52,184.81,0,8,0,38.475955650587686,0
2026-03-23,39,3,49,184.81,0,8,0,116.71050745769372,0
2026-03-23,40,1,50,147.66,0,28,0,137.15158532801988,0
2026-03-23,40,2,49,147.66,0,28,0,52.41427869601367,0
2026-03-23,40,3,51,147.66,0,28,0,132.16957969743126,0
2026-03-23,41,1,58,275.92,0,10,0,59.0166799994308,0
2026-03-23,41,2,63,275.92,0,10,0,170.33999700835793,0
2026-03-23,41,3,70,275.92,0,10,0,118.46485492525328,0
2026-03-23,42,1,44,79.05,0,23,7,70.7028925427701,0
2026-03-23,42,2,36,79.05,0,16,0,44.13145064495065,0
2026-03-23,42,3,45,79.05,0,19,3,116.72617480714992,0
2026-03-23,43,1,80,403.08,0,16,0,154.5203206516785,0
2026-03-23,43,2,73,403.08,0,16,0,88.68760779499894,0
2026-03-23,43,3,72,403.08,0,16,0,114.12601290271547,0
2026-03-23,44,1,42,46.53,0,27,0,69.5670841115866,0
2026-03-23,44,2,41,46.53,0,27,0,52.850043002697085,0
2026-03-23,44,3,48,46.53,0,27,0,131.81547133195073,0
2026-03-23,45,1,83,493.57,0,11,0,209.9776114916256,0
2026-03-23,45,2,87,493.57,0,11,0,104.34158927296258,0
2026-03-23,45,3,89,493.57,0,11,0,106.775512008878,0
2026-03-23,46,1,74,388.4,0,29,0,118.2727960782683,0
2026-03-23,46,2,62,388.4,0,29,0,87.49818611898334,0
2026-03-23,46,3,70,388.4,0,29,0,90.0123074482654,0
2026-03-23,47,1,56,107.37,0,14,0,37.99311837795348,0
2026-03-23,47,2,49,107.37,0,14,0,65.054828165357,0
2026-03-23,47,3,62,107.37,0,14,0,35.683211254498545,0
2026-03-23,48,1,33,12.71,0,20,0,66.81909014054942,0
2026-03-23,48,2,38,12.71,0,20,0,39.500313807399834,0
2026-03-23,48,3,34,12.71,0,20,0,52.853382575194786,0
2026-03-23,49,1,79,409.58,0,8,0,59.85855037979922,0
2026-03-23,49,2,77,409.58,0,8,0,81.60763866386456,0
2026-03-23,49,3,72,409.58,0,8,0,45.182043312450304,0
2026-03-23,50,1,63,356.36,0,18,0,175.03994178048274,0
2026-03-23,50,2,79,356.36,0,18,0,95.17552664540185,0
2026-03-23,50,3,67,356.36,0,18,0,69.73272757215256,0
2026-03-24,1,1,78,394.74,0,4,0,224.53060593372655,0
2026-03-24,1,2,85,394.74,0,6,2,128.65378077527367,0
2026-03-24,1,3,74,394.74,0,4,0,104.49140379375712,0
2026-03-24,2,1,45,107.84,0,4,0,35.53999586968307,0
2026-03-24,2,2,46,107.84,0,4,0,45.03658739475475,0
2026-03-24,2,3,46,107.84,0,4,0,94.56665112323664,0
2026-03-24,3,1,50,261.97,0,2,0,78.25575312793828,1
2026-03-24,3,2,59,261.97,0,2,0,83.81922168034069,0
2026-03-24,3,3,54,261.97,0,2,0,148.2990270172145,0
2026-03-24,4,1,66,300.28,0,28,0,85.45814177549214,0
2026-03-24,4,2,68,300.28,0,28,0,99.72180894884698,0
2026-03-24,4,3,68,300.28,0,28,0,137.325034905826,0
2026-03-24,5,1,77,32.76,1,6,0,190.06123371691055,0
2026-03-24,5,2,37,32.76,0,6,0,94.51305389789104,0
2026-03-24,5,3,31,32.76,0,6,0,71.53945238230014,0
2026-03-24,6,1,61,307.7,0,11,0,104.09172233238043,0
2026-03-24,6,2,64,307.7,0,11,0,72.64345354525202,0
2026-03-24,6,3,69,307.7,0,11,0,191.80794229509317,0
2026-03-24,7,1,40,93.56,0,8,0,118.13992769372433,0
2026-03-24,7,2,45,93.56,0,8,0,107.99087831274164,0
2026-03-24,7,3,46,93.56,0,8,0,124.43981106604592,0
2026-03-24,8,1,38,41.88,0,27,0,44.06131865467923,0
2026-03-24,8,2,49,41.88,0,27,0,101.94183373912641,0
2026-03-24,8,3,74,41.88,1,27,0,53.97875702056283,0
2026-03-24,9,1,76,474.95,0,10,0,132.1687482962996,0
2026-03-24,9,2,86,474.95,0,10,0,199.41801257303692,1
2026-03-24,9,3,80,474.95,0,10,0,43.08086268389262,0
2026-03-24,10,1,80,483.16,0,29,0,60.636988483447105,0
2026-03-24,10,2,86,483.16,0,29,0,62.553510398560746,0
2026-03-24,10,3,78,483.16,0,29,0,197.930601223022,0
2026-03-24,11,1,78,406.11,0,8,0,111.19491255318677,0
2026-03-24,11,2,84,406.11,0,8,0,147.596757930538,0
2026-03-24,11,3,72,406.11,0,8,0,48.05264720994725,0
2026-03-24,12,1,56,159.26,0,10,0,55.78437318697262,1
2026-03-24,12,2,55,159.26,0,10,0,79.95499719170836,0
2026-03-24,12,3,61,159.26,0,10,0,78.02804231917568,0
2026-03-24,13,1,35,57.86,0,9,0,62.78330836260195,0
2026-03-24,13,2,37,57.86,0,9,0,65.48727320807019,0
2026-03-24,13,3,40,57.86,0,9,0,33.91353909953368,0
2026-03-24,14,1,73,345.27,0,13,0,209.15453965135302,0
2026-03-24,14,2,71,345.27,0,13,0,109.9210797603298,0
2026-03-24,14,3,71,345.27,0,13,0,212.34120510562434,0
2026-03-24,15,1,57,225.67,0,3,0,72.43951290046382,0
2026-03-24,15,2,61,225.67,0,3,0,72.12270909148837,0
2026-03-24,15,3,57,225.67,0,3,0,113.0187131035232,0
2026-03-24,16,1,40,69.8,0,2,0,54.47834216628712,0
2026-03-24,16,2,43,69.8,0,2,0,102.59575468033448,0
2026-03-24,16,3,47,69.8,0,2,0,131.53701557352045,0
2026-03-24,17,1,60,252.64,0,17,0,136.84717174646252,0
2026-03-24,17,2,63,252.64,0,17,0,156.76869283707694,0
2026-03-24,17,3,57,252.64,0,17,0,29.19024820999789,0
2026-03-24,18,1,34,26.85,0,24,0,27.815460665444302,0
2026-03-24,18,2,38,26.85,0,24,0,103.96046936813082,0
2026-03-24,18,3,39,26.85,0,24,0,55.761118610662535,0
2026-03-24,19,1,74,455.57,0,24,0,40.874831629231025,0
2026-03-24,19,2,88,455.57,0,24,0,155.2244558161304,1
2026-03-24,19,3,81,455.57,0,24,0,151.60138742026098,0
2026-03-24,20,1,51,136.8,0,25,0,70.77475432228822,0
2026-03-24,20,2,54,136.8,0,25,0,81.62108616813745,1
2026-03-24,20,3,49,136.8,0,25,0,47.7114870504861,1
2026-03-24,21,1,66,334.64,0,6,0,149.43490490763458,0
2026-03-24,21,2,70,334.64,0,6,0,162.6941363789366,0
2026-03-24,21,3,79,334.64,0,6,0,131.33855329068655,0
2026-03-24,22,1,44,162.74,0,4,0,50.360789287846266,0
2026-03-24,22,2,51,162.74,0,4,0,47.96337998210247,0
2026-03-24,22,3,61,162.74,0,4,0,46.12992200168676,0
2026-03-24,23,1,56,264.83,0,13,0,75.0123929316347,0
2026-03-24,23,2,54,264.83,0,13,0,139.89066526967235,0
2026-03-24,23,3,60,264.83,0,13,0,34.04212064085141,0
2026-03-24,24,1,69,277.89,0,9,0,177.51660716246488,0
2026-03-24,24,2,63,277.89,0,9,0,57.65402516991622,0
2026-03-24,24,3,63,277.89,0,9,0,145.9016229653495,0
2026-03-24,25,1,43,100.58,0,23,0,31.677066971834737,0
2026-03-24,25,2,43,100.58,0,23,0,113.9761369332119,0
2026-03-24,25,3,39,100.58,0,23,0,95.691605225436,0
2026-03-24,26,1,86,485.1,0,28,0,54.95705274602656,0
2026-03-24,26,2,86,485.1,0,28,0,198.51604512681587,0
2026-03-24,26,3,77,485.1,0,28,0,71.72737593614445,0
2026-03-24,27,1,76,389.82,0,4,0,200.15634290396954,0
2026-03-24,27,2,67,389.82,0,4,0,123.51878145700397,1
2026-03-24,27,3,68,389.82,0,4,0,192.24031732388116,0
2026-03-24,28,1,76,470.35,0,2,0,87.3020004745199,0
2026-03-24,28,2,81,470.35,0,2,0,59.14151224293877,0
2026-03-24,28,3,84,470.35,0,2,0,54.71911947572262,0
2026-03-24,29,1,79,448.47,0,4,0,169.5733946328194,0
2026-03-24,29,2,80,448.47,0,4,0,236.49810223168888,0
2026-03-24,29,3,84,448.47,0,4,0,192.22607439946026,0
2026-03-24,30,1,67,302.97,0,6,0,164.52595026862375,0
2026-03-24,30,2,60,302.97,0,6,0,63.35358637319746,0
2026-03-24,30,3,68,302.97,0,6,0,121.21723335502429,0
2026-03-24,31,1,77,461.72,0,16,0,54.35847492987531,1
2026-03-24,31,2,84,461.72,0,16,0,127.94385349179483,0
2026-03-24,31,3,83,461.72,0,16,0,69.6193101562516,0
2026-03-24,32,1,41,53.36,0,15,0,32.710941289771306,0
2026-03-24,32,2,42,53.36,0,15,0,89.55455418311001,0
2026-03-24,32,3,40,53.36,0,15,0,85.787730940157,0
2026-03-24,33,1,35,106.03,0,4,0,76.34504421876545,0
2026-03-24,33,2,47,106.03,0,4,0,83.87130307965724,0
2026-03-24,33,3,41,106.03,0,7,3,89.94031475889477,0
2026-03-24,34,1,42,32.16,0,2,0,58.389420032628124,0
2026-03-24,34,2,33,32.16,0,2,0,52.76162626838475,0
2026-03-24,34,3,36,32.16,0,2,0,21.944482551217394,0
2026-03-24,35,1,54,169.41,0,6,0,72.98948852887041,0
2026-03-24,35,2,58,169.41,0,6,0,162.4345764366304,0
2026-03-24,35,3,57,169.41,0,6,0,126.96535677600144,0
2026-03-24,36,1,55,200.45,0,27,0,159.54008043242152,0
2026-03-24,36,2,55,200.45,0,27,0,28.738861776687088,0
2026-03-24,36,3,48,200.45,0,27,0,77.35794453753911,0
2026-03-24,37,1,52,142.96,0,24,0,83.0992269431524,0
2026-03-24,37,2,49,142.96,0,24,0,114.54258196427895,0
2026-03-24,37,3,53,142.96,0,24,0,148.79349384174085,0
2026-03-24,38,1,72,416.08,0,15,0,37.162674981215915,0
2026-03-24,38,2,75,416.08,0,15,0,217.7643944172262,0
2026-03-24,38,3,81,416.08,0,15,0,242.68028562682534,0
2026-03-24,39,1,50,184.81,0,8,0,50.14095378907095,1
2026-03-24,39,2,52,184.81,0,8,0,51.13141727139627,0
2026-03-24,39,3,43,184.81,0,8,0,80.2233558714931,0
2026-03-24,40,1,45,147.66,0,28,0,40.63091784270099,0
2026-03-24,40,2,56,147.66,0,28,0,127.92610541389301,0
2026-03-24,40,3,47,147.66,0,28,0,65.62164927944723,0
2026-03-24,41,1,61,275.92,0,10,0,87.05352635395259,0
2026-03-24,41,2,62,275.92,0,10,0,40.62775867714363,0
2026-03-24,41,3,58,275.92,0,10,0,36.213289248224626,1
2026-03-24,42,1,42,79.05,0,16,0,108.45624230040448,0
2026-03-24,42,2,30,79.05,0,16,0,28.54114657612581,0
2026-03-24,42,3,40,79.05,0,16,0,75.29529699233292,0
2026-03-24,43,1,80,403.08,0,16,0,199.4629338308502,0
2026-03-24,43,2,77,403.08,0,16,0,124.08708831255203,0
2026-03-24,43,3,83,403.08,0,16,0,177.8101772461573,0
2026-03-24,44,1,33,46.53,0,27,0,23.44059799426193,0
2026-03-24,44,2,32,46.53,0,27,0,69.4256326880103,0
2026-03-24,44,3,37,46.53,0,27,0,60.42923940699947,0
2026-03-24,45,1,83,493.57,0,11,0,192.6061203888694,0
2026-03-24,45,2,86,493.57,0,11,0,105.21175957848494,0
2026-03-24,45,3,90,493.57,0,11,0,183.06743670084032,0
2026-03-24,46,1,72,388.4,0,29,0,148.24179537966978,0
2026-03-24,46,2,79,388.4,0,29,0,77.75155600938042,0
2026-03-24,46,3,79,388.4,0,29,0,105.37227071262994,0
2026-03-24,47,1,43,107.37,0,14,0,95.10736162946758,0
2026-03-24,47,2,46,107.37,0,14,0,122.65688201235683,0
2026-03-24,47,3,96,107.37,1,14,0,151.95460266763624,0
2026-03-24,48,1,35,12.71,0,20,0,68.84697413357226,0
2026-03-24,48,2,30,12.71,0,20,0,30.254213394811728,0
2026-03-24,48,3,32,12.71,0,20,0,21.035390719484354,0
2026-03-24,49,1,79,409.58,0,8,0,91.37779387690203,0
2026-03-24,49,2,86,409.58,0,8,0,159.30036261902987,0
2026-03-24,49,3,78,409.58,0,8,0,177.76504713334018,0
2026-03-24,50,1,75,356.36,0,18,0,60.95168230981212,0
2026-03-24,50,2,69,356.36,0,18,0,175.21412464457805,0
2026-03-24,50,3,64,356.36,0,18,0,41.85916954634851,0
2026-03-25,1,1,61,394.74,0,4,0,49.73553580104644,0
2026-03-25,1,2,62,394.74,0,4,0,63.109221297873084,0
2026-03-25,1,3,71,394.74,0,4,0,137.50234310975657,0
2026-03-25,2,1,41,107.84,0,4,0,113.5228529824737,0
2026-03-25,2,2,50,107.84,0,4,0,51.238611025995986,0
2026-03-25,2,3,37,107.84,0,4,0,47.98716682384633,0
2026-03-25,3,1,59,261.97,0,2,0,159.35042384428417,0
2026-03-25,3,2,63,261.97,0,2,0,160.23189905319077,0
2026-03-25,3,3,65,261.97,0,2,0,165.72633160589413,0
2026-03-25,4,1,63,300.28,0,28,0,123.1415957617619,0
2026-03-25,4,2,57,300.28,0,28,0,40.52631786745118,0
2026-03-25,4,3,71,300.28,0,28,0,70.73533260643542,0
2026-03-25,5,1,33,32.76,0,6,0,93.98970010998562,0
2026-03-25,5,2,36,32.76,0,6,0,88.27079289362452,0
2026-03-25,5,3,27,32.76,0,6,0,64.02922089480221,0
2026-03-25,6,1,70,307.7,0,11,0,111.48742393852932,0
2026-03-25,6,2,62,307.7,0,14,3,34.36165991326686,0
2026-03-25,6,3,66,307.7,0,11,0,117.08176331073739,0
2026-03-25,7,1,46,93.56,0,8,0,57.32434812542149,0
2026-03-25,7,2,45,93.56,0,8,0,102.23928740217512,0
2026-03-25,7,3,41,93.56,0,8,0,88.37052847418428,0
2026-03-25,8,1,42,41.88,0,27,0,32.05085680815606,0
2026-03-25,8,2,38,41.88,0,27,0,63.03776841422661,0
2026-03-25,8,3,38,41.88,0,27,0,92.26598246827211,0
2026-03-25,9,1,82,474.95,0,10,0,203.01740618599317,0
2026-03-25,9,2,93,474.95,0,10,0,202.60925680682735,0
2026-03-25,9,3,81,474.95,0,10,0,89.74250565982594,1
2026-03-25,10,1,84,483.16,0,29,0,75.07642003431121,0
2026-03-25,10,2,87,483.16,0,29,0,45.78586578203347,0
2026-03-25,10,3,85,483.16,0,29,0,71.95371944509478,0
2026-03-25,11,1,70,406.11,0,8,0,122.27955236861648,0
2026-03-25,11,2,71,406.11,0,8,0,56.63331514512298,0
2026-03-25,11,3,69,406.11,0,8,0,126.33946104530091,0
2026-03-25,12,1,46,159.26,0,10,0,60.22741948172106,0
2026-03-25,12,2,55,159.26,0,10,0,86.18402299005093,0
2026-03-25,12,3,50,159.26,0,10,0,31.436020079748555,0
2026-03-25,13,1,43,57.86,0,9,0,53.796006407266574,0
2026-03-25,13,2,34,57.86,0,9,0,64.13015101571006,0
2026-03-25,13,3,32,57.86,0,18,9,20.588185371392903,0
2026-03-25,14,1,70,345.27,0,13,0,158.5035556366408,0
2026-03-25,14,2,63,345.27,0,13,0,41.44548550243665,0
2026-03-25,14,3,60,345.27,0,13,0,61.37985751636237,0
2026-03-25,15,1,53,225.67,0,3,0,51.203186751499,0
2026-03-25,15,2,57,225.67,0,3,0,105.7114805598073,0
2026-03-25,15,3,61,225.67,0,3,0,64.89744609576633,0
2026-03-25,16,1,50,69.8,0,2,0,74.6810525878239,1
2026-03-25,16,2,43,69.8,0,2,0,108.31900581381565,0
2026-03-25,16,3,33,69.8,0,2,0,61.92242612884618,0
2026-03-25,17,1,62,252.64,0,17,0,53.51291825207782,0
2026-03-25,17,2,55,252.64,0,17,0,100.12392438025083,0
2026-03-25,17,3,59,252.64,0,17,0,116.95885940221004,0
2026-03-25,18,1,42,26.85,0,24,0,54.15279096981537,0
2026-03-25,18,2,37,26.85,0,24,0,68.96022223585976,0
2026-03-25,18,3,34,26.85,0,24,0,65.58483051981688,0
2026-03-25,19,1,86,455.57,0,24,0,219.41335719504195,0
2026-03-25,19,2,83,455.57,0,24,0,55.39661645861118,0
2026-03-25,19,3,90,455.57,0,24,0,69.92695567619742,0
2026-03-25,20,1,52,136.8,0,25,0,103.97252509877902,0
2026-03-25,20,2,49,136.8,0,32,7,34.122173916288624,0
2026-03-25,20,3,50,136.8,0,25,0,149.95236188585545,0
2026-03-25,21,1,67,334.64,0,6,0,196.92809689216114,0
2026-03-25,21,2,62,334.64,0,6,0,124.13515089348462,0
2026-03-25,21,3,70,334.64,0,6,0,59.44520976112598,0
2026-03-25,22,1,41,162.74,0,4,0,58.12245088298297,0
2026-03-25,22,2,53,162.74,0,4,0,43.32917169245654,0
2026-03-25,22,3,56,162.74,0,4,0,120.88756390500174,1
2026-03-25,23,1,63,264.83,0,13,0,159.00296846798096,0
2026-03-25,23,2,120,264.83,1,13,0,168.28837993094916,0
2026-03-25,23,3,59,264.83,0,13,0,109.42213600092373,0
2026-03-25,24,1,69,277.89,0,9,0,139.98721890052548,0
2026-03-25,24,2,64,277.89,0,9,0,131.61094096884472,0
2026-03-25,24,3,58,277.89,0,9,0,140.46394566145588,0
2026-03-25,25,1,47,100.58,0,23,0,89.07584094689307,0
2026-03-25,25,2,40,100.58,0,23,0,76.29406617279221,0
2026-03-25,25,3,38,100.58,0,23,0,100.39825900380454,0
2026-03-25,26,1,78,485.1,0,28,0,216.06680646843824,0
2026-03-25,26,2,80,485.1,0,34,6,130.2147649598852,1
2026-03-25,26,3,83,485.1,0,28,0,202.08946477543995,0
2026-03-25,27,1,67,389.82,0,4,0,52.35671944939751,0
2026-03-25,27,2,73,389.82,0,4,0,174.99629391577923,0
2026-03-25,27,3,74,389.82,0,4,0,184.37943390897536,0
2026-03-25,28,1,86,470.35,0,2,0,184.29388626405535,0
2026-03-25,28,2,86,470.35,0,2,0,61.11693303708106,0
2026-03-25,28,3,87,470.35,0,2,0,207.84331145713062,1
2026-03-25,29,1,84,448.47,0,4,0,106.67047724408947,0
2026-03-25,29,2,70,448.47,0,4,0,47.634010421781376,0
2026-03-25,29,3,83,448.47,0,4,0,61.64663100630234,0
2026-03-25,30,1,62,302.97,0,6,0,112.67363021834117,0
2026-03-25,30,2,55,302.97,0,6,0,28.199396482579967,0
2026-03-25,30,3,66,302.97,0,6,0,65.02498610231589,0
2026-03-25,31,1,88,461.72,0,16,0,176.54209269762848,0
2026-03-25,31,2,81,461.72,0,16,0,154.94375710805647,0
2026-03-25,31,3,80,461.72,0,16,0,105.06827474837377,0
2026-03-25,32,1,39,53.36,0,15,0,75.8911451232714,0
2026-03-25,32,2,39,53.36,0,15,0,63.32359525934097,0
2026-03-25,32,3,43,53.36,0,15,0,36.888635171891636,0
2026-03-25,33,1,47,106.03,0,4,0,27.446237502333638,0
2026-03-25,33,2,45,106.03,0,4,0,35.133656291219076,0
2026-03-25,33,3,42,106.03,0,4,0,81.63203084853808,1
2026-03-25,34,1,39,32.16,0,2,0,90.85210699240152,0
2026-03-25,34,2,37,32.16,0,2,0,90.89289915204259,0
2026-03-25,34,3,35,32.16,0,2,0,86.10443023502881,0
2026-03-25,35,1,51,169.41,0,6,0,56.63745270334599,0
2026-03-25,35,2,52,169.41,0,6,0,139.71421680401153,0
2026-03-25,35,3,47,169.41,0,6,0,77.7063010039351,0
2026-03-25,36,1,51,200.45,0,27,0,131.41920206765946,0
2026-03-25,36,2,48,200.45,0,27,0,140.08060829044845,0
2026-03-25,36,3,57,200.45,0,27,0,33.5111948094101,0
2026-03-25,37,1,48,142.96,0,24,0,141.54184285335566,0
2026-03-25,37,2,55,142.96,0,33,9,66.73200395634208,0
2026-03-25,37,3,47,142.96,0,24,0,25.76038843212718,0
2026-03-25,38,1,86,416.08,0,15,0,44.96467250445999,1
2026-03-25,38,2,72,416.08,0,15,0,40.82515041612648,0
2026-03-25,38,3,77,416.08,0,15,0,108.77399546994661,0
2026-03-25,39,1,57,184.81,0,8,0,111.80408304037509,0
2026-03-25,39,2,44,184.81,0,8,0,63.32186372337398,0
2026-03-25,39,3,59,184.81,0,8,0,159.8569297756479,0
2026-03-25,40,1,45,147.66,0,28,0,90.64804823517782,0
2026-03-25,40,2,48,147.66,0,28,0,90.89139598775344,0
2026-03-25,40,3,56,147.66,0,28,0,99.29336228261171,0
2026-03-25,41,1,58,275.92,0,10,0,79.86073232692996,0
2026-03-25,41,2,52,275.92,0,10,0,152.2573044899588,0
2026-03-25,41,3,58,275.92,0,10,0,103.71158363969967,0
2026-03-25,42,1,53,79.05,0,16,0,128.8390287560455,0
2026-03-25,42,2,50,79.05,0,16,0,44.268553368480276,0
2026-03-25,42,3,48,79.05,0,16,0,101.14109642013712,0
2026-03-25,43,1,71,403.08,0,16,0,54.742332821432306,0
2026-03-25,43,2,65,403.08,0,16,0,160.8788595113036,1
2026-03-25,43,3,73,403.08,0,16,0,57.28365252046555,0
2026-03-25,44,1,38,46.53,0,27,0,50.877979176958206,0
2026-03-25,44,2,38,46.53,0,27,0,25.023485850561492,0
2026-03-25,44,3,40,46.53,0,27,0,27.34578159217818,0
2026-03-25,45,1,88,493.57,0,11,0,225.80753751751186,0
2026-03-25,45,2,93,493.57,0,11,0,227.54938948732791,0
2026-03-25,45,3,78,493.57,0,11,0,188.47848581817038,0
2026-03-25,46,1,76,388.4,0,29,0,98.51012978190109,0
2026-03-25,46,2,69,388.4,0,29,0,147.5052227233934,0
2026-03-25,46,3,82,388.4,0,29,0,174.5915451796208,0
2026-03-25,47,1,44,107.37,0,14,0,131.35834695255272,0
2026-03-25,47,2,46,107.37,0,14,0,112.37051758783322,1
2026-03-25,47,3,47,107.37,0,14,0,36.08111413915857,0
2026-03-25,48,1,40,12.71,0,20,0,61.831797563231596,0
2026-03-25,48,2,26,12.71,0,21,1,56.559091832578034,0
2026-03-25,48,3,30,12.71,0,20,0,50.382989577455085,0
2026-03-25,49,1,77,409.58,0,8,0,136.438891861926,0
2026-03-25,49,2,70,409.58,0,8,0,142.96291312819895,0
2026-03-25,49,3,80,409.58,0,8,0,187.0824359543052,0
2026-03-25,50,1,64,356.36,0,18,0,74.07373247031347,0
2026-03-25,50,2,74,356.36,0,18,0,87.63246746260609,0
2026-03-25,50,3,141,356.36,1,18,0,158.9352111048541,0
2026-03-26,1,1,75,394.74,0,4,0,174.12053723160372,0
2026-03-26,1,2,67,394.74,0,4,0,52.097870713926284,0
2026-03-26,1,3,78,394.74,0,4,0,131.84458798992807,0
2026-03-26,2,1,52,107.84,0,4,0,143.88207927559048,0
2026-03-26,2,2,48,107.84,0,4,0,30.916783362118544,0
2026-03-26,2,3,49,107.84,0,4,0,25.856630690495116,0
2026-03-26,3,1,60,261.97,0,2,0,91.67022555055047,0
2026-03-26,3,2,52,261.97,0,2,0,149.08656800799739,0
2026-03-26,3,3,61,261.97,0,2,0,81.70949811372829,0
2026-03-26,4,1,61,300.28,0,28,0,91.3704171261131,0
2026-03-26,4,2,65,300.28,0,28,0,97.38240318178558,0
2026-03-26,4,3,62,300.28,0,28,0,167.6853039487614,0
2026-03-26,5,1,37,32.76,0,6,0,68.38956790550073,0
2026-03-26,5,2,43,32.76,0,6,0,54.31569906714701,0
2026-03-26,5,3,50,32.76,0,6,0,130.7748543768853,0
2026-03-26,6,1,61,307.7,0,11,0,73.2266651969261,0
2026-03-26,6,2,67,307.7,0,11,0,57.85082236696933,0
2026-03-26,6,3,58,307.7,0,11,0,137.60517060584982,0
2026-03-26,7,1,34,93.56,0,8,0,31.83812225658971,0
2026-03-26,7,2,47,93.56,0,8,0,118.07865607526891,0
2026-03-26,7,3,42,93.56,0,8,0,41.241474976601474,0
2026-03-26,8,1,40,41.88,0,27,0,22.4452826728703,0
2026-03-26,8,2,43,41.88,0,27,0,93.62130495590786,0
2026-03-26,8,3,34,41.88,0,27,0,62.48345991492788,0
2026-03-26,9,1,80,474.95,0,10,0,174.43317990037033,0
2026-03-26,9,2,86,474.95,0,10,0,106.89969590867474,0
2026-03-26,9,3,86,474.95,0,10,0,243.23516003009712,0
2026-03-26,10,1,95,483.16,0,29,0,181.82232309595588,0
2026-03-26,10,2,89,483.16,0,29,0,109.40444415699758,0
2026-03-26,10,3,87,483.16,0,29,0,214.67738615939544,0
2026-03-26,11,1,75,406.11,0,8,0,55.300612227854934,0
2026-03-26,11,2,72,406.11,0,8,0,142.5151127413758,0
2026-03-26,11,3,73,406.11,0,8,0,162.10360588317567,0
2026-03-26,12,1,55,159.26,0,10,0,127.3466997786643,0
2026-03-26,12,2,54,159.26,0,10,0,145.85309787935032,0
2026-03-26,12,3,46,159.26,0,10,0,123.40685469600754,0
2026-03-26,13,1,41,57.86,0,9,0,106.29995445142183,0
2026-03-26,13,2,40,57.86,0,9,0,42.42607267913445,0
2026-03-26,13,3,40,57.86,0,9,0,20.24716467028596,0
2026-03-26,14,1,70,345.27,0,13,0,127.8322288308002,0
2026-03-26,14,2,73,345.27,0,13,0,191.37832345484185,0
2026-03-26,14,3,65,345.27,0,13,0,128.41088093675518,0
2026-03-26,15,1,55,225.67,0,3,0,58.77163251948878,0
2026-03-26,15,2,61,225.67,0,3,0,55.9304221728616,0
2026-03-26,15,3,63,225.67,0,3,0,147.35961882148038,0
2026-03-26,16,1,41,69.8,0,2,0,28.652507206906286,0
2026-03-26,16,2,40,69.8,0,2,0,27.853019674057137,0
2026-03-26,16,3,43,69.8,0,2,0,24.69631569931375,0
2026-03-26,17,1,60,252.64,0,17,0,86.54002855239507,0
2026-03-26,17,2,63,252.64,0,17,0,69.47868890347209,0
2026-03-26,17,3,57,252.64,0,17,0,144.98115177770433,0
2026-03-26,18,1,40,26.85,0,24,0,66.3430473280583,0
2026-03-26,18,2,37,26.85,0,24,0,80.91030499868215,0
2026-03-26,18,3,35,26.85,0,24,0,77.93420483268444,0
2026-03-26,19,1,95,455.57,0,24,0,255.27615268198082,0
2026-03-26,19,2,82,455.57,0,24,0,195.37941146412052,1
2026-03-26,19,3,73,455.57,0,24,0,67.78454176979024,0
2026-03-26,20,1,52,136.8,0,25,0,71.76602343978959,0
2026-03-26,20,2,43,136.8,0,25,0,107.26121444400968,0
2026-03-26,20,3,46,136.8,0,25,0,68.31830943477352,1
2026-03-26,21,1,69,334.64,0,6,0,130.76245516381223,0
2026-03-26,21,2,67,334.64,0,6,0,37.638281552325296,1
2026-03-26,21,3,74,334.64,0,6,0,94.17435274406458,0
2026-03-26,22,1,47,162.74,0,4,0,89.50658225968732,0
2026-03-26,22,2,42,162.74,0,4,0,122.98912527469965,0
2026-03-26,22,3,48,162.74,0,4,0,141.9807072975164,0
2026-03-26,23,1,70,264.83,0,13,0,51.330563919540495,0
2026-03-26,23,2,58,264.83,0,13,0,156.2338052646966,0
2026-03-26,23,3,59,264.83,0,13,0,74.8533290778784,0
2026-03-26,24,1,62,277.89,0,9,0,83.09042849841367,0
2026-03-26,24,2,64,277.89,0,9,0,181.4590070336934,0
2026-03-26,24,3,62,277.89,0,9,0,74.54652258942875,0
2026-03-26,25,1,43,100.58,0,23,0,112.87625446969079,0
2026-03-26,25,2,50,100.58,0,23,0,123.75156000828716,0
2026-03-26,25,3,45,100.58,0,23,0,51.799178350624175,0
2026-03-26,26,1,88,485.1,0,28,0,177.15817773248483,0
2026-03-26,26,2,82,485.1,0,28,0,243.0717129943617,0
2026-03-26,26,3,79,485.1,0,28,0,79.12989902323301,0
2026-03-26,27,1,68,389.82,0,10,6,65.33358677438578,0
2026-03-26,27,2,74,389.82,0,4,0,96.83192391792137,0
2026-03-26,27,3,64,389.82,0,4,0,177.67515953746616,0
2026-03-26,28,1,84,470.35,0,2,0,99.33218257327147,0
2026-03-26,28,2,78,470.35,0,2,0,86.7384390508643,0
2026-03-26,28,3,80,470.35,0,2,0,155.95629400834721,0
2026-03-26,29,1,84,448.47,0,4,0,94.76234956379,0
2026-03-26,29,2,75,448.47,0,4,0,183.5401317075067,0
2026-03-26,29,3,78,448.47,0,4,0,141.59489353627328,0
2026-03-26,30,1,69,302.97,0,6,0,55.90368725636861,0
2026-03-26,30,2,60,302.97,0,6,0,95.90036320662261,0
2026-03-26,30,3,64,302.97,0,6,0,90.3912148437441,0
2026-03-26,31,1,75,461.72,0,16,0,137.37529011174368,0
2026-03-26,31,2,79,461.72,0,16,0,86.1523662543815,0
2026-03-26,31,3,83,461.72,0,16,0,95.66666574421187,1
2026-03-26,32,1,43,53.36,0,15,0,101.10913973920046,0
2026-03-26,32,2,41,53.36,0,15,0,96.55118717075658,0
2026-03-26,32,3,43,53.36,0,15,0,92.20831057810916,0
2026-03-26,33,1,46,106.03,0,4,0,95.47497690241416,1
2026-03-26,33,2,43,106.03,0,4,0,96.88674330435391,1
2026-03-26,33,3,34,106.03,0,4,0,52.72022484774599,0
2026-03-26,34,1,36,32.16,0,2,0,104.85014139865595,0
2026-03-26,34,2,33,32.16,0,2,0,48.74580586121211,0
2026-03-26,34,3,36,32.16,0,2,0,62.912013390867244,1
2026-03-26,35,1,58,169.41,0,6,0,123.07635491951766,0
2026-03-26,35,2,56,169.41,0,6,0,111.614814479147,0
2026-03-26,35,3,60,169.41,0,6,0,100.01481682109609,0
2026-03-26,36,1,62,200.45,0,35,8,183.00963534199795,0
2026-03-26,36,2,57,200.45,0,27,0,70.85451936854611,0
2026-03-26,36,3,46,200.45,0,27,0,84.05703600325803,1
2026-03-26,37,1,44,142.96,0,24,0,63.04635516791305,0
2026-03-26,37,2,54,142.96,0,24,0,29.83565487404669,0
2026-03-26,37,3,43,142.96,0,27,3,108.49592019167676,0
2026-03-26,38,1,89,416.08,0,15,0,261.58435851302335,0
2026-03-26,38,2,68,416.08,0,15,0,140.87933184207463,0
2026-03-26,38,3,74,416.08,0,15,0,180.24613214587808,0
2026-03-26,39,1,53,184.81,0,8,0,39.230140038520055,0
2026-03-26,39,2,55,184.81,0,8,0,104.15771055211434,0
2026-03-26,39,3,57,184.81,0,8,0,36.540576009393305,0
2026-03-26,40,1,50,147.66,0,28,0,110.16868577092384,0
2026-03-26,40,2,47,147.66,0,28,0,55.6543673941902,0
2026-03-26,40,3,47,147.66,0,28,0,132.56770899640492,0
2026-03-26,41,1,124,275.92,1,10,0,353.76840061829466,0
2026-03-26,41,2,62,275.92,0,10,0,121.1272099905482,1
2026-03-26,41,3,63,275.92,0,10,0,164.68365243410838,0
2026-03-26,42,1,41,79.05,0,16,0,118.40273395083233,0
2026-03-26,42,2,44,79.05,0,16,0,72.44320065132197,0
2026-03-26,42,3,37,79.05,0,16,0,105.20735596715824,0
2026-03-26,43,1,73,403.08,0,16,0,153.09262715901986,0
2026-03-26,43,2,79,403.08,0,16,0,201.12948253822205,0
2026-03-26,43,3,76,403.08,0,16,0,141.2134389027713,0
2026-03-26,44,1,43,46.53,0,27,0,117.34580851318262,0
2026-03-26,44,2,37,46.53,0,27,0,103.25365602836645,0
2026-03-26,44,3,46,46.53,0,27,0,86.68329349692253,0
2026-03-26,45,1,86,493.57,0,11,0,131.1546749841535,0
2026-03-26,45,2,76,493.57,0,11,0,44.498752120252725,0
2026-03-26,45,3,85,493.57,0,11,0,206.78350637801233,0
2026-03-26,46,1,76,388.4,0,29,0,64.4625211645213,0
2026-03-26,46,2,66,388.4,0,29,0,160.80207058743164,1
2026-03-26,46,3,75,388.4,0,29,0,139.90733231671996,0
2026-03-26,47,1,45,107.37,0,14,0,55.34352513520737,0
2026-03-26,47,2,44,107.37,0,14,0,130.91931042944384,0
2026-03-26,47,3,43,107.37,0,14,0,31.66632570490595,0
2026-03-26,48,1,37,12.71,0,20,0,35.49993347645125,0
2026-03-26,48,2,42,12.71,0,20,0,59.2882092674222,0
2026-03-26,48,3,42,12.71,0,20,0,21.012086471995513,0
2026-03-26,49,1,80,409.58,0,8,0,110.51425937817024,0
2026-03-26,49,2,77,409.58,0,16,8,105.27859021359275,0
2026-03-26,49,3,85,409.58,0,8,0,201.8354406242421,0
2026-03-26,50,1,59,356.36,0,18,0,126.55025321579996,0
2026-03-26,50,2,71,356.36,0,18,0,151.6226653709428,0
2026-03-26,50,3,67,356.36,0,18,0,63.98804994938756,1
2026-03-27,1,1,68,394.74,0,4,0,143.56035857664907,0
2026-03-27,1,2,61,394.74,0,4,0,118.41968045382619,1
2026-03-27,1,3,71,394.74,0,4,0,133.75466595398058,0
2026-03-27,2,1,42,107.84,0,4,0,78.67683038801516,0
2026-03-27,2,2,36,107.84,0,4,0,107.34999464153405,0
2026-03-27,2,3,40,107.84,0,4,0,111.92825819693626,0
2026-03-27,3,1,60,261.97,0,2,0,89.00941382309756,0
2026-03-27,3,2,62,261.97,0,2,0,61.28770296770774,0
2026-03-27,3,3,66,261.97,0,6,4,105.08040576572576,0
2026-03-27,4,1,65,300.28,0,28,0,46.82021544675052,0
2026-03-27,4,2,63,300.28,0,37,9,125.24685992796246,0
2026-03-27,4,3,66,300.28,0,28,0,33.34746961743055,0
2026-03-27,5,1,40,32.76,0,15,9,100.24373139416309,0
2026-03-27,5,2,33,32.76,0,6,0,60.24857654792998,0
2026-03-27,5,3,39,32.76,0,6,0,57.21663000332292,0
2026-03-27,6,1,55,307.7,0,11,0,140.00953254591113,0
2026-03-27,6,2,64,307.7,0,11,0,93.64961085298337,0
2026-03-27,6,3,57,307.7,0,11,0,165.41427974729572,0
2026-03-27,7,1,38,93.56,0,8,0,78.85405473831865,0
2026-03-27,7,2,39,93.56,0,8,0,33.7866964051908,0
2026-03-27,7,3,46,93.56,0,8,0,80.04862902950589,0
2026-03-27,8,1,34,41.88,0,27,0,44.835223888531736,0
2026-03-27,8,2,41,41.88,0,27,0,64.13540670596058,0
2026-03-27,8,3,35,41.88,0,36,9,88.00429440428357,0
2026-03-27,9,1,87,474.95,0,13,3,242.7622141941649,0
2026-03-27,9,2,87,474.95,0,10,0,51.10798000292915,0
2026-03-27,9,3,80,474.95,0,10,0,155.465113020672,0
2026-03-27,10,1,80,483.16,0,29,0,170.34893239440703,0
2026-03-27,10,2,79,483.16,0,29,0,131.4400626659461,0
2026-03-27,10,3,90,483.16,0,31,2,223.63565199607234,0
2026-03-27,11,1,79,406.11,0,8,0,163.68539725832937,0
2026-03-27,11,2,83,406.11,0,8,0,114.73400461029593,0
2026-03-27,11,3,79,406.11,0,8,0,183.71735598411678,0
2026-03-27,12,1,45,159.26,0,10,0,51.56553171733085,1
2026-03-27,12,2,54,159.26,0,10,0,32.88150711925477,0
2026-03-27,12,3,54,159.26,0,10,0,93.4432111540681,0
2026-03-27,13,1,40,57.86,0,9,0,101.82742381870624,0
2026-03-27,13,2,41,57.86,0,9,0,110.47376873615988,0
2026-03-27,13,3,31,57.86,0,9,0,30.025107709484683,0
2026-03-27,14,1,68,345.27,0,13,0,42.72447406096342,0
2026-03-27,14,2,69,345.27,0,13,0,187.46545075721883,0
2026-03-27,14,3,66,345.27,0,13,0,152.2346886316098,1
2026-03-27,15,1,62,225.67,0,3,0,129.8622973175656,0
2026-03-27,15,2,65,225.67,0,3,0,50.455497554666714,0
2026-03-27,15,3,57,225.67,0,3,0,63.82951595201137,0
2026-03-27,16,1,37,69.8,0,2,0,23.745950371987437,0
2026-03-27,16,2,42,69.8,0,2,0,121.29104045817999,0
2026-03-27,16,3,34,69.8,0,2,0,59.84347677501209,1
2026-03-27,17,1,57,252.64,0,17,0,142.4013727404679,0
2026-03-27,17,2,47,252.64,0,17,0,46.07117182754153,0
2026-03-27,17,3,57,252.64,0,17,0,88.7046067839939,0
2026-03-27,18,1,32,26.85,0,24,0,30.411986879363774,0
2026-03-27,18,2,43,26.85,0,24,0,47.485379964203155,0
2026-03-27,18,3,46,26.85,0,24,0,106.70361881212837,0
2026-03-27,19,1,83,455.57,0,30,6,236.7160082246025,0
2026-03-27,19,2,83,455.57,0,24,0,66.53147088191302,0
2026-03-27,19,3,68,455.57,0,24,0,71.91688418811928,0
2026-03-27,20,1,56,136.8,0,25,0,34.73009647914121,0
2026-03-27,20,2,44,136.8,0,25,0,127.62653795592476,0
2026-03-27,20,3,49,136.8,0,25,0,140.97832674893385,0
2026-03-27,21,1,73,334.64,0,6,0,136.04749317558557,0
2026-03-27,21,2,65,334.64,0,6,0,98.8396509149546,0
2026-03-27,21,3,63,334.64,0,6,0,40.65472056554434,0
2026-03-27,22,1,54,162.74,0,13,9,130.43782992423348,0
2026-03-27,22,2,51,162.74,0,4,0,66.23552750399284,0
2026-03-27,22,3,51,162.74,0,4,0,148.07851721594943,0
2026-03-27,23,1,50,264.83,0,13,0,36.52262375009898,0
2026-03-27,23,2,56,264.83,0,13,0,165.69080588228465,0
2026-03-27,23,3,59,264.83,0,13,0,57.03213043596217,0
2026-03-27,24,1,51,277.89,0,9,0,94.28619202524548,0
2026-03-27,24,2,65,277.89,0,9,0,47.42030861832989,0
2026-03-27,24,3,64,277.89,0,9,0,34.423381957030784,0
2026-03-27,25,1,43,100.58,0,23,0,74.5954090910892,0
2026-03-27,25,2,34,100.58,0,23,0,92.12901765825193,0
2026-03-27,25,3,43,100.58,0,23,0,43.70871041554407,0
2026-03-27,26,1,81,485.1,0,28,0,181.45066223015158,0
2026-03-27,26,2,86,485.1,0,28,0,165.25409658276342,0
2026-03-27,26,3,83,485.1,0,28,0,121.25815243168852,0
2026-03-27,27,1,72,389.82,0,4,0,137.6589210579758,0
2026-03-27,27,2,72,389.82,0,4,0,152.20675863999338,0
2026-03-27,27,3,69,389.82,0,4,0,78.97009022698046,0
2026-03-27,28,1,77,470.35,0,2,0,138.97383135435047,0
2026-03-27,28,2,82,470.35,0,2,0,83.72910713658376,0
2026-03-27,28,3,88,470.35,0,2,0,193.25864904957018,0
2026-03-27,29,1,75,448.47,0,4,0,136.06720184016493,0
2026-03-27,29,2,84,448.47,0,4,0,138.25920074562606,0
2026-03-27,29,3,74,448.47,0,4,0,38.773918066772694,0
2026-03-27,30,1,61,302.97,0,6,0,89.56958476744401,0
2026-03-27,30,2,67,302.97,0,6,0,39.437914689439765,0
2026-03-27,30,3,73,302.97,0,6,0,103.37978088593808,0
2026-03-27,31,1,77,461.72,0,16,0,103.88698000025599,0
2026-03-27,31,2,86,461.72,0,16,0,194.67305471749208,0
2026-03-27,31,3,88,461.72,0,16,0,51.34669919518676,0
2026-03-27,32,1,39,53.36,0,15,0,48.26951785272151,0
2026-03-27,32,2,42,53.36,0,15,0,65.48648751042933,0
2026-03-27,32,3,34,53.36,0,15,0,50.88844021225211,0
2026-03-27,33,1,45,106.03,0,4,0,30.314477824554057,0
2026-03-27,33,2,45,106.03,0,4,0,130.703087235478,0
2026-03-27,33,3,50,106.03,0,7,3,53.50992506726947,0
2026-03-27,34,1,40,32.16,0,2,0,103.4342803321729,0
2026-03-27,34,2,40,32.16,0,2,0,38.58710745392194,0
2026-03-27,34,3,42,32.16,0,2,0,42.2350646570586,0
2026-03-27,35,1,43,169.41,0,6,0,127.80769829050277,0
2026-03-27,35,2,54,169.41,0,7,1,127.16176566169281,0
2026-03-27,35,3,49,169.41,0,6,0,49.22268954693186,0
2026-03-27,36,1,52,200.45,0,27,0,29.00489865931829,0
2026-03-27,36,2,50,200.45,0,27,0,71.67817621431315,0
2026-03-27,36,3,47,200.45,0,27,0,122.58481367618562,0
2026-03-27,37,1,46,142.96,0,24,0,90.87918682300685,0
2026-03-27,37,2,46,142.96,0,24,0,53.158752060677585,0
2026-03-27,37,3,44,142.96,0,24,0,26.6560023981565,0
2026-03-27,38,1,75,416.08,0,15,0,124.11060684501713,0
2026-03-27,38,2,71,416.08,0,15,0,95.3231289098336,0
2026-03-27,38,3,84,416.08,0,15,0,83.9816556970723,0
2026-03-27,39,1,52,184.81,0,8,0,104.17705034321017,0
2026-03-27,39,2,115,184.81,1,8,0,173.88858233556914,0
2026-03-27,39,3,55,184.81,0,8,0,137.41551404536614,1
2026-03-27,40,1,49,147.66,0,28,0,28.66637313372734,0
2026-03-27,40,2,50,147.66,0,28,0,46.9954566713179,0
2026-03-27,40,3,52,147.66,0,28,0,134.48932416192682,0
2026-03-27,41,1,65,275.92,0,10,0,91.13190433119064,0
2026-03-27,41,2,64,275.92,0,10,0,182.73055306473074,0
2026-03-27,41,3,66,275.92,0,10,0,181.42544311828647,0
2026-03-27,42,1,44,79.05,0,16,0,126.16642478844763,0
2026-03-27,42,2,51,79.05,0,16,0,75.05190061162526,0
2026-03-27,42,3,39,79.05,0,16,0,105.80316590161785,0
2026-03-27,43,1,86,403.08,0,16,0,143.64255094160507,0
2026-03-27,43,2,82,403.08,0,20,4,58.15983445964846,0
2026-03-27,43,3,73,403.08,0,16,0,100.108282599148,0
2026-03-27,44,1,42,46.53,0,27,0,61.5659211014697,1
2026-03-27,44,2,40,46.53,0,27,0,54.39199018829698,0
2026-03-27,44,3,38,46.53,0,27,0,83.7787919451002,0
2026-03-27,45,1,81,493.57,0,11,0,157.75749319539764,0
2026-03-27,45,2,77,493.57,0,11,0,199.9184435647586,0
2026-03-27,45,3,78,493.57,0,11,0,45.208958002954056,0
2026-03-27,46,1,82,388.4,0,29,0,241.57846523959407,0
2026-03-27,46,2,67,388.4,0,29,0,112.31147784027067,0
2026-03-27,46,3,70,388.4,0,29,0,131.09034329390965,0
2026-03-27,47,1,44,107.37,0,14,0,86.55194043843147,0
2026-03-27,47,2,34,107.37,0,14,0,87.47210340857185,0
2026-03-27,47,3,43,107.37,0,16,2,119.05922945400727,0
2026-03-27,48,1,43,12.71,0,20,0,27.683766192635105,0
2026-03-27,48,2,42,12.71,0,20,0,42.60617439478905,0
2026-03-27,48,3,37,12.71,0,20,0,86.85201325846386,0
2026-03-27,49,1,70,409.58,0,8,0,79.11674360235804,0
2026-03-27,49,2,75,409.58,0,17,9,209.47221960421066,0
2026-03-27,49,3,83,409.58,0,8,0,149.63193676755114,1
2026-03-27,50,1,69,356.36,0,18,0,152.29320685466695,0
2026-03-27,50,2,72,356.36,0,18,0,91.9809877124663,0
2026-03-27,50,3,81,356.36,0,18,0,88.46140355408457,0
2026-03-28,1,1,85,394.74,0,4,0,110.1401051600519,0
2026-03-28,1,2,84,394.74,0,4,0,56.729572109198216,0
2026-03-28,1,3,91,394.74,0,4,0,186.37848530523698,0
2026-03-28,2,1,48,107.84,0,4,0,52.66322461398249,0
2026-03-28,2,2,62,107.84,0,4,0,83.12170350527846,0
2026-03-28,2,3,57,107.84,0,4,0,42.64558418176746,0
2026-03-28,3,1,60,261.97,0,2,0,177.6688463373622,0
2026-03-28,3,2,63,261.97,0,2,0,135.37875021697565,0
2026-03-28,3,3,74,261.97,0,2,0,168.44983020484693,0
2026-03-28,4,1,64,300.28,0,28,0,152.90798891447102,0
2026-03-28,4,2,64,300.28,0,28,0,34.763784529909934,0
2026-03-28,4,3,73,300.28,0,32,4,164.3143548451985,0
2026-03-28,5,1,47,32.76,0,6,0,50.627428000214344,0
2026-03-28,5,2,32,32.76,0,6,0,43.461505421308004,0
2026-03-28,5,3,34,32.76,0,6,0,42.65925458685661,0
2026-03-28,6,1,68,307.7,0,11,0,176.36564982503327,0
2026-03-28,6,2,75,307.7,0,11,0,205.47935720921862,0
2026-03-28,6,3,71,307.7,0,11,0,84.60331553660733,0
2026-03-28,7,1,49,93.56,0,8,0,79.49031232917147,0
2026-03-28,7,2,102,93.56,1,8,0,126.62689684097752,0
2026-03-28,7,3,46,93.56,0,8,0,99.3506411879234,0
2026-03-28,8,1,46,41.88,0,27,0,82.62329503597937,0
2026-03-28,8,2,39,41.88,0,27,0,23.18787139159372,0
2026-03-28,8,3,39,41.88,0,27,0,31.36699983068096,0
2026-03-28,9,1,84,474.95,0,10,0,151.1677317212792,0
2026-03-28,9,2,87,474.95,0,10,0,242.53740109388252,0
2026-03-28,9,3,93,474.95,0,10,0,266.8704244649647,0
2026-03-28,10,1,84,483.16,0,29,0,209.65366049904029,0
2026-03-28,10,2,86,483.16,0,29,0,241.44786847968868,0
2026-03-28,10,3,81,483.16,0,29,0,189.2719498378544,0
2026-03-28,11,1,80,406.11,0,8,0,164.77092661651972,0
2026-03-28,11,2,83,406.11,0,8,0,200.54350582245937,0
2026-03-28,11,3,88,406.11,0,8,0,172.75364478187691,0
2026-03-28,12,1,57,159.26,0,10,0,40.96589327510491,0
2026-03-28,12,2,53,159.26,0,10,0,102.01966255357378,0
2026-03-28,12,3,62,159.26,0,10,0,85.19835696053438,0
2026-03-28,13,1,40,57.86,0,9,0,115.63610946762985,0
2026-03-28,13,2,50,57.86,0,9,0,134.37344234661458,0
2026-03-28,13,3,52,57.86,0,16,7,67.11529161710415,0
2026-03-28,14,1,75,345.27,0,13,0,187.5743747113024,0
2026-03-28,14,2,68,345.27,0,22,9,42.13827891029995,0
2026-03-28,14,3,73,345.27,0,13,0,127.08031272059216,0
2026-03-28,15,1,58,225.67,0,3,0,141.09315067419064,0
2026-03-28,15,2,67,225.67,0,3,0,42.65760006709667,0
2026-03-28,15,3,67,225.67,0,3,0,141.00803265167943,0
2026-03-28,16,1,49,69.8,0,2,0,71.10857846553903,0
2026-03-28,16,2,50,69.8,0,2,0,97.95610372051577,0
2026-03-28,16,3,51,69.8,0,2,0,75.38098706890193,0
2026-03-28,17,1,61,252.64,0,25,8,82.41375529008045,0
2026-03-28,17,2,67,252.64,0,17,0,75.75989053438781,0
2026-03-28,17,3,67,252.64,0,17,0,140.66206214401066,0
2026-03-28,18,1,45,26.85,0,24,0,103.5505934444493,0
2026-03-28,18,2,39,26.85,0,24,0,69.00444446157124,0
2026-03-28,18,3,36,26.85,0,24,0,94.98520422194034,0
2026-03-28,19,1,91,455.57,0,24,0,226.01063378902992,0
2026-03-28,19,2,81,455.57,0,24,0,88.74208939199399,0
2026-03-28,19,3,83,455.57,0,24,0,151.1926619786851,0
2026-03-28,20,1,49,136.8,0,25,0,119.43859439464832,0
2026-03-28,20,2,53,136.8,0,25,0,37.15543483502584,0
2026-03-28,20,3,67,136.8,0,25,0,90.11199547198667,0
2026-03-28,21,1,80,334.64,0,6,0,61.65364568540838,0
2026-03-28,21,2,77,334.64,0,6,0,212.13185332518427,0
2026-03-28,21,3,69,334.64,0,6,0,137.78370694941606,0
2026-03-28,22,1,66,162.74,0,4,0,186.59384416829224,0
2026-03-28,22,2,57,162.74,0,4,0,132.15998751270445,0
2026-03-28,22,3,56,162.74,0,4,0,59.63470759262364,0
2026-03-28,23,1,73,264.83,0,13,0,127.81501172221542,0
2026-03-28,23,2,67,264.83,0,13,0,170.46326546109296,0
2026-03-28,23,3,66,264.83,0,13,0,112.45595703818836,0
2026-03-28,24,1,66,277.89,0,9,0,117.2575587698026,0
2026-03-28,24,2,57,277.89,0,9,0,169.91666976251713,0
2026-03-28,24,3,70,277.89,0,9,0,80.40071665975493,0
2026-03-28,25,1,46,100.58,0,23,0,98.99067575053242,0
2026-03-28,25,2,63,100.58,0,23,0,89.75579375817367,0
2026-03-28,25,3,63,100.58,0,23,0,70.81929414029972,0
2026-03-28,26,1,95,485.1,0,28,0,104.5144868673832,0
2026-03-28,26,2,82,485.1,0,28,0,166.2948244541826,0
2026-03-28,26,3,87,485.1,0,28,0,135.13029107465783,0
2026-03-28,27,1,91,389.82,0,4,0,71.60358381564976,0
2026-03-28,27,2,72,389.82,0,4,0,207.7415566062617,0
2026-03-28,27,3,79,389.82,0,4,0,97.9869514760583,0
2026-03-28,28,1,91,470.35,0,2,0,84.61613618451227,0
2026-03-28,28,2,87,470.35,0,2,0,82.32596943243222,0
2026-03-28,28,3,92,470.35,0,2,0,115.16699682765493,0
2026-03-28,29,1,88,448.47,0,4,0,204.88676179576595,0
2026-03-28,29,2,82,448.47,0,4,0,168.89625044677803,0
2026-03-28,29,3,84,448.47,0,4,0,59.73328971610919,0
2026-03-28,30,1,66,302.97,0,6,0,126.51514746412494,0
2026-03-28,30,2,68,302.97,0,6,0,99.25753298799316,0
2026-03-28,30,3,77,302.97,0,6,0,74.33024628860856,0
2026-03-28,31,1,87,461.72,0,16,0,189.8721477507226,0
2026-03-28,31,2,75,461.72,0,16,0,179.4071302893045,0
2026-03-28,31,3,85,461.72,0,16,0,220.8872437575838,0
2026-03-28,32,1,44,53.36,0,15,0,99.8490733165221,0
2026-03-28,32,2,31,53.36,0,15,0,42.760524550460836,0
2026-03-28,32,3,49,53.36,0,15,0,39.608433463661655,0
2026-03-28,33,1,50,106.03,0,4,0,121.86851042295066,0
2026-03-28,33,2,51,106.03,0,4,0,132.00814228389572,1
2026-03-28,33,3,54,106.03,0,4,0,99.53053982584296,0
2026-03-28,34,1,45,32.16,0,2,0,46.30586876105715,0
2026-03-28,34,2,41,32.16,0,2,0,90.75408215509974,0
2026-03-28,34,3,39,32.16,0,2,0,90.28279638945985,0
2026-03-28,35,1,58,169.41,0,15,9,131.353314340855,0
2026-03-28,35,2,58,169.41,0,6,0,158.145464028141,0
2026-03-28,35,3,53,169.41,0,6,0,152.96632430654074,0
2026-03-28,36,1,57,200.45,0,27,0,85.24785950552435,0
2026-03-28,36,2,67,200.45,0,27,0,188.56895833176338,0
2026-03-28,36,3,61,200.45,0,27,0,72.34038158359887,0
2026-03-28,37,1,55,142.96,0,24,0,84.07239872176577,0
2026-03-28,37,2,53,142.96,0,24,0,153.08838954808488,0
2026-03-28,37,3,44,142.96,0,24,0,37.379449960608454,0
2026-03-28,38,1,75,416.08,0,15,0,145.472951133475,0
2026-03-28,38,2,85,416.08,0,15,0,112.09455953286005,0
2026-03-28,38,3,89,416.08,0,15,0,200.18606183605723,0
2026-03-28,39,1,58,184.81,0,8,0,134.48963836401973,0
2026-03-28,39,2,53,184.81,0,8,0,41.87875800400291,0
2026-03-28,39,3,69,184.81,0,9,1,35.287275686389016,0
2026-03-28,40,1,56,147.66,0,28,0,93.66921103373853,0
2026-03-28,40,2,47,147.66,0,31,3,65.79578637396897,0
2026-03-28,40,3,42,147.66,0,28,0,105.87979034602871,0
2026-03-28,41,1,61,275.92,0,10,0,146.09951583436532,0
2026-03-28,41,2,67,275.92,0,10,0,137.1929716627753,1
2026-03-28,41,3,68,275.92,0,10,0,124.05788878335966,0
2026-03-28,42,1,47,79.05,0,16,0,118.38297930625755,0
2026-03-28,42,2,47,79.05,0,16,0,85.92895348075139,0
2026-03-28,42,3,44,79.05,0,16,0,42.455171515940954,0
2026-03-28,43,1,70,403.08,0,16,0,79.7990002319593,0
2026-03-28,43,2,151,403.08,1,16,0,76.84569502444872,0
2026-03-28,43,3,90,403.08,0,16,0,237.05965677714613,0
2026-03-28,44,1,43,46.53,0,27,0,79.31066286099234,0
2026-03-28,44,2,42,46.53,0,27,0,64.61520183113157,0
2026-03-28,44,3,45,46.53,0,27,0,126.69443270037975,0
2026-03-28,45,1,87,493.57,0,16,5,222.3529322727966,0
2026-03-28,45,2,93,493.57,0,11,0,85.90305185512025,1
2026-03-28,45,3,88,493.57,0,11,0,76.46958912405444,0
2026-03-28,46,1,81,388.4,0,29,0,225.6624153318544,1
2026-03-28,46,2,78,388.4,0,29,0,198.91882447375332,0
2026-03-28,46,3,71,388.4,0,29,0,108.77605938316411,0
2026-03-28,47,1,59,107.37,0,14,0,77.11390455145708,0
2026-03-28,47,2,53,107.37,0,14,0,53.72712882060445,0
2026-03-28,47,3,52,107.37,0,14,0,86.53204025066597,0
2026-03-28,48,1,40,12.71,0,20,0,59.571546507859125,0
2026-03-28,48,2,43,12.71,0,20,0,76.77021058406221,0
2026-03-28,48,3,51,12.71,0,20,0,70.84650022964213,0
2026-03-28,49,1,76,409.58,0,8,0,150.92700142194357,0
2026-03-28,49,2,89,409.58,0,8,0,138.44089106117855,1
2026-03-28,49,3,81,409.58,0,8,0,99.08259258050987,0
2026-03-28,50,1,84,356.36,0,18,0,189.7629460219173,0
2026-03-28,50,2,72,356.36,0,19,1,197.22087972264603,0
2026-03-28,50,3,84,356.36,0,18,0,152.58292489664348,0
2026-03-29,1,1,74,394.74,0,4,0,140.38550202847404,0
2026-03-29,1,2,84,394.74,0,4,0,172.27502938276064,0
2026-03-29,1,3,78,394.74,0,4,0,103.90820759746765,0
2026-03-29,2,1,51,107.84,0,4,0,130.89731262471633,0
2026-03-29,2,2,51,107.84,0,4,0,118.18339172937759,0
2026-03-29,2,3,54,107.84,0,4,0,97.89009750489876,0
2026-03-29,3,1,59,261.97,0,2,0,80.64254589098232,0
2026-03-29,3,2,68,261.97,0,2,0,176.11789227676013,0
2026-03-29,3,3,75,261.97,0,2,0,181.7509333658024,0
2026-03-29,4,1,67,300.28,0,28,0,33.72941991251313,0
2026-03-29,4,2,71,300.28,0,28,0,164.43477506824212,0
2026-03-29,4,3,68,300.28,0,28,0,83.54172450785317,0
2026-03-29,5,1,47,32.76,0,6,0,44.046753992825586,0
2026-03-29,5,2,38,32.76,0,6,0,31.566104479168256,0
2026-03-29,5,3,42,32.76,0,6,0,83.42297974315993,0
2026-03-29,6,1,84,307.7,0,11,0,223.04256700895752,0
2026-03-29,6,2,71,307.7,0,11,0,91.91277063723112,0
2026-03-29,6,3,85,307.7,0,11,0,224.6909480548692,0
2026-03-29,7,1,56,93.56,0,8,0,30.18771023890391,0
2026-03-29,7,2,40,93.56,0,8,0,41.24402563171354,0
2026-03-29,7,3,53,93.56,0,8,0,40.248699632750984,0
2026-03-29,8,1,41,41.88,0,27,0,52.52744356476571,0
2026-03-29,8,2,42,41.88,0,27,0,124.27334986980922,0
2026-03-29,8,3,42,41.88,0,27,0,80.7989276236795,0
2026-03-29,9,1,83,474.95,0,10,0,245.75051839378696,0
2026-03-29,9,2,84,474.95,0,10,0,182.81472538413297,0
2026-03-29,9,3,85,474.95,0,10,0,212.22703371656223,0
2026-03-29,10,1,94,483.16,0,29,0,142.2207321321701,0
2026-03-29,10,2,99,483.16,0,29,0,149.80221948283867,0
2026-03-29,10,3,89,483.16,0,29,0,234.5992639956983,0
2026-03-29,11,1,82,406.11,0,8,0,211.54842560375533,0
2026-03-29,11,2,81,406.11,0,8,0,210.17242340710396,0
2026-03-29,11,3,83,406.11,0,8,0,223.5856120408795,0
2026-03-29,12,1,57,159.26,0,10,0,49.49657555744552,0
2026-03-29,12,2,54,159.26,0,10,0,141.91053237989996,0
2026-03-29,12,3,50,159.26,0,10,0,30.14918841337141,0
2026-03-29,13,1,42,57.86,0,9,0,39.23954170161084,0
2026-03-29,13,2,44,57.86,0,9,0,105.35742607770787,0
2026-03-29,13,3,46,57.86,0,9,0,93.62804942111966,0
2026-03-29,14,1,77,345.27,0,13,0,92.91852493444733,0
2026-03-29,14,2,71,345.27,0,13,0,42.911706318925006,0
2026-03-29,14,3,71,345.27,0,13,0,147.95249966886666,0
2026-03-29,15,1,69,225.67,0,3,0,150.85657180904593,0
2026-03-29,15,2,64,225.67,0,7,4,104.94110880781335,0
2026-03-29,15,3,66,225.67,0,3,0,62.464329171985455,0
2026-03-29,16,1,42,69.8,0,2,0,48.25245962440035,0
2026-03-29,16,2,50,69.8,0,2,0,147.09969931912522,0
2026-03-29,16,3,51,69.8,0,2,0,115.67579448822359,0
2026-03-29,17,1,66,252.64,0,17,0,81.62697440581871,0
2026-03-29,17,2,56,252.64,0,17,0,102.48823772852084,0
2026-03-29,17,3,74,252.64,0,26,9,131.21444293563997,0
2026-03-29,18,1,41,26.85,0,24,0,116.83633247526294,1
2026-03-29,18,2,44,26.85,0,24,0,26.431036131564596,0
2026-03-29,18,3,43,26.85,0,24,0,43.32474230705128,0
2026-03-29,19,1,176,455.57,1,24,0,335.16607146029037,0
2026-03-29,19,2,82,455.57,0,24,0,48.92820970770788,0
2026-03-29,19,3,79,455.57,0,24,0,117.05704711787209,0
2026-03-29,20,1,60,136.8,0,25,0,57.66311260181368,0
2026-03-29,20,2,42,136.8,0,25,0,125.84780395043366,0
2026-03-29,20,3,51,136.8,0,25,0,121.66003489488183,0
2026-03-29,21,1,76,334.64,0,6,0,74.50660695397758,0
2026-03-29,21,2,64,334.64,0,6,0,143.98296968319576,0
2026-03-29,21,3,139,334.64,1,12,6,361.8390509694109,0
2026-03-29,22,1,54,162.74,0,4,0,113.24839027453693,0
2026-03-29,22,2,63,162.74,0,4,0,141.27225222319902,0
2026-03-29,22,3,49,162.74,0,4,0,76.49256203253381,0
2026-03-29,23,1,57,264.83,0,13,0,131.46192614479878,0
2026-03-29,23,2,70,264.83,0,13,0,96.88556534054365,0
2026-03-29,23,3,66,264.83,0,13,0,74.9281851236963,0
2026-03-29,24,1,65,277.89,0,9,0,90.65752967913758,0
2026-03-29,24,2,61,277.89,0,9,0,114.2758829820555,0
2026-03-29,24,3,71,277.89,0,9,0,191.7410287959927,0
2026-03-29,25,1,45,100.58,0,23,0,114.16572659137138,0
2026-03-29,25,2,47,100.58,0,23,0,69.67271331928376,0
2026-03-29,25,3,54,100.58,0,23,0,106.27334137897746,0
2026-03-29,26,1,93,485.1,0,28,0,198.8668513424207,0
2026-03-29,26,2,89,485.1,0,28,0,53.417986743041766,0
2026-03-29,26,3,89,485.1,0,28,0,237.34687994764542,0
2026-03-29,27,1,80,389.82,0,4,0,97.8944014298944,0
2026-03-29,27,2,81,389.82,0,4,0,167.1752625690226,0
2026-03-29,27,3,77,389.82,0,4,0,195.22900909327748,0
2026-03-29,28,1,94,470.35,0,2,0,254.7642632658373,0
2026-03-29,28,2,85,470.35,0,2,0,165.60267188237077,0
2026-03-29,28,3,93,470.35,0,2,0,161.3549930011507,0
2026-03-29,29,1,84,448.47,0,4,0,241.56727927881744,0
2026-03-29,29,2,86,448.47,0,4,0,239.4641055292448,0
2026-03-29,29,3,94,448.47,0,4,0,235.99144335470658,0
2026-03-29,30,1,67,302.97,0,6,0,37.69323911041035,0
2026-03-29,30,2,64,302.97,0,6,0,159.3303863039602,0
2026-03-29,30,3,68,302.97,0,6,0,95.20508955141102,0
2026-03-29,31,1,82,461.72,0,16,0,139.88841995592952,0
2026-03-29,31,2,88,461.72,0,16,0,248.7001605040911,0
2026-03-29,31,3,92,461.72,0,16,0,190.73191667989727,0
2026-03-29,32,1,58,53.36,0,15,0,54.57609133373551,1
2026-03-29,32,2,50,53.36,0,15,0,55.007850200487916,0
2026-03-29,32,3,48,53.36,0,15,0,101.70561081943293,0
2026-03-29,33,1,53,106.03,0,4,0,148.6262020111692,0
2026-03-29,33,2,45,106.03,0,4,0,94.6859733483674,0
2026-03-29,33,3,54,106.03,0,4,0,67.49100266800701,0
2026-03-29,34,1,36,32.16,0,2,0,28.92197350069368,0
2026-03-29,34,2,49,32.16,0,2,0,146.06039889917966,0
2026-03-29,34,3,45,32.16,0,2,0,68.86330442212709,0
2026-03-29,35,1,50,169.41,0,6,0,97.74256802670709,0
2026-03-29,35,2,61,169.41,0,6,0,84.75257610060446,0
2026-03-29,35,3,55,169.41,0,6,0,63.134678475881785,0
2026-03-29,36,1,64,200.45,0,27,0,76.26660242954483,0
2026-03-29,36,2,59,200.45,0,27,0,36.915184482406275,0
2026-03-29,36,3,58,200.45,0,27,0,133.21727904551022,1
2026-03-29,37,1,56,142.96,0,24,0,81.27827637577683,0
2026-03-29,37,2,54,142.96,0,24,0,78.33794213472208,0
2026-03-29,37,3,54,142.96,0,24,0,96.78206431043874,0
2026-03-29,38,1,81,416.08,0,15,0,64.19216135698815,0
2026-03-29,38,2,82,416.08,0,15,0,189.56586073255252,0
2026-03-29,38,3,78,416.08,0,15,0,230.07549595089463,1
2026-03-29,39,1,56,184.81,0,8,0,81.40507760360063,0
2026-03-29,39,2,66,184.81,0,8,0,109.39387275148415,0
2026-03-29,39,3,61,184.81,0,8,0,170.94007130849195,0
2026-03-29,40,1,55,147.66,0,32,4,122.44314871191824,0
2026-03-29,40,2,57,147.66,0,28,0,100.28557721793536,0
2026-03-29,40,3,58,147.66,0,28,0,83.77462753791822,0
2026-03-29,41,1,74,275.92,0,10,0,75.35577437113383,0
2026-03-29,41,2,62,275.92,0,10,0,94.54733203649313,0
2026-03-29,41,3,64,275.92,0,10,0,191.3388959875681,0
2026-03-29,42,1,35,79.05,0,16,0,84.75190615852783,0
2026-03-29,42,2,55,79.05,0,16,0,106.92374089567558,1
2026-03-29,42,3,47,79.05,0,16,0,136.93432321060482,0
2026-03-29,43,1,83,403.08,0,16,0,95.5592898948116,0
2026-03-29,43,2,80,403.08,0,16,0,185.8295850962278,0
2026-03-29,43,3,86,403.08,0,16,0,69.83770714022616,0
2026-03-29,44,1,46,46.53,0,27,0,112.26626585991927,0
2026-03-29,44,2,49,46.53,0,27,0,36.8575921626452,0
2026-03-29,44,3,44,46.53,0,27,0,123.96662094817256,0
2026-03-29,45,1,90,493.57,0,11,0,260.53030763518314,0
2026-03-29,45,2,88,493.57,0,11,0,151.40913420235032,0
2026-03-29,45,3,91,493.57,0,11,0,209.81955068794102,0
2026-03-29,46,1,81,388.4,0,29,0,153.04200798929207,0
2026-03-29,46,2,76,388.4,0,38,9,163.26137490769565,0
2026-03-29,46,3,73,388.4,0,29,0,147.20583792062632,1
2026-03-29,47,1,42,107.37,0,18,4,26.824639283549054,0
2026-03-29,47,2,52,107.37,0,14,0,35.00521169114997,0
2026-03-29,47,3,52,107.37,0,22,8,102.58875781023345,0
2026-03-29,48,1,33,12.71,0,20,0,40.452311467397266,0
2026-03-29,48,2,42,12.71,0,20,0,89.86903986850986,0
2026-03-29,48,3,36,12.71,0,20,0,74.01877906036363,0
2026-03-29,49,1,73,409.58,0,8,0,52.028763251623516,0
2026-03-29,49,2,76,409.58,0,8,0,196.39590255998925,0
2026-03-29,49,3,75,409.58,0,8,0,195.42632525936202,0
2026-03-29,50,1,72,356.36,0,18,0,97.85839825793403,0
2026-03-29,50,2,72,356.36,0,18,0,44.67131593620097,0
2026-03-29,50,3,72,356.36,0,18,0,197.60332657327004,0
2026-03-30,1,1,82,394.74,0,4,0,111.59307083718959,0
2026-03-30,1,2,68,394.74,0,4,0,158.35693008543993,0
2026-03-30,1,3,63,394.74,0,4,0,174.29963390315095,0
2026-03-30,2,1,37,107.84,0,4,0,49.17417579421485,0
2026-03-30,2,2,40,107.84,0,4,0,107.45913605069673,0
2026-03-30,2,3,45,107.84,0,4,0,72.7065827185278,1
2026-03-30,3,1,67,261.97,0,4,2,55.309251741082086,0
2026-03-30,3,2,59,261.97,0,2,0,105.2480045746102,1
2026-03-30,3,3,55,261.97,0,2,0,114.31815723197714,0
2026-03-30,4,1,63,300.28,0,28,0,89.56673046351521,0
2026-03-30,4,2,64,300.28,0,28,0,168.1199354679341,0
2026-03-30,4,3,68,300.28,0,28,0,137.3981916654363,0
2026-03-30,5,1,38,32.76,0,6,0,108.47607177438641,0
2026-03-30,5,2,41,32.76,0,6,0,99.19329326470276,0
2026-03-30,5,3,70,32.76,1,6,0,42.87767493587781,0
2026-03-30,6,1,65,307.7,0,11,0,178.74735608922686,1
2026-03-30,6,2,70,307.7,0,11,0,135.08286008250542,0
2026-03-30,6,3,67,307.7,0,11,0,62.75975766722069,0
2026-03-30,7,1,87,93.56,1,8,0,175.381515801087,0
2026-03-30,7,2,44,93.56,0,8,0,99.02580111800224,0
2026-03-30,7,3,104,93.56,1,8,0,144.5425055273145,0
2026-03-30,8,1,34,41.88,0,27,0,85.00744608382423,0
2026-03-30,8,2,37,41.88,0,27,0,25.23092643497822,0
2026-03-30,8,3,46,41.88,0,27,0,76.48706482496894,0
2026-03-30,9,1,80,474.95,0,10,0,154.67029559806275,0
2026-03-30,9,2,82,474.95,0,10,0,151.46760608620494,0
2026-03-30,9,3,82,474.95,0,10,0,242.49907069839605,0
2026-03-30,10,1,72,483.16,0,29,0,54.15989353484407,0
2026-03-30,10,2,77,483.16,0,29,0,55.78552523906499,0
2026-03-30,10,3,89,483.16,0,29,0,124.63373481139394,1
2026-03-30,11,1,77,406.11,0,8,0,198.3343614939105,1
2026-03-30,11,2,75,406.11,0,8,0,128.67467426794335,0
2026-03-30,11,3,84,406.11,0,8,0,97.52756524147149,0
2026-03-30,12,1,45,159.26,0,10,0,70.24919639578572,0
2026-03-30,12,2,50,159.26,0,10,0,82.35221508223567,0
2026-03-30,12,3,44,159.26,0,10,0,89.02069035564094,0
2026-03-30,13,1,37,57.86,0,9,0,27.690059876749377,0
2026-03-30,13,2,36,57.86,0,9,0,79.91996590296577,0
2026-03-30,13,3,39,57.86,0,9,0,65.17985777491792,0
2026-03-30,14,1,71,345.27,0,13,0,174.1024145050887,0
2026-03-30,14,2,73,345.27,0,13,0,144.25233343012076,0
2026-03-30,14,3,71,345.27,0,13,0,174.7212740149081,0
2026-03-30,15,1,54,225.67,0,3,0,46.27320736924557,0
2026-03-30,15,2,52,225.67,0,6,3,44.82323795130997,0
2026-03-30,15,3,55,225.67,0,3,0,105.73917637853035,0
2026-03-30,16,1,42,69.8,0,2,0,102.53825981899973,0
2026-03-30,16,2,48,69.8,0,2,0,103.24959068757624,0
2026-03-30,16,3,34,69.8,0,2,0,44.82492036885098,0
2026-03-30,17,1,63,252.64,0,17,0,174.75136091005413,0
2026-03-30,17,2,60,252.64,0,17,0,34.81868971490218,0
2026-03-30,17,3,53,252.64,0,17,0,116.66079762528162,0
2026-03-30,18,1,31,26.85,0,24,0,44.83462257556291,0
2026-03-30,18,2,31,26.85,0,24,0,79.23494659521342,0
2026-03-30,18,3,30,26.85,0,24,0,57.10904231625592,0
2026-03-30,19,1,86,455.57,0,24,0,228.55114029034138,0
2026-03-30,19,2,80,455.57,0,24,0,102.64268570427872,0
2026-03-30,19,3,88,455.57,0,24,0,239.30193522072074,0
2026-03-30,20,1,54,136.8,0,25,0,124.65179569152926,0
2026-03-30,20,2,41,136.8,0,25,0,92.18228304981994,0
2026-03-30,20,3,45,136.8,0,25,0,66.85806350036296,0
2026-03-30,21,1,63,334.64,0,6,0,87.59376483492353,0
2026-03-30,21,2,74,334.64,0,6,0,119.86668507392181,0
2026-03-30,21,3,65,334.64,0,6,0,176.8251988916273,0
2026-03-30,22,1,44,162.74,0,4,0,107.13951781738871,0
2026-03-30,22,2,43,162.74,0,4,0,42.00638508922766,0
2026-03-30,22,3,46,162.74,0,4,0,74.99559194496479,1
2026-03-30,23,1,61,264.83,0,13,0,51.18038727010977,0
2026-03-30,23,2,58,264.83,0,13,0,144.7595268603303,0
2026-03-30,23,3,67,264.83,0,13,0,139.35776563903775,0
2026-03-30,24,1,54,277.89,0,9,0,132.57024284731062,0
2026-03-30,24,2,70,277.89,0,9,0,180.19482789947764,0
2026-03-30,24,3,64,277.89,0,9,0,110.72151753375749,0
2026-03-30,25,1,38,100.58,0,23,0,84.96387651447175,0
2026-03-30,25,2,46,100.58,0,23,0,96.49440771246059,0
2026-03-30,25,3,37,100.58,0,23,0,47.350135015221475,0
2026-03-30,26,1,101,485.1,0,36,8,121.80553786254252,0
2026-03-30,26,2,84,485.1,0,28,0,144.94859923043245,0
2026-03-30,26,3,83,485.1,0,28,0,104.17005630435294,0
2026-03-30,27,1,78,389.82,0,4,0,165.67840568201663,0
2026-03-30,27,2,80,389.82,0,4,0,209.21318654271744,0
2026-03-30,27,3,70,389.82,0,4,0,140.1195654043838,0
2026-03-30,28,1,96,470.35,0,2,0,164.88777339461024,0
2026-03-30,28,2,89,470.35,0,2,0,203.01183474169702,0
2026-03-30,28,3,82,470.35,0,2,0,98.95235008093618,0
2026-03-30,29,1,84,448.47,0,4,0,199.96955613132582,0
2026-03-30,29,2,81,448.47,0,4,0,235.1812561265212,0
2026-03-30,29,3,82,448.47,0,4,0,236.3962840473269,0
2026-03-30,30,1,63,302.97,0,6,0,95.61819643402778,0
2026-03-30,30,2,66,302.97,0,6,0,50.334818532078984,0
2026-03-30,30,3,58,302.97,0,6,0,68.11397024498046,0
2026-03-30,31,1,84,461.72,0,16,0,123.03502467202057,0
2026-03-30,31,2,76,461.72,0,24,8,176.6632047245372,1
2026-03-30,31,3,88,461.72,0,16,0,64.3654861711611,0
2026-03-30,32,1,49,53.36,0,15,0,129.53756895830816,0
2026-03-30,32,2,48,53.36,0,15,0,47.56318981402354,0
2026-03-30,32,3,33,53.36,0,15,0,40.586880097360904,0
2026-03-30,33,1,49,106.03,0,4,0,87.92468013747947,0
2026-03-30,33,2,44,106.03,0,4,0,39.45304660393754,0
2026-03-30,33,3,50,106.03,0,4,0,77.5061043434457,1
2026-03-30,34,1,44,32.16,0,2,0,77.55312491983867,0
2026-03-30,34,2,40,32.16,0,2,0,82.15288173584383,0
2026-03-30,34,3,36,32.16,0,2,0,96.50566882147305,0
2026-03-30,35,1,58,169.41,0,6,0,160.43450205039352,1
2026-03-30,35,2,51,169.41,0,6,0,76.27419495949232,0
2026-03-30,35,3,50,169.41,0,11,5,141.1747064446442,0
2026-03-30,36,1,50,200.45,0,27,0,115.03166192664393,0
2026-03-30,36,2,51,200.45,0,27,0,146.72712753624447,0
2026-03-30,36,3,47,200.45,0,27,0,44.447205707449996,0
2026-03-30,37,1,41,142.96,0,24,0,61.34834233175081,0
2026-03-30,37,2,50,142.96,0,24,0,127.09776985196011,0
2026-03-30,37,3,48,142.96,0,24,0,130.31873910014457,0
2026-03-30,38,1,73,416.08,0,15,0,54.13147774131603,0
2026-03-30,38,2,75,416.08,0,15,0,195.75126679264406,0
2026-03-30,38,3,75,416.08,0,15,0,129.70378240126263,0
2026-03-30,39,1,42,184.81,0,8,0,41.907823695168645,0
2026-03-30,39,2,49,184.81,0,8,0,83.35125405042817,0
2026-03-30,39,3,53,184.81,0,8,0,79.41560840630416,0
2026-03-30,40,1,46,147.66,0,28,0,87.93032652325459,0
2026-03-30,40,2,54,147.66,0,28,0,112.57980413095639,0
2026-03-30,40,3,53,147.66,0,28,0,155.5850558890341,0
2026-03-30,41,1,53,275.92,0,10,0,47.533424348172595,0
2026-03-30,41,2,62,275.92,0,10,0,87.08189306062873,0
2026-03-30,41,3,64,275.92,0,10,0,65.5166070916315,0
2026-03-30,42,1,51,79.05,0,16,0,144.52056392632267,0
2026-03-30,42,2,45,79.05,0,16,0,26.764278436839703,0
2026-03-30,42,3,47,79.05,0,16,0,69.25281470951089,0
2026-03-30,43,1,66,403.08,0,16,0,52.7304014779229,0
2026-03-30,43,2,71,403.08,0,16,0,63.25944874367625,0
2026-03-30,43,3,69,403.08,0,17,1,126.18974209845648,1
2026-03-30,44,1,39,46.53,0,27,0,20.422196779823928,0
2026-03-30,44,2,28,46.53,0,34,7,82.96618315505509,0
2026-03-30,44,3,37,46.53,0,27,0,43.668476197721404,0
2026-03-30,45,1,77,493.57,0,11,0,89.21333084992054,0
2026-03-30,45,2,85,493.57,0,11,0,86.06816314965002,0
2026-03-30,45,3,78,493.57,0,11,0,58.2956790275243,0
2026-03-30,46,1,153,388.4,1,29,0,167.37352486418527,0
2026-03-30,46,2,74,388.4,0,29,0,138.35965896451935,0
2026-03-30,46,3,72,388.4,0,29,0,60.44827316506766,0
2026-03-30,47,1,39,107.37,0,14,0,66.93495010613341,0
2026-03-30,47,2,40,107.37,0,14,0,117.29173649245915,0
2026-03-30,47,3,47,107.37,0,14,0,97.9442265138125,0
2026-03-30,48,1,30,12.71,0,20,0,47.9154093786786,1
2026-03-30,48,2,80,12.71,1,20,0,62.78531427673318,0
2026-03-30,48,3,37,12.71,0,20,0,28.252926432373805,0
2026-03-30,49,1,80,409.58,0,8,0,194.4270276188454,0
2026-03-30,49,2,73,409.58,0,17,9,143.60858574721706,0
2026-03-30,49,3,72,409.58,0,8,0,191.37357384443726,0
2026-03-30,50,1,71,356.36,0,18,0,167.77207835942826,0
2026-03-30,50,2,58,356.36,0,18,0,89.93455699582707,0
2026-03-30,50,3,75,356.36,0,18,0,223.48152881655426,0
2026-03-31,1,1,76,394.74,0,4,0,75.26187064711154,0
2026-03-31,1,2,69,394.74,0,4,0,89.6974650430144,0
2026-03-31,1,3,72,394.74,0,4,0,123.77225492865445,0
2026-03-31,2,1,51,107.84,0,4,0,100.93378456126929,0
2026-03-31,2,2,40,107.84,0,4,0,48.846189382469134,1
2026-03-31,2,3,45,107.84,0,4,0,70.25437192262537,0
2026-03-31,3,1,68,261.97,0,2,0,201.0479148250659,0
2026-03-31,3,2,50,261.97,0,2,0,66.92384096363124,0
2026-03-31,3,3,57,261.97,0,2,0,45.17966400276231,1
2026-03-31,4,1,69,300.28,0,28,0,179.25637711161858,0
2026-03-31,4,2,68,300.28,0,35,7,45.319203896584895,0
2026-03-31,4,3,54,300.28,0,28,0,51.30203957006079,0
2026-03-31,5,1,37,32.76,0,6,0,23.393633210221658,0
2026-03-31,5,2,35,32.76,0,6,0,46.586087884371324,1
2026-03-31,5,3,43,32.76,0,6,0,27.01792293398565,1
2026-03-31,6,1,66,307.7,0,11,0,93.90867501903614,0
2026-03-31,6,2,65,307.7,0,11,0,91.07034003247607,0
2026-03-31,6,3,62,307.7,0,11,0,61.22332705066891,0
2026-03-31,7,1,44,93.56,0,8,0,126.62601249643794,0
2026-03-31,7,2,41,93.56,0,8,0,65.24871402784437,0
2026-03-31,7,3,48,93.56,0,8,0,141.3407699248373,0
2026-03-31,8,1,40,41.88,0,31,4,101.7830738816207,0
2026-03-31,8,2,40,41.88,0,27,0,119.55099487822508,0
2026-03-31,8,3,45,41.88,0,27,0,86.39416470052514,0
2026-03-31,9,1,78,474.95,0,10,0,143.07253558354324,0
2026-03-31,9,2,158,474.95,1,10,0,369.4630410289236,0
2026-03-31,9,3,77,474.95,0,10,0,145.93862892672536,0
2026-03-31,10,1,81,483.16,0,29,0,65.58890573880795,0
2026-03-31,10,2,72,483.16,0,29,0,110.08719439868023,0
2026-03-31,10,3,84,483.16,0,29,0,57.68793436858847,0
2026-03-31,11,1,69,406.11,0,8,0,101.96422173400079,0
2026-03-31,11,2,153,406.11,1,8,0,382.35462585375046,0
2026-03-31,11,3,71,406.11,0,8,0,44.97065060987063,0
2026-03-31,12,1,58,159.26,0,10,0,40.82653910517488,0
2026-03-31,12,2,47,159.26,0,10,0,111.64964891122989,0
2026-03-31,12,3,44,159.26,0,10,0,106.01054573624961,0
2026-03-31,13,1,42,57.86,0,9,0,65.71686998845747,0
2026-03-31,13,2,40,57.86,0,9,0,42.74271555065765,0
2026-03-31,13,3,35,57.86,0,9,0,54.42497071639523,0
2026-03-31,14,1,59,345.27,0,13,0,35.02719194394425,0
2026-03-31,14,2,64,345.27,0,13,0,48.54052639095811,0
2026-03-31,14,3,63,345.27,0,13,0,68.11992718383411,0
2026-03-31,15,1,52,225.67,0,3,0,75.91011880445355,0
2026-03-31,15,2,50,225.67,0,3,0,114.7367398619814,0
2026-03-31,15,3,48,225.67,0,3,0,61.63918645943586,0
2026-03-31,16,1,37,69.8,0,2,0,46.2767182229816,0
2026-03-31,16,2,50,69.8,0,2,0,135.97881373799532,0
2026-03-31,16,3,38,69.8,0,2,0,50.19501979354946,0
2026-03-31,17,1,56,252.64,0,17,0,95.38496558507403,0
2026-03-31,17,2,60,252.64,0,17,0,141.18897619298306,0
2026-03-31,17,3,71,252.64,0,17,0,113.24066862866385,0
2026-03-31,18,1,33,26.85,0,24,0,66.05006564541738,0
2026-03-31,18,2,43,26.85,0,24,0,61.46347990600934,0
2026-03-31,18,3,27,26.85,0,24,0,33.65838970161278,0
2026-03-31,19,1,83,455.57,0,24,0,180.80300283390542,0
2026-03-31,19,2,81,455.57,0,24,0,225.25287356172487,0
2026-03-31,19,3,81,455.57,0,24,0,154.37645304421778,0
2026-03-31,20,1,48,136.8,0,25,0,135.5494458978631,1
2026-03-31,20,2,48,136.8,0,25,0,69.03624434414732,0
2026-03-31,20,3,44,136.8,0,25,0,127.79727262477475,0
2026-03-31,21,1,71,334.64,0,6,0,56.352074298988924,0
2026-03-31,21,2,67,334.64,0,6,0,153.65031960274592,0
2026-03-31,21,3,68,334.64,0,6,0,111.97079119676404,0
2026-03-31,22,1,48,162.74,0,4,0,131.15884775269905,0
2026-03-31,22,2,52,162.74,0,4,0,134.56515810543596,0
2026-03-31,22,3,46,162.74,0,4,0,123.41179932827943,1
2026-03-31,23,1,57,264.83,0,13,0,153.5636663109505,0
2026-03-31,23,2,67,264.83,0,13,0,141.29423139210593,0
2026-03-31,23,3,64,264.83,0,13,0,78.24955891295141,0
2026-03-31,24,1,61,277.89,0,9,0,136.50174121201306,0
2026-03-31,24,2,63,277.89,0,9,0,49.79162252080764,0
2026-03-31,24,3,69,277.89,0,9,0,71.38161928839381,0
2026-03-31,25,1,51,100.58,0,23,0,96.8871881510549,0
2026-03-31,25,2,45,100.58,0,23,0,116.95255059499762,1
2026-03-31,25,3,38,100.58,0,23,0,69.5160764150766,0
2026-03-31,26,1,77,485.1,0,28,0,228.16928081180242,0
2026-03-31,26,2,81,485.1,0,28,0,170.4431779248469,0
2026-03-31,26,3,80,485.1,0,28,0,199.93307111548322,0
2026-03-31,27,1,76,389.82,0,4,0,52.740387532524316,0
2026-03-31,27,2,75,389.82,0,4,0,98.38775788478196,0
2026-03-31,27,3,148,389.82,1,4,0,348.06387321217835,0
2026-03-31,28,1,79,470.35,0,2,0,111.79965457189937,0
2026-03-31,28,2,84,470.35,0,2,0,61.73241266191452,0
2026-03-31,28,3,72,470.35,0,2,0,179.9996860145228,0
2026-03-31,29,1,84,448.47,0,4,0,72.90704748610383,0
2026-03-31,29,2,87,448.47,0,4,0,103.24256841900748,0
2026-03-31,29,3,79,448.47,0,4,0,183.27156750912056,0
2026-03-31,30,1,67,302.97,0,6,0,169.94152959437838,0
2026-03-31,30,2,63,302.97,0,6,0,184.44675536391,0
2026-03-31,30,3,61,302.97,0,6,0,153.44493989776095,0
2026-03-31,31,1,83,461.72,0,16,0,50.011947897493144,0
2026-03-31,31,2,81,461.72,0,16,0,50.382717345886036,0
2026-03-31,31,3,85,461.72,0,16,0,121.21041840864277,0
2026-03-31,32,1,39,53.36,0,15,0,63.02723080767598,0
2026-03-31,32,2,34,53.36,0,15,0,21.494366129459493,0
2026-03-31,32,3,43,53.36,0,15,0,112.71231577798027,0
2026-03-31,33,1,44,106.03,0,4,0,99.61088723086196,0
2026-03-31,33,2,36,106.03,0,4,0,98.31854843157987,0
2026-03-31,33,3,46,106.03,0,4,0,29.90570254351263,0
2026-03-31,34,1,44,32.16,0,2,0,107.24402145701956,0
2026-03-31,34,2,29,32.16,0,2,0,74.50163061487451,0
2026-03-31,34,3,34,32.16,0,2,0,28.518178788997545,0
2026-03-31,35,1,56,169.41,0,6,0,106.03678177746455,0
2026-03-31,35,2,45,169.41,0,6,0,31.007147884347884,0
2026-03-31,35,3,52,169.41,0,6,0,27.667275078430556,0
2026-03-31,36,1,52,200.45,0,27,0,131.10812180945572,0
2026-03-31,36,2,58,200.45,0,27,0,142.51230640100107,0
2026-03-31,36,3,57,200.45,0,27,0,53.291767789613495,0
2026-03-31,37,1,56,142.96,0,24,0,92.10005564708818,0
2026-03-31,37,2,53,142.96,0,24,0,76.05285573348635,0
2026-03-31,37,3,43,142.96,0,24,0,112.71507311222184,0
2026-03-31,38,1,74,416.08,0,15,0,79.54822646331509,1
2026-03-31,38,2,75,416.08,0,15,0,220.97597126210243,0
2026-03-31,38,3,76,416.08,0,15,0,152.6984284041973,0
2026-03-31,39,1,51,184.81,0,8,0,152.2320855713086,0
2026-03-31,39,2,53,184.81,0,8,0,39.826308823392985,0
2026-03-31,39,3,47,184.81,0,8,0,39.37827503054972,0
2026-03-31,40,1,56,147.66,0,28,0,94.64610958194717,1
2026-03-31,40,2,46,147.66,0,28,0,31.544108263296067,0
2026-03-31,40,3,35,147.66,0,28,0,48.91125515824228,0
2026-03-31,41,1,55,275.92,0,10,0,64.00136178204825,0
2026-03-31,41,2,66,275.92,0,10,0,45.837389576504556,0
2026-03-31,41,3,74,275.92,0,10,0,156.86918406478662,0
2026-03-31,42,1,42,79.05,0,16,0,58.729087634607104,0
2026-03-31,42,2,39,79.05,0,16,0,71.92166807934109,0
2026-03-31,42,3,41,79.05,0,16,0,115.25838538959992,0
2026-03-31,43,1,69,403.08,0,16,0,123.94206090014356,0
2026-03-31,43,2,70,403.08,0,16,0,40.90892475368522,0
2026-03-31,43,3,75,403.08,0,16,0,65.51172730316239,0
2026-03-31,44,1,41,46.53,0,27,0,93.2575592205979,0
2026-03-31,44,2,41,46.53,0,27,0,98.18171137332244,0
2026-03-31,44,3,40,46.53,0,27,0,38.405611752304466,0
2026-03-31,45,1,84,493.57,0,11,0,115.23546368712182,0
2026-03-31,45,2,172,493.57,1,11,0,497.28836503773687,0
2026-03-31,45,3,84,493.57,0,11,0,236.79443688923567,0
2026-03-31,46,1,74,388.4,0,29,0,52.84568719130287,0
2026-03-31,46,2,74,388.4,0,29,0,115.07897761993733,0
2026-03-31,46,3,70,388.4,0,29,0,167.18051559538205,0
2026-03-31,47,1,49,107.37,0,14,0,35.6381738959326,0
2026-03-31,47,2,46,107.37,0,14,0,131.91071270604112,0
2026-03-31,47,3,49,107.37,0,14,0,52.33864947993725,0
2026-03-31,48,1,28,12.71,0,20,0,54.90256155291442,0
2026-03-31,48,2,40,12.71,0,23,3,98.10679552601918,0
2026-03-31,48,3,39,12.71,0,20,0,115.74849500505789,0
2026-03-31,49,1,78,409.58,0,8,0,42.10470374805353,0
2026-03-31,49,2,68,409.58,0,8,0,111.73937681084267,0
2026-03-31,49,3,76,409.58,0,8,0,38.309238336159495,0
2026-03-31,50,1,63,356.36,0,18,0,73.18678338404173,0
2026-03-31,50,2,66,356.36,0,18,0,85.96648318231584,0
2026-03-31,50,3,69,356.36,0,18,0,120.92350664531476,0
2026-04-01,1,1,73,394.74,0,4,0,105.17276171142473,0
2026-04-01,1,2,82,394.74,0,4,0,117.76885011747875,0
2026-04-01,1,3,68,394.74,0,4,0,125.97865542618722,0
2026-04-01,2,1,48,107.84,0,4,0,38.80090097776399,0
2026-04-01,2,2,50,107.84,0,4,0,77.56309245649643,0
2026-04-01,2,3,54,107.84,0,4,0,68.96640142418339,0
2026-04-01,3,1,51,261.97,0,2,0,106.8839508149711,0
2026-04-01,3,2,58,261.97,0,2,0,98.91533388085361,0
2026-04-01,3,3,65,261.97,0,2,0,102.9114329530376,0
2026-04-01,4,1,73,300.28,0,28,0,38.106958949001665,0
2026-04-01,4,2,61,300.28,0,28,0,105.90658103318233,0
2026-04-01,4,3,61,300.28,0,28,0,156.40242591935103,0
2026-04-01,5,1,38,32.76,0,6,0,22.167558855968625,0
2026-04-01,5,2,30,32.76,0,6,0,83.21880322826603,0
2026-04-01,5,3,34,32.76,0,6,0,23.333895434802095,0
2026-04-01,6,1,58,307.7,0,11,0,31.203546588244723,1
2026-04-01,6,2,76,307.7,0,11,0,65.72894880286553,0
2026-04-01,6,3,66,307.7,0,11,0,147.48509381450867,0
2026-04-01,7,1,44,93.56,0,8,0,49.842822121049245,0
2026-04-01,7,2,46,93.56,0,8,0,44.616216491372235,0
2026-04-01,7,3,48,93.56,0,8,0,56.73367475823632,0
2026-04-01,8,1,76,41.88,1,27,0,158.96593008125362,0
2026-04-01,8,2,40,41.88,0,27,0,34.88057612877508,0
2026-04-01,8,3,36,41.88,0,27,0,41.055198368346794,0
2026-04-01,9,1,76,474.95,0,10,0,110.74224410512136,0
2026-04-01,9,2,74,474.95,0,10,0,209.48506293659037,0
2026-04-01,9,3,79,474.95,0,10,0,134.78486643090883,0
2026-04-01,10,1,82,483.16,0,29,0,107.8332416045855,0
2026-04-01,10,2,85,483.16,0,29,0,127.70700420782283,0
2026-04-01,10,3,83,483.16,0,29,0,198.1061033803313,0
2026-04-01,11,1,74,406.11,0,8,0,123.6646268961079,1
2026-04-01,11,2,78,406.11,0,8,0,176.858266719982,0
2026-04-01,11,3,87,406.11,0,8,0,112.83373805355325,0
2026-04-01,12,1,42,159.26,0,10,0,54.67565767231682,1
2026-04-01,12,2,47,159.26,0,10,0,54.464439236184276,0
2026-04-01,12,3,46,159.26,0,10,0,78.7516274848585,0
2026-04-01,13,1,34,57.86,0,9,0,64.41006160090242,0
2026-04-01,13,2,41,57.86,0,9,0,24.109921696590376,0
2026-04-01,13,3,41,57.86,0,9,0,66.89348956963485,0
2026-04-01,14,1,65,345.27,0,13,0,156.52283360230066,0
2026-04-01,14,2,66,345.27,0,13,0,65.54592051190306,0
2026-04-01,14,3,74,345.27,0,13,0,55.34306874049175,0
2026-04-01,15,1,52,225.67,0,3,0,45.32077537918392,0
2026-04-01,15,2,57,225.67,0,3,0,168.182942787264,0
2026-04-01,15,3,52,225.67,0,3,0,116.3311081811172,0
2026-04-01,16,1,36,69.8,0,2,0,33.937960807658904,1
2026-04-01,16,2,46,69.8,0,2,0,99.78395265003425,0
2026-04-01,16,3,41,69.8,0,5,3,104.91002593359666,0
2026-04-01,17,1,58,252.64,0,17,0,167.66987795894326,0
2026-04-01,17,2,59,252.64,0,17,0,128.39141588481425,0
2026-04-01,17,3,58,252.64,0,17,0,113.79741998659354,0
2026-04-01,18,1,31,26.85,0,24,0,24.65941284249478,0
2026-04-01,18,2,31,26.85,0,24,0,47.12117895767536,0
2026-04-01,18,3,35,26.85,0,24,0,34.45567738115235,0
2026-04-01,19,1,76,455.57,0,24,0,209.78237709643568,0
2026-04-01,19,2,84,455.57,0,24,0,189.39755963526414,0
2026-04-01,19,3,98,455.57,0,24,0,221.5480436933528,0
2026-04-01,20,1,41,136.8,0,25,0,53.341334018782376,0
2026-04-01,20,2,44,136.8,0,25,0,127.22250262638303,0
2026-04-01,20,3,39,136.8,0,25,0,34.913240187515925,0
2026-04-01,21,1,133,334.64,1,6,0,331.6548078150413,1
2026-04-01,21,2,58,334.64,0,6,0,108.09490607926584,0
2026-04-01,21,3,72,334.64,0,6,0,119.36097863732198,0
2026-04-01,22,1,106,162.74,1,4,0,210.02513493823002,0
2026-04-01,22,2,48,162.74,0,4,0,115.67986421891109,0
2026-04-01,22,3,53,162.74,0,4,0,60.152797441424525,0
2026-04-01,23,1,58,264.83,0,13,0,94.67381811661858,0
2026-04-01,23,2,59,264.83,0,13,0,60.14972168616401,0
2026-04-01,23,3,61,264.83,0,13,0,135.70666275955352,0
2026-04-01,24,1,60,277.89,0,9,0,78.02952082247486,0
2026-04-01,24,2,49,277.89,0,9,0,48.931821926299605,0
2026-04-01,24,3,64,277.89,0,9,0,113.40114170733001,0
2026-04-01,25,1,42,100.58,0,30,7,93.32589208724337,0
2026-04-01,25,2,53,100.58,0,23,0,110.14008768557643,0
2026-04-01,25,3,48,100.58,0,23,0,126.42157185514759,0
2026-04-01,26,1,86,485.1,0,28,0,122.00563697105709,0
2026-04-01,26,2,90,485.1,0,28,0,114.10256692258913,0
2026-04-01,26,3,82,485.1,0,28,0,166.27775352821283,0
2026-04-01,27,1,62,389.82,0,4,0,180.2209387840847,0
2026-04-01,27,2,79,389.82,0,4,0,73.33106610046642,1
2026-04-01,27,3,72,389.82,0,4,0,146.72888205027033,0
2026-04-01,28,1,73,470.35,0,2,0,40.611450148163385,0
2026-04-01,28,2,85,470.35,0,2,0,222.12327147920604,0
2026-04-01,28,3,85,470.35,0,2,0,224.7008524389863,0
2026-04-01,29,1,79,448.47,0,4,0,102.28564808709775,0
2026-04-01,29,2,69,448.47,0,4,0,83.2523042163554,0
2026-04-01,29,3,86,448.47,0,4,0,185.18016397332306,1
2026-04-01,30,1,56,302.97,0,6,0,39.599057453610556,0
2026-04-01,30,2,75,302.97,0,6,0,66.4546521156248,0
2026-04-01,30,3,60,302.97,0,7,1,71.27513856328659,0
2026-04-01,31,1,83,461.72,0,16,0,183.7937766773786,0
2026-04-01,31,2,77,461.72,0,16,0,101.86698206689306,0
2026-04-01,31,3,84,461.72,0,16,0,156.58362485157147,0
2026-04-01,32,1,48,53.36,0,15,0,93.11160008143017,0
2026-04-01,32,2,46,53.36,0,15,0,33.490543140554486,0
2026-04-01,32,3,45,53.36,0,15,0,132.82568258803184,0
2026-04-01,33,1,46,106.03,0,9,5,43.48570874941698,0
2026-04-01,33,2,43,106.03,0,4,0,115.05901016224462,0
2026-04-01,33,3,40,106.03,0,4,0,58.151672551024944,0
2026-04-01,34,1,40,32.16,0,2,0,48.09743375156705,0
2026-04-01,34,2,28,32.16,0,2,0,30.742763477890133,0
2026-04-01,34,3,33,32.16,0,2,0,67.37390741792115,0
2026-04-01,35,1,49,169.41,0,6,0,61.26457880529221,0
2026-04-01,35,2,52,169.41,0,6,0,50.76185856355392,0
2026-04-01,35,3,48,169.41,0,6,0,55.42826204882715,0
2026-04-01,36,1,45,200.45,0,27,0,87.59279478883602,0
2026-04-01,36,2,51,200.45,0,27,0,117.93704087276116,0
2026-04-01,36,3,51,200.45,0,27,0,43.97420857321736,0
2026-04-01,37,1,49,142.96,0,32,8,48.125672219816565,0
2026-04-01,37,2,47,142.96,0,24,0,24.12829453630957,0
2026-04-01,37,3,54,142.96,0,24,0,78.31652808183122,0
2026-04-01,38,1,83,416.08,0,15,0,41.86265900947116,0
2026-04-01,38,2,73,416.08,0,15,0,84.87948751947606,0
2026-04-01,38,3,76,416.08,0,21,6,69.45261486270198,0
2026-04-01,39,1,59,184.81,0,8,0,61.26866770255953,0
2026-04-01,39,2,62,184.81,0,8,0,129.29354830221268,0
2026-04-01,39,3,48,184.81,0,8,0,122.77785303953013,0
2026-04-01,40,1,55,147.66,0,28,0,116.95270380468779,1
2026-04-01,40,2,45,147.66,0,28,0,48.82496592479523,0
2026-04-01,40,3,41,147.66,0,28,0,94.53391606547173,0
2026-04-01,41,1,60,275.92,0,10,0,161.93468478297746,0
2026-04-01,41,2,70,275.92,0,10,0,201.64399254519253,0
2026-04-01,41,3,57,275.92,0,10,0,71.95574589926925,1
2026-04-01,42,1,37,79.05,0,20,4,51.94274405548878,1
2026-04-01,42,2,45,79.05,0,16,0,99.54782203380857,0
2026-04-01,42,3,46,79.05,0,16,0,92.16845416790497,0
2026-04-01,43,1,78,403.08,0,16,0,167.70565990358216,0
2026-04-01,43,2,73,403.08,0,25,9,61.082940408685616,0
2026-04-01,43,3,79,403.08,0,16,0,144.5780208311554,0
2026-04-01,44,1,34,46.53,0,27,0,24.003733856233616,0
2026-04-01,44,2,40,46.53,0,27,0,101.5152595318406,0
2026-04-01,44,3,40,46.53,0,27,0,58.496285307322594,0
2026-04-01,45,1,90,493.57,0,11,0,231.6544111444254,0
2026-04-01,45,2,84,493.57,0,11,0,148.67540477470376,0
2026-04-01,45,3,84,493.57,0,11,0,189.99620234120698,0
2026-04-01,46,1,79,388.4,0,29,0,223.44917085183167,0
2026-04-01,46,2,73,388.4,0,29,0,181.8291131900908,0
2026-04-01,46,3,80,388.4,0,29,0,165.56000658635114,0
2026-04-01,47,1,43,107.37,0,14,0,72.38855154607326,0
2026-04-01,47,2,49,107.37,0,19,5,97.71143045108302,0
2026-04-01,47,3,50,107.37,0,14,0,41.164983396855945,0
2026-04-01,48,1,42,12.71,0,20,0,64.88477801688619,0
2026-04-01,48,2,46,12.71,0,20,0,64.95552164925898,0
2026-04-01,48,3,31,12.71,0,20,0,31.20242077636003,0
2026-04-01,49,1,76,409.58,0,8,0,133.4021414963116,0
2026-04-01,49,2,73,409.58,0,8,0,198.74681467499082,0
2026-04-01,49,3,81,409.58,0,8,0,73.41746131055281,0
2026-04-01,50,1,80,356.36,0,18,0,100.3899552867655,0
2026-04-01,50,2,64,356.36,0,18,0,63.280189868587826,0
2026-04-01,50,3,83,356.36,0,18,0,76.52590124336696,0
2026-04-02,1,1,74,394.74,0,4,0,149.6307898163094,1
2026-04-02,1,2,71,394.74,0,4,0,61.70348348790851,0
2026-04-02,1,3,77,394.74,0,4,0,129.3938788740842,0
2026-04-02,2,1,50,107.84,0,4,0,144.1488356769497,0
2026-04-02,2,2,46,107.84,0,4,0,123.5660047359614,0
2026-04-02,2,3,49,107.84,0,4,0,78.48676140494581,0
2026-04-02,3,1,63,261.97,0,2,0,75.39750468675886,0
2026-04-02,3,2,62,261.97,0,2,0,46.25329424195844,0
2026-04-02,3,3,62,261.97,0,2,0,134.6147686056241,0
2026-04-02,4,1,61,300.28,0,28,0,104.66112185575531,0
2026-04-02,4,2,62,300.28,0,28,0,102.01362224945791,0
2026-04-02,4,3,67,300.28,0,28,0,80.41554968058787,0
2026-04-02,5,1,39,32.76,0,11,5,38.32913309794953,0
2026-04-02,5,2,41,32.76,0,6,0,60.7514317012762,0
2026-04-02,5,3,30,32.76,0,6,0,61.71791895765751,0
2026-04-02,6,1,63,307.7,0,11,0,84.82594670493708,0
2026-04-02,6,2,70,307.7,0,11,0,149.9206656524927,0
2026-04-02,6,3,69,307.7,0,11,0,35.011384328503624,1
2026-04-02,7,1,37,93.56,0,8,0,74.65649244937441,0
2026-04-02,7,2,52,93.56,0,8,0,132.2169143101875,0
2026-04-02,7,3,44,93.56,0,8,0,85.94801446224785,0
2026-04-02,8,1,33,41.88,0,27,0,89.57315739396915,0
2026-04-02,8,2,33,41.88,0,27,0,63.306642868570755,0
2026-04-02,8,3,33,41.88,0,27,0,67.40042744146598,0
2026-04-02,9,1,75,474.95,0,10,0,119.24275832603831,0
2026-04-02,9,2,84,474.95,0,10,0,159.92913809166387,0
2026-04-02,9,3,88,474.95,0,10,0,236.94112029166922,0
2026-04-02,10,1,83,483.16,0,29,0,233.81159290566893,0
2026-04-02,10,2,80,483.16,0,31,2,43.7802765951607,0
2026-04-02,10,3,86,483.16,0,33,4,151.53676524206105,0
2026-04-02,11,1,82,406.11,0,8,0,69.46448716220489,1
2026-04-02,11,2,77,406.11,0,8,0,52.88710113111328,0
2026-04-02,11,3,70,406.11,0,8,0,96.8393329905041,0
2026-04-02,12,1,44,159.26,0,10,0,38.033895369834475,0
2026-04-02,12,2,45,159.26,0,10,0,104.63869494865192,0
2026-04-02,12,3,57,159.26,0,10,0,145.5850187158296,0
2026-04-02,13,1,35,57.86,0,9,0,21.58595867595323,0
2026-04-02,13,2,44,57.86,0,9,0,32.96006962087506,0
2026-04-02,13,3,36,57.86,0,9,0,29.813971601213904,0
2026-04-02,14,1,63,345.27,0,13,0,120.80798038108654,0
2026-04-02,14,2,65,345.27,0,13,0,40.928846149926535,1
2026-04-02,14,3,73,345.27,0,13,0,64.00539378247498,0
2026-04-02,15,1,52,225.67,0,3,0,142.98360162270188,0
2026-04-02,15,2,57,225.67,0,3,0,68.56719295705501,0
2026-04-02,15,3,56,225.67,0,3,0,116.09526420656604,0
2026-04-02,16,1,44,69.8,0,2,0,102.64955079678873,0
2026-04-02,16,2,41,69.8,0,2,0,109.73060758927096,0
2026-04-02,16,3,44,69.8,0,2,0,55.702524273341346,0
2026-04-02,17,1,66,252.64,0,17,0,148.96718143955644,0
2026-04-02,17,2,59,252.64,0,17,0,84.59300974728252,0
2026-04-02,17,3,56,252.64,0,17,0,76.86695120714461,0
2026-04-02,18,1,36,26.85,0,24,0,18.623281924426816,0
2026-04-02,18,2,32,26.85,0,24,0,24.60466884760319,0
2026-04-02,18,3,41,26.85,0,24,0,81.66100395667264,0
2026-04-02,19,1,79,455.57,0,24,0,201.75799928588262,0
2026-04-02,19,2,83,455.57,0,24,0,96.69717192013043,0
2026-04-02,19,3,79,455.57,0,24,0,99.6949517041956,0
2026-04-02,20,1,48,136.8,0,25,0,70.75376677840457,0
2026-04-02,20,2,49,136.8,0,25,0,107.64560160872229,0
2026-04-02,20,3,54,136.8,0,25,0,161.53436820648182,0
2026-04-02,21,1,66,334.64,0,6,0,89.86901838525456,0
2026-04-02,21,2,78,334.64,0,15,9,165.80147694364746,1
2026-04-02,21,3,63,334.64,0,6,0,178.35484437621693,0
2026-04-02,22,1,52,162.74,0,4,0,40.88985112935046,0
2026-04-02,22,2,56,162.74,0,4,0,154.24812420676295,0
2026-04-02,22,3,53,162.74,0,7,3,107.86302741000367,1
2026-04-02,23,1,62,264.83,0,13,0,110.64015932826985,0
2026-04-02,23,2,62,264.83,0,13,0,179.23660956971946,0
2026-04-02,23,3,56,264.83,0,13,0,93.06447666430707,0
2026-04-02,24,1,64,277.89,0,9,0,110.31126795246293,0
2026-04-02,24,2,55,277.89,0,9,0,133.1085500955004,0
2026-04-02,24,3,64,277.89,0,9,0,153.6167115052063,0
2026-04-02,25,1,41,100.58,0,23,0,49.4788884188352,0
2026-04-02,25,2,49,100.58,0,23,0,141.94325166177998,0
2026-04-02,25,3,39,100.58,0,23,0,57.54919989736304,0
2026-04-02,26,1,77,485.1,0,28,0,142.88396830488705,0
2026-04-02,26,2,82,485.1,0,28,0,116.87661388272832,0
2026-04-02,26,3,84,485.1,0,28,0,181.3191897499549,0
2026-04-02,27,1,80,389.82,0,4,0,143.9082342757644,0
2026-04-02,27,2,84,389.82,0,4,0,239.13756828837782,0
2026-04-02,27,3,68,389.82,0,4,0,156.4024724061777,0
2026-04-02,28,1,88,470.35,0,2,0,73.3852728729699,0
2026-04-02,28,2,80,470.35,0,2,0,178.67958970787342,0
2026-04-02,28,3,77,470.35,0,2,0,213.5966282703946,0
2026-04-02,29,1,77,448.47,0,4,0,172.49987742515822,0
2026-04-02,29,2,76,448.47,0,4,0,78.19107087754762,0
2026-04-02,29,3,83,448.47,0,4,0,42.05012530594644,0
2026-04-02,30,1,57,302.97,0,6,0,155.5014229868097,0
2026-04-02,30,2,65,302.97,0,6,0,184.09628906706075,1
2026-04-02,30,3,72,302.97,0,6,0,173.1473098952173,0
2026-04-02,31,1,83,461.72,0,16,0,242.74808749151413,0
2026-04-02,31,2,82,461.72,0,16,0,172.95390762251427,0
2026-04-02,31,3,75,461.72,0,16,0,175.3072341728413,0
2026-04-02,32,1,34,53.36,0,15,0,92.00461065449055,0
2026-04-02,32,2,45,53.36,0,15,0,58.71356092980668,0
2026-04-02,32,3,39,53.36,0,15,0,66.03047842384586,0
2026-04-02,33,1,49,106.03,0,4,0,101.83940707393111,0
2026-04-02,33,2,51,106.03,0,4,0,59.9105947899578,0
2026-04-02,33,3,43,106.03,0,4,0,37.64529075960842,0
2026-04-02,34,1,39,32.16,0,2,0,116.52221933913376,0
2026-04-02,34,2,37,32.16,0,2,0,51.94998639783806,0
2026-04-02,34,3,36,32.16,0,2,0,71.05318062610415,0
2026-04-02,35,1,52,169.41,0,6,0,47.36243381361721,0
2026-04-02,35,2,52,169.41,0,6,0,141.03862063947366,0
2026-04-02,35,3,46,169.41,0,6,0,67.32719409944647,0
2026-04-02,36,1,52,200.45,0,27,0,36.95248084082092,0
2026-04-02,36,2,50,200.45,0,27,0,132.6801306273798,0
2026-04-02,36,3,56,200.45,0,30,3,58.050000056849406,0
2026-04-02,37,1,44,142.96,0,24,0,126.90094135085023,0
2026-04-02,37,2,46,142.96,0,24,0,106.58496418905776,0
2026-04-02,37,3,52,142.96,0,24,0,147.61313114232414,0
2026-04-02,38,1,80,416.08,0,15,0,107.26180551488724,0
2026-04-02,38,2,81,416.08,0,15,0,229.9449746502396,0
2026-04-02,38,3,65,416.08,0,15,0,176.0827347025336,0
2026-04-02,39,1,59,184.81,0,8,0,98.86287546997247,0
2026-04-02,39,2,54,184.81,0,8,0,110.50180392961403,0
2026-04-02,39,3,51,184.81,0,8,0,29.39073306470955,0
2026-04-02,40,1,53,147.66,0,28,0,97.26634032885757,0
2026-04-02,40,2,45,147.66,0,28,0,105.9998545238778,0
2026-04-02,40,3,38,147.66,0,28,0,104.86959903995373,0
2026-04-02,41,1,61,275.92,0,10,0,93.57754631877232,0
2026-04-02,41,2,58,275.92,0,10,0,74.57125608340694,0
2026-04-02,41,3,59,275.92,0,10,0,47.736548396683425,0
2026-04-02,42,1,38,79.05,0,16,0,96.9342828411034,0
2026-04-02,42,2,43,79.05,0,16,0,27.506825578941548,0
2026-04-02,42,3,32,79.05,0,16,0,37.11257063764752,0
2026-04-02,43,1,77,403.08,0,16,0,222.52668994665078,0
2026-04-02,43,2,78,403.08,0,16,0,98.52950572453885,0
2026-04-02,43,3,69,403.08,0,16,0,104.80901705854485,0
2026-04-02,44,1,37,46.53,0,27,0,86.75429563190211,0
2026-04-02,44,2,43,46.53,0,27,0,22.174928273744,0
2026-04-02,44,3,44,46.53,0,27,0,78.13158726979563,0
2026-04-02,45,1,166,493.57,1,11,0,209.44391392407624,0
2026-04-02,45,2,82,493.57,0,11,0,189.99557971808633,0
2026-04-02,45,3,87,493.57,0,11,0,241.18714178681745,0
2026-04-02,46,1,75,388.4,0,29,0,86.51821279965749,0
2026-04-02,46,2,72,388.4,0,29,0,72.62513814616202,0
2026-04-02,46,3,74,388.4,0,29,0,40.52599893771357,0
2026-04-02,47,1,41,107.37,0,14,0,32.51184258867784,0
2026-04-02,47,2,50,107.37,0,14,0,87.95983080238766,0
2026-04-02,47,3,48,107.37,0,14,0,88.38396925363472,0
2026-04-02,48,1,39,12.71,0,20,0,32.84625991050125,0
2026-04-02,48,2,48,12.71,0,20,0,128.58177305437704,0
2026-04-02,48,3,44,12.71,0,20,0,128.59155782165487,0
2026-04-02,49,1,72,409.58,0,8,0,100.23643207278262,0
2026-04-02,49,2,83,409.58,0,8,0,236.75181036305443,0
2026-04-02,49,3,77,409.58,0,8,0,195.95089674494395,0
2026-04-02,50,1,74,356.36,0,18,0,131.46446239528555,0
2026-04-02,50,2,69,356.36,0,18,0,185.79632552930406,1
2026-04-02,50,3,72,356.36,0,18,0,58.352476102488765,0
2026-04-03,1,1,73,394.74,0,4,0,41.25053830867739,0
2026-04-03,1,2,77,394.74,0,4,0,65.68361085659913,0
2026-04-03,1,3,69,394.74,0,4,0,169.80207665024247,0
2026-04-03,2,1,48,107.84,0,4,0,73.06307337646365,0
2026-04-03,2,2,41,107.84,0,4,0,100.1848824685867,0
2026-04-03,2,3,56,107.84,0,4,0,147.50318460795967,0
2026-04-03,3,1,61,261.97,0,2,0,145.4147237640968,0
2026-04-03,3,2,62,261.97,0,2,0,49.86520152762729,0
2026-04-03,3,3,54,261.97,0,2,0,76.38724137603398,0
2026-04-03,4,1,64,300.28,0,28,0,151.86337063402792,0
2026-04-03,4,2,67,300.28,0,28,0,124.21009330195403,0
2026-04-03,4,3,71,300.28,0,28,0,149.53172853025058,0
2026-04-03,5,1,30,32.76,0,6,0,24.355553675104865,0
2026-04-03,5,2,35,32.76,0,6,0,77.25179385662726,0
2026-04-03,5,3,40,32.76,0,6,0,45.275967868270264,0
2026-04-03,6,1,71,307.7,0,11,0,39.58262807665708,0
2026-04-03,6,2,71,307.7,0,11,0,43.40905429239029,1
2026-04-03,6,3,64,307.7,0,11,0,69.77933365288206,0
2026-04-03,7,1,46,93.56,0,8,0,121.47579691091558,0
2026-04-03,7,2,36,93.56,0,8,0,99.43107784129816,0
2026-04-03,7,3,48,93.56,0,8,0,95.82705274449643,0
2026-04-03,8,1,40,41.88,0,27,0,92.37304458151871,0
2026-04-03,8,2,35,41.88,0,35,8,81.6512949545408,0
2026-04-03,8,3,54,41.88,0,27,0,57.521901058590224,0
2026-04-03,9,1,78,474.95,0,10,0,146.472993829608,0
2026-04-03,9,2,81,474.95,0,10,0,61.31427417357048,0
2026-04-03,9,3,78,474.95,0,10,0,142.597866711317,0
2026-04-03,10,1,88,483.16,0,29,0,181.9159638480577,0
2026-04-03,10,2,85,483.16,0,29,0,85.70411077180773,0
2026-04-03,10,3,88,483.16,0,29,0,102.8682254719094,0
2026-04-03,11,1,73,406.11,0,8,0,103.69537576486906,0
2026-04-03,11,2,77,406.11,0,13,5,229.37658041733823,0
2026-04-03,11,3,79,406.11,0,8,0,45.387584964742274,0
2026-04-03,12,1,56,159.26,0,10,0,115.30409934779848,0
2026-04-03,12,2,103,159.26,1,10,0,209.22576907831476,0
2026-04-03,12,3,52,159.26,0,10,0,142.93133115459148,0
2026-04-03,13,1,48,57.86,0,9,0,37.008654956693164,0
2026-04-03,13,2,30,57.86,0,9,0,64.31514775049259,0
2026-04-03,13,3,42,57.86,0,9,0,40.69741132824052,0
2026-04-03,14,1,67,345.27,0,13,0,133.6531602721753,0
2026-04-03,14,2,68,345.27,0,13,0,85.27713897702883,0
2026-04-03,14,3,79,345.27,0,13,0,154.1963467080663,0
2026-04-03,15,1,58,225.67,0,3,0,148.514439868407,0
2026-04-03,15,2,58,225.67,0,3,0,92.02934789175463,0
2026-04-03,15,3,64,225.67,0,3,0,80.57822312371867,0
2026-04-03,16,1,49,69.8,0,8,6,120.4139497492799,0
2026-04-03,16,2,39,69.8,0,2,0,25.033074447214062,0
2026-04-03,16,3,45,69.8,0,2,0,60.816533391332406,0
2026-04-03,17,1,46,252.64,0,17,0,76.63509061724595,0
2026-04-03,17,2,62,252.64,0,17,0,172.46357819398327,0
2026-04-03,17,3,53,252.64,0,17,0,57.594745360494336,0
2026-04-03,18,1,41,26.85,0,24,0,119.80283581159836,0
2026-04-03,18,2,45,26.85,0,24,0,27.862051074047805,0
2026-04-03,18,3,23,26.85,0,24,0,57.7324681157024,0
2026-04-03,19,1,77,455.57,0,24,0,151.49481521279856,0
2026-04-03,19,2,76,455.57,0,24,0,167.04298811639677,0
2026-04-03,19,3,82,455.57,0,24,0,188.54186992525962,0
2026-04-03,20,1,51,136.8,0,25,0,33.00433264786645,0
2026-04-03,20,2,42,136.8,0,25,0,57.75326902959974,0
2026-04-03,20,3,46,136.8,0,25,0,116.71388397029284,0
2026-04-03,21,1,73,334.64,0,6,0,47.00533675039439,0
2026-04-03,21,2,63,334.64,0,6,0,96.75021816177318,0
2026-04-03,21,3,69,334.64,0,6,0,88.83421902846844,0
2026-04-03,22,1,46,162.74,0,4,0,27.561093264095707,0
2026-04-03,22,2,45,162.74,0,4,0,30.192948515822827,0
2026-04-03,22,3,52,162.74,0,4,0,83.78485928173693,0
2026-04-03,23,1,63,264.83,0,13,0,82.5372891532956,0
2026-04-03,23,2,65,264.83,0,13,0,165.6409054018508,0
2026-04-03,23,3,69,264.83,0,13,0,41.832070017179156,0
2026-04-03,24,1,54,277.89,0,9,0,116.14141724021655,0
2026-04-03,24,2,60,277.89,0,9,0,151.51256747623108,0
2026-04-03,24,3,61,277.89,0,9,0,91.82115069682068,0
2026-04-03,25,1,42,100.58,0,27,4,110.7421220386006,0
2026-04-03,25,2,58,100.58,0,23,0,94.50121242555856,0
2026-04-03,25,3,44,100.58,0,23,0,114.25373920022189,0
2026-04-03,26,1,79,485.1,0,28,0,39.909107264118,0
2026-04-03,26,2,79,485.1,0,28,0,66.96377231705257,0
2026-04-03,26,3,86,485.1,0,28,0,138.85297071842749,1
2026-04-03,27,1,79,389.82,0,4,0,81.57247762288532,0
2026-04-03,27,2,78,389.82,0,4,0,143.3270816135396,0
2026-04-03,27,3,73,389.82,0,4,0,192.43338455357855,0
2026-04-03,28,1,67,470.35,0,2,0,138.16423387565055,0
2026-04-03,28,2,79,470.35,0,2,0,173.49750891484967,0
2026-04-03,28,3,76,470.35,0,2,0,194.42423288276927,0
2026-04-03,29,1,81,448.47,0,4,0,139.82961102189884,0
2026-04-03,29,2,78,448.47,0,4,0,211.3802024452882,0
2026-04-03,29,3,85,448.47,0,4,0,140.17500859338094,0
2026-04-03,30,1,65,302.97,0,6,0,124.07523144813798,0
2026-04-03,30,2,60,302.97,0,6,0,98.12001159222142,0
2026-04-03,30,3,56,302.97,0,6,0,159.93584313291,0
2026-04-03,31,1,86,461.72,0,16,0,58.38149775400925,0
2026-04-03,31,2,84,461.72,0,16,0,123.1113965539408,0
2026-04-03,31,3,86,461.72,0,16,0,221.20249278498738,0
2026-04-03,32,1,44,53.36,0,15,0,90.55236866237607,1
2026-04-03,32,2,40,53.36,0,15,0,38.1998096295385,0
2026-04-03,32,3,41,53.36,0,15,0,75.51948572035556,1
2026-04-03,33,1,48,106.03,0,4,0,41.383385412463205,0
2026-04-03,33,2,33,106.03,0,4,0,77.14927860092814,0
2026-04-03,33,3,48,106.03,0,4,0,30.340579213850745,0
2026-04-03,34,1,37,32.16,0,2,0,106.716533266766,0
2026-04-03,34,2,39,32.16,0,2,0,31.007697362962585,0
2026-04-03,34,3,42,32.16,0,2,0,45.17785695057297,0
2026-04-03,35,1,52,169.41,0,6,0,117.19861156217902,0
2026-04-03,35,2,53,169.41,0,6,0,42.671645555632466,0
2026-04-03,35,3,49,169.41,0,6,0,44.14932959572742,0
2026-04-03,36,1,57,200.45,0,27,0,102.64310045811764,0
2026-04-03,36,2,59,200.45,0,27,0,82.51471209233746,0
2026-04-03,36,3,57,200.45,0,27,0,118.29436973114143,0
2026-04-03,37,1,46,142.96,0,24,0,76.49412013183539,0
2026-04-03,37,2,45,142.96,0,24,0,22.89058961832872,0
2026-04-03,37,3,38,142.96,0,24,0,32.941923412827606,0
2026-04-03,38,1,82,416.08,0,15,0,132.50284631837175,0
2026-04-03,38,2,72,416.08,0,15,0,41.812831344579486,0
2026-04-03,38,3,73,416.08,0,15,0,139.58366793556186,0
2026-04-03,39,1,58,184.81,0,8,0,140.9457732200679,0
2026-04-03,39,2,51,184.81,0,8,0,64.72008619913552,0
2026-04-03,39,3,47,184.81,0,8,0,78.33110894345089,0
2026-04-03,40,1,55,147.66,0,28,0,75.27918862062654,0
2026-04-03,40,2,54,147.66,0,30,2,80.74399513390114,0
2026-04-03,40,3,48,147.66,0,28,0,30.86497417200944,0
2026-04-03,41,1,58,275.92,0,10,0,128.93012787793256,0
2026-04-03,41,2,119,275.92,1,10,0,237.8456050791476,0
2026-04-03,41,3,72,275.92,0,10,0,188.02414532402025,0
2026-04-03,42,1,44,79.05,0,16,0,65.8383098039452,0
2026-04-03,42,2,45,79.05,0,16,0,125.56937204482035,0
2026-04-03,42,3,37,79.05,0,16,0,54.95089682701302,0
2026-04-03,43,1,69,403.08,0,16,0,161.3053926967514,0
2026-04-03,43,2,73,403.08,0,16,0,113.02954182573828,0
2026-04-03,43,3,75,403.08,0,16,0,118.98688890609527,0
2026-04-03,44,1,45,46.53,0,27,0,119.92087936101197,0
2026-04-03,44,2,51,46.53,0,27,0,68.65133051906535,0
2026-04-03,44,3,46,46.53,0,27,0,37.95756663191147,0
2026-04-03,45,1,85,493.57,0,11,0,185.29169012719004,0
2026-04-03,45,2,87,493.57,0,11,0,106.04891635453191,0
2026-04-03,45,3,88,493.57,0,11,0,157.05626127564585,0
2026-04-03,46,1,74,388.4,0,29,0,39.496255600431375,0
2026-04-03,46,2,72,388.4,0,29,0,177.0853970197908,0
2026-04-03,46,3,65,388.4,0,29,0,88.35504286845193,0
2026-04-03,47,1,46,107.37,0,14,0,137.28934760009057,0
2026-04-03,47,2,37,107.37,0,14,0,45.65725868889754,0
2026-04-03,47,3,42,107.37,0,14,0,79.5606089504894,0
2026-04-03,48,1,28,12.71,0,20,0,56.736465842789805,0
2026-04-03,48,2,36,12.71,0,20,0,25.637310303254395,0
2026-04-03,48,3,31,12.71,0,20,0,54.16380528862585,0
2026-04-03,49,1,78,409.58,0,8,0,79.14287752290706,0
2026-04-03,49,2,84,409.58,0,8,0,82.5096275267095,0
2026-04-03,49,3,71,409.58,0,8,0,99.86046430929231,0
2026-04-03,50,1,68,356.36,0,20,2,136.85426812860726,0
2026-04-03,50,2,85,356.36,0,25,7,237.53600664621874,0
2026-04-03,50,3,69,356.36,0,18,0,97.73028861622326,0
2026-04-04,1,1,81,394.74,0,4,0,109.01281748242809,0
2026-04-04,1,2,87,394.74,0,4,0,212.4928929360606,0
2026-04-04,1,3,160,394.74,1,4,0,350.9438279737069,0
2026-04-04,2,1,50,107.84,0,4,0,106.15660146191246,0
2026-04-04,2,2,47,107.84,0,4,0,105.95923513843583,0
2026-04-04,2,3,54,107.84,0,5,1,69.10607707611258,0
2026-04-04,3,1,66,261.97,0,2,0,187.3626330547792,1
2026-04-04,3,2,138,261.97,1,2,0,233.30718856723956,0
2026-04-04,3,3,73,261.97,0,2,0,183.17641294874775,0
2026-04-04,4,1,69,300.28,0,28,0,182.17457598185885,0
2026-04-04,4,2,61,300.28,0,28,0,91.80266724339684,0
2026-04-04,4,3,79,300.28,0,28,0,44.75338695120491,0
2026-04-04,5,1,41,32.76,0,6,0,74.66944898251366,0
2026-04-04,5,2,47,32.76,0,6,0,37.0639371563752,0
2026-04-04,5,3,93,32.76,1,6,0,256.7967432000128,0
2026-04-04,6,1,70,307.7,0,11,0,166.12029801796695,0
2026-04-04,6,2,71,307.7,0,16,5,212.8457304609621,0
2026-04-04,6,3,65,307.7,0,11,0,129.05131192467599,0
2026-04-04,7,1,61,93.56,0,8,0,66.72462972330352,0
2026-04-04,7,2,44,93.56,0,8,0,125.84900442133595,0
2026-04-04,7,3,52,93.56,0,8,0,55.846650216033396,1
2026-04-04,8,1,32,41.88,0,27,0,84.6605797754849,0
2026-04-04,8,2,41,41.88,0,27,0,109.74537545421015,0
2026-04-04,8,3,35,41.88,0,27,0,28.05829146565262,0
2026-04-04,9,1,91,474.95,0,10,0,162.14824821160383,0
2026-04-04,9,2,87,474.95,0,10,0,109.20492280874768,0
2026-04-04,9,3,87,474.95,0,10,0,192.17600282666984,0
2026-04-04,10,1,85,483.16,0,29,0,58.90866254245991,0
2026-04-04,10,2,87,483.16,0,29,0,76.5541384839286,0
2026-04-04,10,3,84,483.16,0,29,0,188.10647540370684,0
2026-04-04,11,1,80,406.11,0,13,5,226.4237729409643,0
2026-04-04,11,2,87,406.11,0,8,0,91.57472135608998,0
2026-04-04,11,3,78,406.11,0,8,0,135.70261299188454,0
2026-04-04,12,1,57,159.26,0,10,0,96.30264882227947,0
2026-04-04,12,2,55,159.26,0,10,0,150.56950151785912,0
2026-04-04,12,3,58,159.26,0,10,0,155.12993041453942,0
2026-04-04,13,1,45,57.86,0,9,0,132.22864919511977,0
2026-04-04,13,2,46,57.86,0,9,0,28.3955643598825,0
2026-04-04,13,3,55,57.86,0,9,0,136.52248020238406,0
2026-04-04,14,1,76,345.27,0,13,0,60.3413861547256,0
2026-04-04,14,2,71,345.27,0,13,0,163.46893169097385,0
2026-04-04,14,3,71,345.27,0,13,0,80.57445460422466,1
2026-04-04,15,1,64,225.67,0,3,0,157.98438786732348,0
2026-04-04,15,2,62,225.67,0,3,0,89.28412967687818,0
2026-04-04,15,3,63,225.67,0,3,0,153.31530514612544,0
2026-04-04,16,1,49,69.8,0,2,0,105.04320625221662,0
2026-04-04,16,2,45,69.8,0,2,0,70.41584437500416,0
2026-04-04,16,3,52,69.8,0,2,0,68.8001036879747,0
2026-04-04,17,1,69,252.64,0,17,0,195.84273636713735,0
2026-04-04,17,2,57,252.64,0,17,0,91.25246856036316,0
2026-04-04,17,3,67,252.64,0,17,0,175.94576977481685,0
2026-04-04,18,1,49,26.85,0,24,0,83.5620778804053,0
2026-04-04,18,2,44,26.85,0,24,0,75.04874795346234,0
2026-04-04,18,3,35,26.85,0,24,0,18.60996754117685,0
2026-04-04,19,1,92,455.57,0,24,0,117.38341147606927,0
2026-04-04,19,2,160,455.57,1,24,0,434.57431746497497,0
2026-04-04,19,3,88,455.57,0,32,8,226.87504928545545,0
2026-04-04,20,1,47,136.8,0,25,0,35.46626322555206,0
2026-04-04,20,2,51,136.8,0,25,0,149.02894508950905,0
2026-04-04,20,3,58,136.8,0,25,0,108.01057733916055,0
2026-04-04,21,1,149,334.64,1,8,2,244.6718444862156,1
2026-04-04,21,2,75,334.64,0,6,0,190.5738527330486,0
2026-04-04,21,3,76,334.64,0,6,0,83.80256373542821,0
2026-04-04,22,1,58,162.74,0,4,0,66.35239628889431,0
2026-04-04,22,2,51,162.74,0,4,0,85.2109618713194,0
2026-04-04,22,3,53,162.74,0,11,7,52.36482306535511,0
2026-04-04,23,1,65,264.83,0,13,0,64.6042578738716,0
2026-04-04,23,2,66,264.83,0,13,0,145.70312443565254,0
2026-04-04,23,3,62,264.83,0,13,0,150.9968914910108,0
2026-04-04,24,1,63,277.89,0,18,9,38.76836832476046,0
2026-04-04,24,2,71,277.89,0,9,0,95.54914995068492,0
2026-04-04,24,3,74,277.89,0,9,0,89.13900142830315,0
2026-04-04,25,1,43,100.58,0,23,0,65.5632301971898,0
2026-04-04,25,2,49,100.58,0,28,5,127.495613571112,0
2026-04-04,25,3,39,100.58,0,23,0,88.8592461160492,1
2026-04-04,26,1,85,485.1,0,28,0,142.3181736820777,0
2026-04-04,26,2,86,485.1,0,28,0,63.78125424553161,0
2026-04-04,26,3,91,485.1,0,28,0,183.98223555945282,0
2026-04-04,27,1,76,389.82,0,4,0,130.60322985303833,0
2026-04-04,27,2,75,389.82,0,13,9,187.7380573889028,0
2026-04-04,27,3,83,389.82,0,4,0,192.0930880265433,0
2026-04-04,28,1,88,470.35,0,4,2,64.20543100509748,0
2026-04-04,28,2,90,470.35,0,2,0,200.11868219191493,0
2026-04-04,28,3,80,470.35,0,2,0,177.98085172080562,0
2026-04-04,29,1,82,448.47,0,4,0,170.1852000953969,0
2026-04-04,29,2,82,448.47,0,4,0,194.86902648518065,0
2026-04-04,29,3,86,448.47,0,4,0,218.58760042153946,0
2026-04-04,30,1,78,302.97,0,6,0,201.19736975492174,0
2026-04-04,30,2,72,302.97,0,6,0,41.56097779737111,0
2026-04-04,30,3,69,302.97,0,6,0,51.655683227986316,0
2026-04-04,31,1,88,461.72,0,16,0,251.67035661991792,0
2026-04-04,31,2,84,461.72,0,16,0,215.6791708751785,0
2026-04-04,31,3,86,461.72,0,16,0,127.50705042118501,0
2026-04-04,32,1,51,53.36,0,15,0,69.85413431909905,0
2026-04-04,32,2,40,53.36,0,15,0,111.49229974755626,0
2026-04-04,32,3,46,53.36,0,15,0,96.93587733895856,0
2026-04-04,33,1,56,106.03,0,4,0,103.19043161300986,0
2026-04-04,33,2,43,106.03,0,4,0,57.12258386899264,0
2026-04-04,33,3,56,106.03,0,4,0,88.76303578617217,0
2026-04-04,34,1,47,32.16,0,2,0,106.65086826276685,0
2026-04-04,34,2,41,32.16,0,2,0,78.2832608634592,0
2026-04-04,34,3,46,32.16,0,2,0,74.79066493582197,0
2026-04-04,35,1,59,169.41,0,6,0,107.30673312080692,0
2026-04-04,35,2,61,169.41,0,6,0,175.79825255095028,0
2026-04-04,35,3,58,169.41,0,6,0,149.29887555262533,0
2026-04-04,36,1,61,200.45,0,27,0,169.82213125012353,0
2026-04-04,36,2,59,200.45,0,31,4,166.62460070163112,1
2026-04-04,36,3,61,200.45,0,27,0,46.72289028807045,0
2026-04-04,37,1,57,142.96,0,24,0,154.75708926186942,0
2026-04-04,37,2,53,142.96,0,24,0,106.24197923529921,0
2026-04-04,37,3,58,142.96,0,24,0,75.47282906258286,1
2026-04-04,38,1,84,416.08,0,15,0,144.12843065921484,0
2026-04-04,38,2,80,416.08,0,15,0,143.21554300321407,0
2026-04-04,38,3,76,416.08,0,21,6,217.65686713802373,0
2026-04-04,39,1,58,184.81,0,8,0,76.89760895238422,1
2026-04-04,39,2,55,184.81,0,13,5,68.6357608763176,0
2026-04-04,39,3,56,184.81,0,8,0,119.39056511177199,0
2026-04-04,40,1,58,147.66,0,28,0,130.12985561797873,0
2026-04-04,40,2,57,147.66,0,28,0,36.482661543005555,0
2026-04-04,40,3,48,147.66,0,28,0,68.39074420487967,0
2026-04-04,41,1,63,275.92,0,10,0,171.61508447257307,0
2026-04-04,41,2,67,275.92,0,10,0,101.2522818849687,0
2026-04-04,41,3,66,275.92,0,10,0,66.22402820456647,1
2026-04-04,42,1,36,79.05,0,16,0,59.07346456719466,0
2026-04-04,42,2,51,79.05,0,16,0,140.04111371694836,0
2026-04-04,42,3,47,79.05,0,16,0,65.37453995343212,0
2026-04-04,43,1,78,403.08,0,16,0,72.08304928330165,0
2026-04-04,43,2,80,403.08,0,16,0,194.4933781415492,0
2026-04-04,43,3,70,403.08,0,16,0,184.82071209329348,0
2026-04-04,44,1,49,46.53,0,27,0,94.67418770494683,0
2026-04-04,44,2,47,46.53,0,27,0,129.3338843879897,0
2026-04-04,44,3,47,46.53,0,27,0,97.59764289739827,0
2026-04-04,45,1,99,493.57,0,11,0,153.87725386025008,0
2026-04-04,45,2,88,493.57,0,11,0,129.1161056431089,0
2026-04-04,45,3,91,493.57,0,11,0,129.75352934077404,0
2026-04-04,46,1,81,388.4,0,29,0,113.50471704956168,0
2026-04-04,46,2,82,388.4,0,29,0,166.7920961565955,0
2026-04-04,46,3,93,388.4,0,29,0,129.73869243293348,0
2026-04-04,47,1,58,107.37,0,14,0,33.7013914971175,0
2026-04-04,47,2,46,107.37,0,14,0,80.42115918963562,0
2026-04-04,47,3,54,107.37,0,14,0,117.93000264628999,0
2026-04-04,48,1,31,12.71,0,20,0,23.342335543671272,0
2026-04-04,48,2,67,12.71,1,20,0,44.35093489433583,0
2026-04-04,48,3,45,12.71,0,20,0,33.135492328404695,0
2026-04-04,49,1,83,409.58,0,8,0,42.2705461863173,0
2026-04-04,49,2,86,409.58,0,8,0,166.1515877664866,0
2026-04-04,49,3,86,409.58,0,8,0,51.331730481198406,0
2026-04-04,50,1,76,356.36,0,18,0,139.34423825346636,0
2026-04-04,50,2,78,356.36,0,18,0,172.0409101033772,0
2026-04-04,50,3,71,356.36,0,18,0,170.24686563284487,0
2026-04-05,1,1,82,394.74,0,4,0,114.38498122784463,0
2026-04-05,1,2,75,394.74,0,4,0,122.40956011703612,0
2026-04-05,1,3,158,394.74,1,4,0,243.47146539725406,0
2026-04-05,2,1,55,107.84,0,4,0,50.105828740371955,0
2026-04-05,2,2,56,107.84,0,4,0,76.69823400633746,0
2026-04-05,2,3,53,107.84,0,11,7,131.16715348943316,0
2026-04-05,3,1,64,261.97,0,2,0,179.73748352651634,0
2026-04-05,3,2,59,261.97,0,2,0,164.30886379487117,0
2026-04-05,3,3,72,261.97,0,2,0,74.0714378178419,0
2026-04-05,4,1,75,300.28,0,28,0,132.30403579658548,0
2026-04-05,4,2,141,300.28,1,28,0,413.7977165282068,0
2026-04-05,4,3,69,300.28,0,28,0,35.628576724394286,0
2026-04-05,5,1,44,32.76,0,6,0,67.93253550569938,0
2026-04-05,5,2,33,32.76,0,6,0,76.89256871862375,0
2026-04-05,5,3,46,32.76,0,6,0,122.81286997969751,0
2026-04-05,6,1,68,307.7,0,11,0,68.88034223250368,0
2026-04-05,6,2,76,307.7,0,11,0,91.63187664900414,0
2026-04-05,6,3,65,307.7,0,11,0,97.11774017523551,0
2026-04-05,7,1,44,93.56,0,8,0,52.78001030998715,0
2026-04-05,7,2,47,93.56,0,8,0,36.24217453136888,0
2026-04-05,7,3,52,93.56,0,8,0,97.80717073835842,0
2026-04-05,8,1,43,41.88,0,27,0,127.34098199769662,0
2026-04-05,8,2,45,41.88,0,27,0,50.75764027527059,0
2026-04-05,8,3,40,41.88,0,27,0,21.37493493305294,0
2026-04-05,9,1,87,474.95,0,10,0,235.4649599932917,0
2026-04-05,9,2,92,474.95,0,10,0,202.62222046537306,0
2026-04-05,9,3,85,474.95,0,10,0,196.80877959058162,0
2026-04-05,10,1,89,483.16,0,29,0,160.03902445541726,0
2026-04-05,10,2,83,483.16,0,29,0,74.32043098446555,0
2026-04-05,10,3,91,483.16,0,29,0,53.04462423933439,0
2026-04-05,11,1,81,406.11,0,8,0,235.96054124642208,0
2026-04-05,11,2,83,406.11,0,8,0,42.151532665566634,1
2026-04-05,11,3,87,406.11,0,8,0,217.60674769485848,0
2026-04-05,12,1,44,159.26,0,10,0,60.193703786164434,0
2026-04-05,12,2,52,159.26,0,10,0,108.34622156119268,0
2026-04-05,12,3,55,159.26,0,10,0,40.31619526121153,0
2026-04-05,13,1,43,57.86,0,9,0,93.24682558060177,0
2026-04-05,13,2,54,57.86,0,9,0,128.12168844450983,0
2026-04-05,13,3,38,57.86,0,9,0,22.16454915890734,0
2026-04-05,14,1,71,345.27,0,13,0,138.5497029394917,0
2026-04-05,14,2,78,345.27,0,13,0,131.04154987365723,0
2026-04-05,14,3,71,345.27,0,13,0,161.86408104873323,1
2026-04-05,15,1,63,225.67,0,3,0,79.39227086364862,0
2026-04-05,15,2,56,225.67,0,3,0,38.15557722502687,0
2026-04-05,15,3,72,225.67,0,3,0,181.75890760333712,0
2026-04-05,16,1,46,69.8,0,2,0,101.07729154939084,0
2026-04-05,16,2,53,69.8,0,2,0,153.48637157982313,0
2026-04-05,16,3,46,69.8,0,2,0,38.588741667570325,0
2026-04-05,17,1,65,252.64,0,17,0,145.77375757294703,0
2026-04-05,17,2,76,252.64,0,17,0,90.55978947123867,0
2026-04-05,17,3,63,252.64,0,17,0,126.87647166440584,0
2026-04-05,18,1,42,26.85,0,24,0,30.43067118816757,0
2026-04-05,18,2,41,26.85,0,24,0,112.13190629385703,0
2026-04-05,18,3,39,26.85,0,24,0,81.52726663540315,0
2026-04-05,19,1,83,455.57,0,24,0,62.413372036396076,0
2026-04-05,19,2,98,455.57,0,24,0,210.09037240373496,0
2026-04-05,19,3,88,455.57,0,24,0,226.16635678156857,0
2026-04-05,20,1,58,136.8,0,25,0,109.13193409655977,0
2026-04-05,20,2,54,136.8,0,25,0,99.71929574778159,0
2026-04-05,20,3,55,136.8,0,25,0,42.174521918790305,0
2026-04-05,21,1,70,334.64,0,6,0,48.40262428828201,0
2026-04-05,21,2,68,334.64,0,6,0,107.10259523519194,0
2026-04-05,21,3,75,334.64,0,6,0,46.34546717204608,0
2026-04-05,22,1,53,162.74,0,4,0,119.60696042094222,0
2026-04-05,22,2,54,162.74,0,4,0,149.0590617612137,0
2026-04-05,22,3,62,162.74,0,4,0,63.58727955845513,0
2026-04-05,23,1,63,264.83,0,13,0,72.19480121575216,0
2026-04-05,23,2,59,264.83,0,13,0,64.02118703386456,0
2026-04-05,23,3,70,264.83,0,13,0,74.02384410508792,0
2026-04-05,24,1,74,277.89,0,9,0,219.57976508816714,0
2026-04-05,24,2,70,277.89,0,15,6,200.85598549616054,0
2026-04-05,24,3,64,277.89,0,11,2,141.36786688782064,1
2026-04-05,25,1,49,100.58,0,23,0,103.19500890204824,0
2026-04-05,25,2,51,100.58,0,23,0,95.81002217392995,0
2026-04-05,25,3,47,100.58,0,23,0,135.90330987162505,0
2026-04-05,26,1,89,485.1,0,35,7,105.42706833060114,0
2026-04-05,26,2,89,485.1,0,28,0,117.81858661800068,0
2026-04-05,26,3,84,485.1,0,28,0,56.741325552639914,0
2026-04-05,27,1,87,389.82,0,4,0,96.3202883500753,0
2026-04-05,27,2,74,389.82,0,4,0,128.09312648188543,0
2026-04-05,27,3,77,389.82,0,4,0,108.45528431950375,0
2026-04-05,28,1,92,470.35,0,2,0,63.73000013674677,0
2026-04-05,28,2,92,470.35,0,2,0,211.5001971327769,0
2026-04-05,28,3,162,470.35,1,2,0,250.80765503577283,0
2026-04-05,29,1,76,448.47,0,4,0,125.2758609431977,0
2026-04-05,29,2,84,448.47,0,4,0,186.81830830386554,1
2026-04-05,29,3,80,448.47,0,4,0,154.29121611784038,0
2026-04-05,30,1,71,302.97,0,6,0,169.95028725050756,0
2026-04-05,30,2,64,302.97,0,6,0,105.49086390954474,0
2026-04-05,30,3,74,302.97,0,6,0,173.43277114627023,0
2026-04-05,31,1,95,461.72,0,16,0,56.272724192208074,1
2026-04-05,31,2,87,461.72,0,16,0,83.25548633760867,0
2026-04-05,31,3,75,461.72,0,16,0,204.95215621586277,0
2026-04-05,32,1,50,53.36,0,15,0,101.77679207128132,0
2026-04-05,32,2,47,53.36,0,15,0,133.79375089734003,0
2026-04-05,32,3,43,53.36,0,15,0,103.18953006676733,0
2026-04-05,33,1,60,106.03,0,4,0,124.27644002623711,0
2026-04-05,33,2,44,106.03,0,4,0,116.51618252466696,0
2026-04-05,33,3,43,106.03,0,4,0,82.14344485920557,0
2026-04-05,34,1,43,32.16,0,2,0,38.64268738886202,0
2026-04-05,34,2,55,32.16,0,2,0,50.099207559963915,0
2026-04-05,34,3,47,32.16,0,2,0,101.04780676080965,0
2026-04-05,35,1,62,169.41,0,6,0,100.64258323555413,0
2026-04-05,35,2,60,169.41,0,6,0,103.52560366776746,0
2026-04-05,35,3,59,169.41,0,6,0,168.9022798807482,0
2026-04-05,36,1,61,200.45,0,27,0,142.21833757100578,1
2026-04-05,36,2,57,200.45,0,27,0,162.3736679881795,0
2026-04-05,36,3,56,200.45,0,27,0,80.51147916328377,0
2026-04-05,37,1,53,142.96,0,24,0,104.2785727821175,0
2026-04-05,37,2,52,142.96,0,24,0,151.61154259028058,1
2026-04-05,37,3,59,142.96,0,32,8,43.83773597732113,0
2026-04-05,38,1,80,416.08,0,15,0,185.49240900301726,1
2026-04-05,38,2,86,416.08,0,15,0,124.92338787572747,0
2026-04-05,38,3,80,416.08,0,21,6,87.73139125414104,0
2026-04-05,39,1,62,184.81,0,8,0,139.06606986807992,0
2026-04-05,39,2,58,184.81,0,8,0,97.6362197075218,0
2026-04-05,39,3,58,184.81,0,8,0,52.4507739068389,0
2026-04-05,40,1,60,147.66,0,28,0,141.0074966962098,0
2026-04-05,40,2,54,147.66,0,28,0,161.6318503720833,0
2026-04-05,40,3,56,147.66,0,28,0,133.58241998363283,0
2026-04-05,41,1,124,275.92,1,10,0,118.99223384006133,1
2026-04-05,41,2,61,275.92,0,10,0,179.7301615700179,0
2026-04-05,41,3,67,275.92,0,10,0,54.34972226299807,1
2026-04-05,42,1,40,79.05,0,16,0,77.46940444675501,0
2026-04-05,42,2,48,79.05,0,16,0,107.63969518970089,0
2026-04-05,42,3,49,79.05,0,16,0,49.64124419450263,0
2026-04-05,43,1,81,403.08,0,16,0,82.58990906607609,0
2026-04-05,43,2,87,403.08,0,16,0,130.48030735187734,0
2026-04-05,43,3,77,403.08,0,16,0,105.48045425637505,0
2026-04-05,44,1,49,46.53,0,27,0,96.71214795557138,0
2026-04-05,44,2,42,46.53,0,27,0,115.99136378922938,0
2026-04-05,44,3,53,46.53,0,27,0,79.59354579860397,0
2026-04-05,45,1,92,493.57,0,11,0,213.37025947914717,0
2026-04-05,45,2,101,493.57,0,11,0,295.25797820480165,0
2026-04-05,45,3,97,493.57,0,11,0,165.73047309974237,0
2026-04-05,46,1,79,388.4,0,29,0,169.54940041524847,0
2026-04-05,46,2,81,388.4,0,29,0,187.44655154734258,0
2026-04-05,46,3,83,388.4,0,29,0,232.2189379373966,0
2026-04-05,47,1,60,107.37,0,14,0,141.81350968067844,0
2026-04-05,47,2,52,107.37,0,14,0,120.02381733413424,0
2026-04-05,47,3,53,107.37,0,14,0,62.75785613719759,0
2026-04-05,48,1,42,12.71,0,27,7,60.824616811865795,0
2026-04-05,48,2,39,12.71,0,20,0,46.855637236302556,0
2026-04-05,48,3,35,12.71,0,20,0,93.45907490858227,1
2026-04-05,49,1,79,409.58,0,8,0,44.035167454069764,0
2026-04-05,49,2,79,409.58,0,8,0,90.8488409270519,0
2026-04-05,49,3,79,409.58,0,8,0,109.51619174649298,0
2026-04-05,50,1,74,356.36,0,18,0,219.88811291765035,0
2026-04-05,50,2,70,356.36,0,18,0,61.41838273562566,0
2026-04-05,50,3,66,356.36,0,18,0,171.97423922729536,0
2026-04-06,1,1,79,394.74,0,4,0,112.93932199970801,0
2026-04-06,1,2,74,394.74,0,4,0,189.51528496343786,0
2026-04-06,1,3,81,394.74,0,4,0,210.42008683665784,0
2026-04-06,2,1,47,107.84,0,4,0,105.49542138079832,0
2026-04-06,2,2,47,107.84,0,4,0,42.48714532038683,0
2026-04-06,2,3,41,107.84,0,4,0,31.170959534302792,0
2026-04-06,3,1,54,261.97,0,2,0,104.57795537218517,0
2026-04-06,3,2,58,261.97,0,2,0,42.498616643874485,0
2026-04-06,3,3,58,261.97,0,2,0,139.20378811929507,0
2026-04-06,4,1,72,300.28,0,28,0,67.62080752976635,0
2026-04-06,4,2,58,300.28,0,28,0,99.8512539019947,0
2026-04-06,4,3,134,300.28,1,28,0,194.17870010511402,0
2026-04-06,5,1,35,32.76,0,6,0,55.33364983814488,0
2026-04-06,5,2,48,32.76,0,6,0,81.66451918811269,0
2026-04-06,5,3,30,32.76,0,6,0,74.34556235814435,0
2026-04-06,6,1,64,307.7,0,11,0,76.48809769477023,0
2026-04-06,6,2,62,307.7,0,11,0,144.98416682775976,0
2026-04-06,6,3,67,307.7,0,11,0,82.22898788941976,0
2026-04-06,7,1,48,93.56,0,8,0,53.80829757123115,0
2026-04-06,7,2,46,93.56,0,8,0,132.47402408261107,0
2026-04-06,7,3,52,93.56,0,12,4,69.82939194935946,0
2026-04-06,8,1,34,41.88,0,27,0,24.755029455207705,0
2026-04-06,8,2,46,41.88,0,27,0,45.785060486823895,1
2026-04-06,8,3,29,41.88,0,27,0,64.63668461984965,0
2026-04-06,9,1,85,474.95,0,10,0,242.9905001210355,0
2026-04-06,9,2,81,474.95,0,10,0,122.1905299457089,0
2026-04-06,9,3,93,474.95,0,17,7,130.23094269620273,0
2026-04-06,10,1,85,483.16,0,29,0,168.6258883876496,1
2026-04-06,10,2,73,483.16,0,29,0,167.3570936350763,0
2026-04-06,10,3,80,483.16,0,29,0,136.70182163349475,0
2026-04-06,11,1,79,406.11,0,10,2,133.9215942079759,0
2026-04-06,11,2,73,406.11,0,8,0,206.49599382865281,0
2026-04-06,11,3,64,406.11,0,8,0,185.25678994033564,0
2026-04-06,12,1,56,159.26,0,10,0,101.88508890176143,0
2026-04-06,12,2,48,159.26,0,10,0,59.48032500403864,0
2026-04-06,12,3,51,159.26,0,10,0,45.31504744849807,0
2026-04-06,13,1,36,57.86,0,9,0,76.91292264319485,0
2026-04-06,13,2,34,57.86,0,9,0,82.06400405158978,0
2026-04-06,13,3,32,57.86,0,9,0,68.65590342337283,0
2026-04-06,14,1,72,345.27,0,13,0,214.33320412718678,0
2026-04-06,14,2,69,345.27,0,13,0,106.82784120617131,1
2026-04-06,14,3,72,345.27,0,13,0,133.70633363384067,0
2026-04-06,15,1,61,225.67,0,3,0,82.44411212068748,0
2026-04-06,15,2,56,225.67,0,3,0,117.87727208595501,0
2026-04-06,15,3,52,225.67,0,3,0,143.4752608886199,0
2026-04-06,16,1,32,69.8,0,2,0,24.862360992927655,0
2026-04-06,16,2,40,69.8,0,2,0,113.9550083202573,0
2026-04-06,16,3,38,69.8,0,2,0,104.46654327950941,1
2026-04-06,17,1,53,252.64,0,17,0,146.5571065065713,0
2026-04-06,17,2,57,252.64,0,23,6,103.569954877154,0
2026-04-06,17,3,50,252.64,0,17,0,130.70373485850175,0
2026-04-06,18,1,34,26.85,0,24,0,71.73044432286207,0
2026-04-06,18,2,36,26.85,0,24,0,25.070642752486158,0
2026-04-06,18,3,36,26.85,0,24,0,49.73291944842161,0
2026-04-06,19,1,78,455.57,0,24,0,134.75932717855542,0
2026-04-06,19,2,80,455.57,0,24,0,170.96449797183686,0
2026-04-06,19,3,84,455.57,0,24,0,220.33186099260303,0
2026-04-06,20,1,93,136.8,1,25,0,135.49291505057434,1
2026-04-06,20,2,51,136.8,0,25,0,83.85874879993284,0
2026-04-06,20,3,45,136.8,0,25,0,34.92877860781032,0
2026-04-06,21,1,68,334.64,0,6,0,153.83894945496658,0
2026-04-06,21,2,67,334.64,0,6,0,74.25348832826315,0
2026-04-06,21,3,69,334.64,0,6,0,126.50695103179386,0
2026-04-06,22,1,53,162.74,0,4,0,131.83741438161863,0
2026-04-06,22,2,51,162.74,0,4,0,83.51004898855473,0
2026-04-06,22,3,49,162.74,0,4,0,131.00472049799436,0
2026-04-06,23,1,57,264.83,0,13,0,33.53194555532907,1
2026-04-06,23,2,64,264.83,0,13,0,143.41896840086594,0
2026-04-06,23,3,63,264.83,0,13,0,78.75460199517036,0
2026-04-06,24,1,66,277.89,0,9,0,105.75461868275605,0
2026-04-06,24,2,67,277.89,0,9,0,152.93769869724173,0
2026-04-06,24,3,65,277.89,0,9,0,108.12340788719924,0
2026-04-06,25,1,52,100.58,0,23,0,124.82018078577539,0
2026-04-06,25,2,42,100.58,0,23,0,38.736578373128665,1
2026-04-06,25,3,42,100.58,0,23,0,99.66563929989842,0
2026-04-06,26,1,80,485.1,0,28,0,67.02908918647687,0
2026-04-06,26,2,76,485.1,0,28,0,148.82052941082682,0
2026-04-06,26,3,84,485.1,0,28,0,187.67493875284293,0
2026-04-06,27,1,142,389.82,1,4,0,72.14975939274412,0
2026-04-06,27,2,76,389.82,0,4,0,120.22980218493946,0
2026-04-06,27,3,63,389.82,0,4,0,68.89679253901221,0
2026-04-06,28,1,89,470.35,0,2,0,45.93204069126388,0
2026-04-06,28,2,85,470.35,0,2,0,101.18599431906112,0
2026-04-06,28,3,84,470.35,0,2,0,149.16916370523725,0
2026-04-06,29,1,79,448.47,0,4,0,71.28912630284117,0
2026-04-06,29,2,77,448.47,0,4,0,40.6695699838907,0
2026-04-06,29,3,83,448.47,0,4,0,167.93252246258342,0
2026-04-06,30,1,65,302.97,0,6,0,88.97543730833951,0
2026-04-06,30,2,67,302.97,0,6,0,40.832301167760136,0
2026-04-06,30,3,65,302.97,0,6,0,66.95448407603062,0
2026-04-06,31,1,86,461.72,0,16,0,57.227861137706846,0
2026-04-06,31,2,83,461.72,0,16,0,56.78041604913413,1
2026-04-06,31,3,76,461.72,0,16,0,94.14711547985101,0
2026-04-06,32,1,41,53.36,0,15,0,34.3688117608503,0
2026-04-06,32,2,43,53.36,0,15,0,114.0427809588569,0
2026-04-06,32,3,35,53.36,0,15,0,32.59879297229464,0
2026-04-06,33,1,53,106.03,0,4,0,110.22862783613402,0
2026-04-06,33,2,57,106.03,0,4,0,76.52826347111876,0
2026-04-06,33,3,40,106.03,0,4,0,99.25072014256445,0
2026-04-06,34,1,28,32.16,0,2,0,77.804446533417,1
2026-04-06,34,2,36,32.16,0,2,0,59.37757765474184,1
2026-04-06,34,3,42,32.16,0,2,0,65.94854970054126,0
2026-04-06,35,1,48,169.41,0,6,0,106.1742788489268,0
2026-04-06,35,2,47,169.41,0,6,0,61.49821723504141,0
2026-04-06,35,3,50,169.41,0,9,3,61.35786006926668,0
2026-04-06,36,1,55,200.45,0,27,0,139.73625010920796,0
2026-04-06,36,2,60,200.45,0,27,0,37.56743504186208,0
2026-04-06,36,3,56,200.45,0,27,0,77.49561008377324,1
2026-04-06,37,1,47,142.96,0,24,0,72.4578465165412,0
2026-04-06,37,2,50,142.96,0,24,0,70.07104051799655,0
2026-04-06,37,3,45,142.96,0,24,0,46.3371511010608,0
2026-04-06,38,1,75,416.08,0,15,0,154.67764516426928,0
2026-04-06,38,2,77,416.08,0,15,0,95.2587139202694,0
2026-04-06,38,3,74,416.08,0,17,2,156.72255948205404,0
2026-04-06,39,1,54,184.81,0,8,0,117.03784489718781,0
2026-04-06,39,2,57,184.81,0,8,0,60.36524052089671,0
2026-04-06,39,3,54,184.81,0,8,0,32.5463293080795,0
2026-04-06,40,1,58,147.66,0,28,0,163.0790626326817,0
2026-04-06,40,2,48,147.66,0,28,0,55.84306352951456,0
2026-04-06,40,3,52,147.66,0,28,0,122.9637099076269,0
2026-04-06,41,1,59,275.92,0,10,0,61.647376141937464,0
2026-04-06,41,2,60,275.92,0,10,0,75.50451968023698,0
2026-04-06,41,3,56,275.92,0,10,0,129.087382053814,0
2026-04-06,42,1,43,79.05,0,16,0,31.68294499383631,0
2026-04-06,42,2,37,79.05,0,16,0,44.0896172504473,0
2026-04-06,42,3,43,79.05,0,16,0,94.79832704212926,0
2026-04-06,43,1,73,403.08,0,16,0,138.79464065996424,0
2026-04-06,43,2,81,403.08,0,16,0,184.9061709675528,0
2026-04-06,43,3,73,403.08,0,16,0,217.32650744438195,0
2026-04-06,44,1,39,46.53,0,27,0,81.37205539083628,0
2026-04-06,44,2,37,46.53,0,27,0,26.33945839160027,0
2026-04-06,44,3,35,46.53,0,27,0,45.72355716890273,0
2026-04-06,45,1,84,493.57,0,11,0,105.04748799152216,0
2026-04-06,45,2,87,493.57,0,11,0,114.94195176811091,0
2026-04-06,45,3,83,493.57,0,11,0,80.54616908535017,0
2026-04-06,46,1,72,388.4,0,38,9,139.40639283676592,0
2026-04-06,46,2,65,388.4,0,29,0,148.3365430193119,0
2026-04-06,46,3,76,388.4,0,29,0,121.32425403521134,0
2026-04-06,47,1,50,107.37,0,14,0,87.70227078480407,0
2026-04-06,47,2,46,107.37,0,14,0,48.10501086055869,0
2026-04-06,47,3,52,107.37,0,14,0,99.18075100409114,0
2026-04-06,48,1,37,12.71,0,20,0,60.67128637517345,1
2026-04-06,48,2,39,12.71,0,20,0,39.0256005567971,0
2026-04-06,48,3,37,12.71,0,20,0,91.02150479082552,0
2026-04-06,49,1,81,409.58,0,8,0,96.02763536874983,0
2026-04-06,49,2,79,409.58,0,17,9,100.49693821482188,0
2026-04-06,49,3,79,409.58,0,8,0,57.777908598684824,0
2026-04-06,50,1,58,356.36,0,18,0,154.79640599163906,0
2026-04-06,50,2,70,356.36,0,18,0,67.66965620301104,0
2026-04-06,50,3,79,356.36,0,18,0,89.62125597297029,0
2026-04-07,1,1,70,394.74,0,4,0,60.531964262865515,1
2026-04-07,1,2,69,394.74,0,12,8,167.72820327464706,0
2026-04-07,1,3,74,394.74,0,4,0,88.60768888777427,0
2026-04-07,2,1,41,107.84,0,4,0,88.37616569461355,1
2026-04-07,2,2,49,107.84,0,4,0,93.15158357895808,0
2026-04-07,2,3,38,107.84,0,4,0,72.8910573247504,0
2026-04-07,3,1,70,261.97,0,2,0,174.50173230469264,1
2026-04-07,3,2,60,261.97,0,2,0,139.53582204175012,0
2026-04-07,3,3,66,261.97,0,2,0,89.82283869751369,0
2026-04-07,4,1,71,300.28,0,36,8,67.09511018714934,0
2026-04-07,4,2,60,300.28,0,28,0,125.10126269296197,0
2026-04-07,4,3,66,300.28,0,28,0,137.8806933744079,1
2026-04-07,5,1,36,32.76,0,6,0,45.934547773882606,0
2026-04-07,5,2,42,32.76,0,6,0,43.61549631267208,0
2026-04-07,5,3,41,32.76,0,6,0,32.575027144845095,0
2026-04-07,6,1,67,307.7,0,11,0,78.63410221204654,0
2026-04-07,6,2,66,307.7,0,11,0,95.61103896908104,0
2026-04-07,6,3,60,307.7,0,11,0,49.65526752707966,0
2026-04-07,7,1,45,93.56,0,8,0,82.49279445390509,0
2026-04-07,7,2,42,93.56,0,8,0,116.24120486960778,0
2026-04-07,7,3,46,93.56,0,8,0,82.63966426600778,0
2026-04-07,8,1,43,41.88,0,27,0,25.441056769113256,0
2026-04-07,8,2,45,41.88,0,27,0,113.4216159818526,0
2026-04-07,8,3,45,41.88,0,27,0,29.56710890858261,0
2026-04-07,9,1,87,474.95,0,10,0,105.79683077439681,0
2026-04-07,9,2,86,474.95,0,10,0,217.62850977787087,0
2026-04-07,9,3,78,474.95,0,10,0,75.69299255491421,0
2026-04-07,10,1,77,483.16,0,29,0,79.02819106610153,0
2026-04-07,10,2,160,483.16,1,29,0,186.53259649770533,0
2026-04-07,10,3,71,483.16,0,29,0,111.16219281602122,0
2026-04-07,11,1,73,406.11,0,8,0,193.79099216746934,0
2026-04-07,11,2,67,406.11,0,8,0,186.6820428212826,0
2026-04-07,11,3,65,406.11,0,8,0,79.16453200400389,0
2026-04-07,12,1,57,159.26,0,10,0,72.95831967695811,0
2026-04-07,12,2,57,159.26,0,13,3,66.68371039391526,0
2026-04-07,12,3,54,159.26,0,10,0,149.31007899604685,0
2026-04-07,13,1,41,57.86,0,9,0,24.235975987822798,0
2026-04-07,13,2,35,57.86,0,9,0,94.30922350704677,0
2026-04-07,13,3,40,57.86,0,9,0,30.77028136209901,0
2026-04-07,14,1,66,345.27,0,19,6,172.0093461044325,0
2026-04-07,14,2,73,345.27,0,13,0,49.49779939289801,0
2026-04-07,14,3,70,345.27,0,13,0,72.71966730042539,0
2026-04-07,15,1,55,225.67,0,3,0,63.8939071724382,0
2026-04-07,15,2,56,225.67,0,3,0,66.03990989617591,0
2026-04-07,15,3,57,225.67,0,3,0,154.80641692604584,0
2026-04-07,16,1,43,69.8,0,2,0,45.136811802797325,0
2026-04-07,16,2,41,69.8,0,2,0,28.458661430948045,0
2026-04-07,16,3,47,69.8,0,2,0,42.9241401735564,0
2026-04-07,17,1,51,252.64,0,17,0,68.4950360923403,0
2026-04-07,17,2,57,252.64,0,17,0,87.35556324300732,0
2026-04-07,17,3,60,252.64,0,17,0,117.7098689490509,0
2026-04-07,18,1,34,26.85,0,24,0,68.07004015369222,0
2026-04-07,18,2,35,26.85,0,24,0,34.4658344562289,0
2026-04-07,18,3,34,26.85,0,24,0,47.67241708316193,0
2026-04-07,19,1,77,455.57,0,24,0,95.32768958131972,0
2026-04-07,19,2,78,455.57,0,24,0,71.624336120075,0
2026-04-07,19,3,88,455.57,0,24,0,120.164451463943,0
2026-04-07,20,1,53,136.8,0,25,0,109.45294021669433,0
2026-04-07,20,2,50,136.8,0,25,0,138.85368031006666,0
2026-04-07,20,3,46,136.8,0,25,0,130.94449009270022,0
2026-04-07,21,1,76,334.64,0,6,0,163.85845340281273,0
2026-04-07,21,2,69,334.64,0,6,0,130.1296023090006,0
2026-04-07,21,3,63,334.64,0,6,0,51.61928848397369,0
2026-04-07,22,1,58,162.74,0,4,0,133.5620216015576,0
2026-04-07,22,2,52,162.74,0,4,0,48.48361537022216,0
2026-04-07,22,3,42,162.74,0,4,0,92.54895438527916,0
2026-04-07,23,1,64,264.83,0,13,0,184.0340088692626,0
2026-04-07,23,2,69,264.83,0,13,0,194.02900134954362,1
2026-04-07,23,3,55,264.83,0,13,0,139.65395757851758,0
2026-04-07,24,1,60,277.89,0,9,0,131.27020551028556,0
2026-04-07,24,2,67,277.89,0,9,0,128.32302133072432,0
2026-04-07,24,3,60,277.89,0,9,0,170.27833509410573,0
2026-04-07,25,1,51,100.58,0,23,0,58.748385197909954,0
2026-04-07,25,2,43,100.58,0,23,0,104.91579455399041,1
2026-04-07,25,3,45,100.58,0,23,0,71.8809375995767,0
2026-04-07,26,1,84,485.1,0,28,0,219.82376426076493,0
2026-04-07,26,2,78,485.1,0,28,0,110.697977105913,0
2026-04-07,26,3,83,485.1,0,28,0,109.91485422250251,0
2026-04-07,27,1,68,389.82,0,4,0,80.33501326892008,0
2026-04-07,27,2,71,389.82,0,5,1,134.07437562061335,0
2026-04-07,27,3,77,389.82,0,4,0,190.8935583718922,0
2026-04-07,28,1,83,470.35,0,2,0,80.44709935075346,0
2026-04-07,28,2,81,470.35,0,2,0,54.46814855001409,0
2026-04-07,28,3,86,470.35,0,2,0,48.112579018111425,0
2026-04-07,29,1,83,448.47,0,4,0,79.36099094863505,0
2026-04-07,29,2,80,448.47,0,4,0,111.02311746968589,0
2026-04-07,29,3,77,448.47,0,4,0,143.64367256967662,0
2026-04-07,30,1,60,302.97,0,6,0,161.88663490975088,0
2026-04-07,30,2,62,302.97,0,6,0,123.0098809456855,0
2026-04-07,30,3,74,302.97,0,6,0,159.44568756362943,0
2026-04-07,31,1,85,461.72,0,16,0,50.49148055932664,0
2026-04-07,31,2,82,461.72,0,16,0,158.77638273399361,0
2026-04-07,31,3,78,461.72,0,16,0,210.04602874262508,0
2026-04-07,32,1,40,53.36,0,15,0,41.20206912472632,0
2026-04-07,32,2,40,53.36,0,15,0,74.89860186546781,0
2026-04-07,32,3,40,53.36,0,15,0,50.43118689057877,0
2026-04-07,33,1,46,106.03,0,4,0,55.2732547747488,0
2026-04-07,33,2,38,106.03,0,4,0,80.81385068788819,0
2026-04-07,33,3,55,106.03,0,4,0,73.32700517049076,0
2026-04-07,34,1,33,32.16,0,2,0,55.707186084314955,0
2026-04-07,34,2,28,32.16,0,2,0,76.26894461845141,0
2026-04-07,34,3,39,32.16,0,2,0,82.83937874593076,0
2026-04-07,35,1,39,169.41,0,6,0,115.03762355007791,0
2026-04-07,35,2,45,169.41,0,6,0,88.65349762187519,0
2026-04-07,35,3,62,169.41,0,6,0,62.30322595308682,0
2026-04-07,36,1,49,200.45,0,27,0,64.09792320032508,0
2026-04-07,36,2,52,200.45,0,27,0,93.95648600140629,0
2026-04-07,36,3,51,200.45,0,34,7,71.85438767831256,0
2026-04-07,37,1,51,142.96,0,24,0,50.082720344710786,0
2026-04-07,37,2,47,142.96,0,24,0,36.23449373139335,0
2026-04-07,37,3,57,142.96,0,24,0,128.91427696741226,0
2026-04-07,38,1,75,416.08,0,15,0,73.23137275634696,0
2026-04-07,38,2,76,416.08,0,15,0,196.58839341460882,0
2026-04-07,38,3,79,416.08,0,15,0,53.71333345819786,0
2026-04-07,39,1,47,184.81,0,8,0,85.97084285348825,0
2026-04-07,39,2,57,184.81,0,8,0,94.75101673279013,0
2026-04-07,39,3,56,184.81,0,8,0,94.9726866998859,0
2026-04-07,40,1,46,147.66,0,28,0,60.866228774266446,0
2026-04-07,40,2,59,147.66,0,28,0,100.87799991189941,0
2026-04-07,40,3,47,147.66,0,28,0,37.55652894337557,0
2026-04-07,41,1,71,275.92,0,10,0,73.58074049508032,1
2026-04-07,41,2,60,275.92,0,10,0,97.61068175462069,0
2026-04-07,41,3,54,275.92,0,10,0,49.112550106323,0
2026-04-07,42,1,42,79.05,0,16,0,97.79211636124312,0
2026-04-07,42,2,44,79.05,0,16,0,93.98145987445444,0
2026-04-07,42,3,44,79.05,0,16,0,95.77862129485712,0
2026-04-07,43,1,80,403.08,0,16,0,89.50902047782206,0
2026-04-07,43,2,158,403.08,1,16,0,139.70145791791165,0
2026-04-07,43,3,68,403.08,0,16,0,147.82078140424778,0
2026-04-07,44,1,33,46.53,0,36,9,81.17920753080593,0
2026-04-07,44,2,45,46.53,0,27,0,115.46956973045971,0
2026-04-07,44,3,49,46.53,0,27,0,92.25922260018376,0
2026-04-07,45,1,74,493.57,0,11,0,41.83082030682162,1
2026-04-07,45,2,76,493.57,0,11,0,163.44384993742963,0
2026-04-07,45,3,78,493.57,0,11,0,81.15041403516119,0
2026-04-07,46,1,78,388.4,0,29,0,202.66444453610262,0
2026-04-07,46,2,81,388.4,0,29,0,120.7394885296112,0
2026-04-07,46,3,76,388.4,0,29,0,179.25097654807604,0
2026-04-07,47,1,43,107.37,0,14,0,106.06185658440107,0
2026-04-07,47,2,47,107.37,0,14,0,65.72419011163694,0
2026-04-07,47,3,45,107.37,0,14,0,124.85248052336371,0
2026-04-07,48,1,29,12.71,0,20,0,75.90203651115192,0
2026-04-07,48,2,40,12.71,0,20,0,78.51158037900308,0
2026-04-07,48,3,34,12.71,0,20,0,74.41090074060662,0
2026-04-07,49,1,78,409.58,0,8,0,40.99265854801627,0
2026-04-07,49,2,77,409.58,0,8,0,217.45004682945012,1
2026-04-07,49,3,75,409.58,0,8,0,85.81669406245133,0
2026-04-07,50,1,78,356.36,0,18,0,177.59264314816437,0
2026-04-07,50,2,77,356.36,0,18,0,210.65901852269485,0
2026-04-07,50,3,64,356.36,0,18,0,115.59436894287,0
2026-04-08,1,1,68,394.74,0,4,0,77.30001130848761,0
2026-04-08,1,2,70,394.74,0,4,0,47.489120361245334,0
2026-04-08,1,3,77,394.74,0,4,0,206.07203523178848,0
2026-04-08,2,1,48,107.84,0,4,0,118.48588093952431,0
2026-04-08,2,2,39,107.84,0,4,0,56.04569460223762,0
2026-04-08,2,3,48,107.84,0,4,0,125.13601085392517,0
2026-04-08,3,1,63,261.97,0,2,0,52.351271523745574,0
2026-04-08,3,2,59,261.97,0,2,0,154.6300138772829,0
2026-04-08,3,3,63,261.97,0,2,0,62.914701543695166,0
2026-04-08,4,1,69,300.28,0,28,0,152.8115068180671,0
2026-04-08,4,2,68,300.28,0,28,0,153.6581006371575,0
2026-04-08,4,3,63,300.28,0,28,0,136.20250446656365,0
2026-04-08,5,1,35,32.76,0,6,0,102.79604051010699,0
2026-04-08,5,2,38,32.76,0,6,0,97.7096061696419,0
2026-04-08,5,3,39,32.76,0,6,0,29.74408004559996,0
2026-04-08,6,1,74,307.7,0,11,0,127.61357886832725,0
2026-04-08,6,2,55,307.7,0,11,0,47.59737058677376,0
2026-04-08,6,3,71,307.7,0,11,0,39.39649877291029,0
2026-04-08,7,1,42,93.56,0,8,0,107.58711187265109,0
2026-04-08,7,2,45,93.56,0,8,0,128.19192559952523,0
2026-04-08,7,3,42,93.56,0,8,0,123.79761110358533,0
2026-04-08,8,1,33,41.88,0,27,0,19.741055839757376,0
2026-04-08,8,2,44,41.88,0,27,0,105.78968942715805,0
2026-04-08,8,3,39,41.88,0,27,0,89.65192288040686,0
2026-04-08,9,1,76,474.95,0,10,0,226.41702599272656,0
2026-04-08,9,2,88,474.95,0,10,0,50.97011513805805,0
2026-04-08,9,3,77,474.95,0,10,0,71.33287773966737,0
2026-04-08,10,1,84,483.16,0,29,0,161.77851345175233,0
2026-04-08,10,2,91,483.16,0,29,0,107.99803857482961,0
2026-04-08,10,3,78,483.16,0,29,0,77.40899755731941,0
2026-04-08,11,1,72,406.11,0,8,0,109.42836248165617,0
2026-04-08,11,2,72,406.11,0,8,0,36.69012545641944,0
2026-04-08,11,3,82,406.11,0,8,0,159.97149436876646,0
2026-04-08,12,1,45,159.26,0,10,0,110.6896125177022,0
2026-04-08,12,2,49,159.26,0,10,0,36.07860568366666,0
2026-04-08,12,3,59,159.26,0,10,0,92.04983896965184,0
2026-04-08,13,1,38,57.86,0,9,0,31.828166520809845,0
2026-04-08,13,2,49,57.86,0,9,0,140.89265200501683,0
2026-04-08,13,3,39,57.86,0,9,0,80.14303483471355,0
2026-04-08,14,1,72,345.27,0,13,0,146.72154528543672,0
2026-04-08,14,2,77,345.27,0,13,0,224.938539925667,0
2026-04-08,14,3,68,345.27,0,13,0,137.20397899262662,0
2026-04-08,15,1,59,225.67,0,3,0,165.33520450386843,0
2026-04-08,15,2,53,225.67,0,3,0,129.1089824619769,0
2026-04-08,15,3,64,225.67,0,12,9,94.7031858034253,0
2026-04-08,16,1,41,69.8,0,2,0,54.67261808447554,0
2026-04-08,16,2,40,69.8,0,2,0,39.729605069098625,0
2026-04-08,16,3,37,69.8,0,2,0,50.08241315111578,0
2026-04-08,17,1,56,252.64,0,17,0,68.32184987302612,1
2026-04-08,17,2,64,252.64,0,17,0,78.80154493480372,0
2026-04-08,17,3,55,252.64,0,17,0,87.18732366066932,0
2026-04-08,18,1,37,26.85,0,26,2,31.936187079584933,0
2026-04-08,18,2,40,26.85,0,24,0,61.45574766939721,0
2026-04-08,18,3,35,26.85,0,24,0,46.96503843805402,0
2026-04-08,19,1,81,455.57,0,24,0,117.35073593138421,0
2026-04-08,19,2,75,455.57,0,24,0,51.97371747089339,0
2026-04-08,19,3,76,455.57,0,24,0,122.21306910169878,0
2026-04-08,20,1,48,136.8,0,25,0,69.41861093560586,1
2026-04-08,20,2,52,136.8,0,25,0,110.09639431498181,0
2026-04-08,20,3,41,136.8,0,25,0,98.20012294268378,0
2026-04-08,21,1,68,334.64,0,6,0,153.0810048774671,0
2026-04-08,21,2,73,334.64,0,6,0,168.85523824022897,0
2026-04-08,21,3,60,334.64,0,6,0,109.37757822225699,0
2026-04-08,22,1,54,162.74,0,4,0,111.44259677390367,0
2026-04-08,22,2,55,162.74,0,4,0,36.21819708790424,0
2026-04-08,22,3,47,162.74,0,4,0,139.5356337879801,0
2026-04-08,23,1,58,264.83,0,13,0,121.35271209007152,0
2026-04-08,23,2,55,264.83,0,13,0,43.6143942291711,0
2026-04-08,23,3,63,264.83,0,13,0,142.06461823233693,0
2026-04-08,24,1,68,277.89,0,16,7,161.54945200269822,0
2026-04-08,24,2,61,277.89,0,9,0,106.18464338415339,0
2026-04-08,24,3,57,277.89,0,9,0,62.81827608944471,0
2026-04-08,25,1,38,100.58,0,23,0,40.2159775672523,0
2026-04-08,25,2,38,100.58,0,23,0,80.69037359121405,0
2026-04-08,25,3,39,100.58,0,23,0,53.34837796491866,0
2026-04-08,26,1,87,485.1,0,28,0,159.5604304037101,0
2026-04-08,26,2,87,485.1,0,28,0,242.72733837497265,0
2026-04-08,26,3,84,485.1,0,28,0,42.08088165695099,0
2026-04-08,27,1,76,389.82,0,4,0,227.82967294063883,0
2026-04-08,27,2,78,389.82,0,4,0,123.89541390270553,0
2026-04-08,27,3,75,389.82,0,4,0,184.49478948083882,0
2026-04-08,28,1,85,470.35,0,2,0,111.86342383921829,0
2026-04-08,28,2,88,470.35,0,2,0,155.6828132892822,0
2026-04-08,28,3,90,470.35,0,2,0,194.03616286598415,0
2026-04-08,29,1,77,448.47,0,4,0,152.8387692038175,0
2026-04-08,29,2,84,448.47,0,4,0,130.9032106459121,0
2026-04-08,29,3,83,448.47,0,5,1,106.43747077115908,0
2026-04-08,30,1,62,302.97,0,6,0,150.41415506853164,0
2026-04-08,30,2,65,302.97,0,6,0,61.255747691850345,0
2026-04-08,30,3,67,302.97,0,6,0,145.18550335185978,0
2026-04-08,31,1,76,461.72,0,23,7,116.54531053047265,0
2026-04-08,31,2,83,461.72,0,16,0,116.45851427072267,1
2026-04-08,31,3,82,461.72,0,16,0,102.91494799660464,0
2026-04-08,32,1,35,53.36,0,15,0,50.56826260520165,0
2026-04-08,32,2,40,53.36,0,15,0,91.51537035253966,0
2026-04-08,32,3,37,53.36,0,15,0,106.92952910378219,0
2026-04-08,33,1,35,106.03,0,4,0,98.93659554706193,0
2026-04-08,33,2,35,106.03,0,4,0,21.922132137377737,0
2026-04-08,33,3,39,106.03,0,4,0,41.07738421692389,0
2026-04-08,34,1,32,32.16,0,2,0,34.57510875354835,0
2026-04-08,34,2,41,32.16,0,2,0,115.09445135237443,0
2026-04-08,34,3,35,32.16,0,2,0,36.49754085324094,0
2026-04-08,35,1,51,169.41,0,6,0,27.378720968313562,0
2026-04-08,35,2,47,169.41,0,6,0,140.8507338421951,1
2026-04-08,35,3,51,169.41,0,6,0,83.7360346456939,1
2026-04-08,36,1,61,200.45,0,27,0,151.08410495000845,0
2026-04-08,36,2,61,200.45,0,27,0,65.48941376846034,0
2026-04-08,36,3,51,200.45,0,27,0,61.32719618955862,0
2026-04-08,37,1,45,142.96,0,24,0,64.64856663084375,0
2026-04-08,37,2,52,142.96,0,24,0,85.49168843705449,0
2026-04-08,37,3,51,142.96,0,24,0,45.7910070807403,0
2026-04-08,38,1,80,416.08,0,15,0,90.18012368228283,0
2026-04-08,38,2,83,416.08,0,15,0,43.731967828187884,0
2026-04-08,38,3,147,416.08,1,15,0,382.3576126363248,0
2026-04-08,39,1,59,184.81,0,8,0,37.77707605156998,0
2026-04-08,39,2,54,184.81,0,8,0,57.517646036133364,0
2026-04-08,39,3,54,184.81,0,8,0,29.323280174106493,0
2026-04-08,40,1,50,147.66,0,29,1,48.828417289347215,0
2026-04-08,40,2,51,147.66,0,28,0,145.26387778756978,0
2026-04-08,40,3,47,147.66,0,28,0,107.44929417021645,1
2026-04-08,41,1,59,275.92,0,10,0,116.29046731886979,0
2026-04-08,41,2,62,275.92,0,10,0,153.66689520668604,1
2026-04-08,41,3,63,275.92,0,10,0,107.74843188584947,0
2026-04-08,42,1,47,79.05,0,16,0,34.133540814151814,0
2026-04-08,42,2,36,79.05,0,16,0,72.71338670454978,0
2026-04-08,42,3,43,79.05,0,16,0,31.244948970259664,1
2026-04-08,43,1,67,403.08,0,16,0,136.48590240863922,0
2026-04-08,43,2,70,403.08,0,16,0,181.31902041563518,0
2026-04-08,43,3,75,403.08,0,16,0,88.08246934554373,0
2026-04-08,44,1,46,46.53,0,27,0,104.0312492568302,0
2026-04-08,44,2,41,46.53,0,27,0,60.086785389431384,0
2026-04-08,44,3,36,46.53,0,27,0,56.6879500235645,0
2026-04-08,45,1,170,493.57,1,11,0,244.76882800710146,0
2026-04-08,45,2,83,493.57,0,11,0,172.9950288854756,0
2026-04-08,45,3,83,493.57,0,11,0,104.6791335010283,0
2026-04-08,46,1,76,388.4,0,29,0,169.2139140786996,0
2026-04-08,46,2,75,388.4,0,29,0,63.450449350264705,0
2026-04-08,46,3,71,388.4,0,29,0,147.81493535502375,0
2026-04-08,47,1,44,107.37,0,14,0,113.37745472049615,0
2026-04-08,47,2,45,107.37,0,14,0,131.38047030280586,0
2026-04-08,47,3,49,107.37,0,14,0,68.11882927350642,1
2026-04-08,48,1,31,12.71,0,20,0,38.00476056440597,0
2026-04-08,48,2,38,12.71,0,20,0,101.8540247473492,0
2026-04-08,48,3,38,12.71,0,20,0,83.44383498812925,0
2026-04-08,49,1,76,409.58,0,8,0,161.23821453743832,0
2026-04-08,49,2,72,409.58,0,8,0,199.5349436194718,0
2026-04-08,49,3,80,409.58,0,8,0,150.50520469322686,0
2026-04-08,50,1,77,356.36,0,18,0,69.18246545572562,0
2026-04-08,50,2,68,356.36,0,18,0,44.84295258376702,1
2026-04-08,50,3,73,356.36,0,18,0,75.46172545289632,0
2026-04-09,1,1,72,394.74,0,4,0,161.58770591501695,0
2026-04-09,1,2,77,394.74,0,4,0,161.5566203822321,0
2026-04-09,1,3,79,394.74,0,4,0,40.124966920292955,0
2026-04-09,2,1,44,107.84,0,4,0,119.19775871794796,0
2026-04-09,2,2,50,107.84,0,4,0,116.23863055751924,0
2026-04-09,2,3,48,107.84,0,4,0,25.29652092246336,0
2026-04-09,3,1,65,261.97,0,2,0,180.91110609905974,0
2026-04-09,3,2,58,261.97,0,2,0,76.85822990371429,0
2026-04-09,3,3,55,261.97,0,2,0,30.283339483387003,0
2026-04-09,4,1,70,300.28,0,28,0,145.87114406561972,0
2026-04-09,4,2,61,300.28,0,28,0,117.07355108177954,0
2026-04-09,4,3,64,300.28,0,28,0,149.77075016739025,0
2026-04-09,5,1,40,32.76,0,6,0,118.32076925182196,0
2026-04-09,5,2,47,32.76,0,6,0,111.72586222347033,0
2026-04-09,5,3,40,32.76,0,6,0,114.02481055819216,0
2026-04-09,6,1,63,307.7,0,11,0,62.14142669818746,0
2026-04-09,6,2,68,307.7,0,11,0,169.54611377008098,0
2026-04-09,6,3,54,307.7,0,11,0,35.88080987642665,0
2026-04-09,7,1,42,93.56,0,8,0,71.37011117309407,0
2026-04-09,7,2,47,93.56,0,8,0,54.64917107134988,0
2026-04-09,7,3,41,93.56,0,8,0,77.57903537374986,0
2026-04-09,8,1,37,41.88,0,27,0,63.26674250905864,0
2026-04-09,8,2,41,41.88,0,27,0,48.654201033771656,0
2026-04-09,8,3,27,41.88,0,27,0,18.078281156074,0
2026-04-09,9,1,80,474.95,0,10,0,134.7560361746139,0
2026-04-09,9,2,83,474.95,0,10,0,218.90502734618997,0
2026-04-09,9,3,80,474.95,0,10,0,169.16221207325924,0
2026-04-09,10,1,88,483.16,0,29,0,81.89745914903182,0
2026-04-09,10,2,86,483.16,0,29,0,77.87646079987192,0
2026-04-09,10,3,85,483.16,0,29,0,173.23593549680996,0
2026-04-09,11,1,77,406.11,0,10,2,74.69640657040775,0
2026-04-09,11,2,68,406.11,0,8,0,137.85768865974907,0
2026-04-09,11,3,74,406.11,0,8,0,90.66429491566652,0
2026-04-09,12,1,46,159.26,0,10,0,43.74500543162478,0
2026-04-09,12,2,48,159.26,0,10,0,63.58327324074254,0
2026-04-09,12,3,54,159.26,0,10,0,135.14334388015368,0
2026-04-09,13,1,37,57.86,0,9,0,110.16370946747519,0
2026-04-09,13,2,40,57.86,0,9,0,36.456867162191124,0
2026-04-09,13,3,29,57.86,0,9,0,84.35318491563574,0
2026-04-09,14,1,65,345.27,0,13,0,161.16064933590178,0
2026-04-09,14,2,63,345.27,0,13,0,109.77243418680878,0
2026-04-09,14,3,71,345.27,0,13,0,171.57037254354648,1
2026-04-09,15,1,63,225.67,0,3,0,177.48900764161593,0
2026-04-09,15,2,55,225.67,0,3,0,118.30165854162665,0
2026-04-09,15,3,53,225.67,0,3,0,62.602533733305826,0
2026-04-09,16,1,32,69.8,0,2,0,55.5945577600762,0
2026-04-09,16,2,43,69.8,0,2,0,70.98931390051779,0
2026-04-09,16,3,42,69.8,0,2,0,24.952605688504693,0
2026-04-09,17,1,59,252.64,0,17,0,61.86402438181838,0
2026-04-09,17,2,57,252.64,0,23,6,119.19316455657084,1
2026-04-09,17,3,59,252.64,0,17,0,62.42019772432006,1
2026-04-09,18,1,40,26.85,0,24,0,23.148963989635845,0
2026-04-09,18,2,33,26.85,0,24,0,16.59775307614845,0
2026-04-09,18,3,36,26.85,0,24,0,96.13887771538882,0
2026-04-09,19,1,79,455.57,0,24,0,215.84014495932277,0
2026-04-09,19,2,79,455.57,0,24,0,198.36906050999949,0
2026-04-09,19,3,80,455.57,0,24,0,155.67470963741408,0
2026-04-09,20,1,55,136.8,0,25,0,143.76361579387884,0
2026-04-09,20,2,52,136.8,0,25,0,108.08428856130824,0
2026-04-09,20,3,46,136.8,0,25,0,90.9126166700206,1
2026-04-09,21,1,69,334.64,0,6,0,79.35194191619406,0
2026-04-09,21,2,73,334.64,0,6,0,42.272212356489796,0
2026-04-09,21,3,69,334.64,0,6,0,67.1610921222346,0
2026-04-09,22,1,60,162.74,0,4,0,69.63964680315418,0
2026-04-09,22,2,60,162.74,0,4,0,120.72205400911645,0
2026-04-09,22,3,51,162.74,0,4,0,99.36414144770308,0
2026-04-09,23,1,67,264.83,0,13,0,48.90102747071194,0
2026-04-09,23,2,68,264.83,0,13,0,34.93344298275547,0
2026-04-09,23,3,69,264.83,0,13,0,178.19725061003084,0
2026-04-09,24,1,58,277.89,0,9,0,80.21444923530115,0
2026-04-09,24,2,63,277.89,0,9,0,127.72661564212514,0
2026-04-09,24,3,57,277.89,0,9,0,56.23445981902435,0
2026-04-09,25,1,45,100.58,0,23,0,128.62808806890905,1
2026-04-09,25,2,47,100.58,0,23,0,138.54140040346067,0
2026-04-09,25,3,39,100.58,0,23,0,20.974786236357925,0
2026-04-09,26,1,70,485.1,0,28,0,82.10735239164225,0
2026-04-09,26,2,83,485.1,0,28,0,232.91280316065456,0
2026-04-09,26,3,82,485.1,0,28,0,111.56258877835599,0
2026-04-09,27,1,66,389.82,0,4,0,78.62998920617665,0
2026-04-09,27,2,78,389.82,0,4,0,205.92940685849885,0
2026-04-09,27,3,67,389.82,0,4,0,153.70376140106188,0
2026-04-09,28,1,86,470.35,0,2,0,190.3075158066244,0
2026-04-09,28,2,87,470.35,0,2,0,200.87296877418203,0
2026-04-09,28,3,87,470.35,0,2,0,220.09714198316013,0
2026-04-09,29,1,87,448.47,0,4,0,160.42688739855777,0
2026-04-09,29,2,78,448.47,0,4,0,187.43709914244994,0
2026-04-09,29,3,76,448.47,0,4,0,205.8716873914591,0
2026-04-09,30,1,65,302.97,0,6,0,164.62043055681025,0
2026-04-09,30,2,68,302.97,0,6,0,70.17427869627802,0
2026-04-09,30,3,69,302.97,0,6,0,126.34373453726327,0
2026-04-09,31,1,98,461.72,0,20,4,197.99818745310915,0
2026-04-09,31,2,83,461.72,0,16,0,193.14992906900656,0
2026-04-09,31,3,98,461.72,0,16,0,54.69571289348794,0
2026-04-09,32,1,41,53.36,0,15,0,60.46582920045955,0
2026-04-09,32,2,42,53.36,0,15,0,110.16392543186991,0
2026-04-09,32,3,41,53.36,0,15,0,63.88542534622024,0
2026-04-09,33,1,55,106.03,0,4,0,112.56600384557954,0
2026-04-09,33,2,39,106.03,0,4,0,115.91154756483172,0
2026-04-09,33,3,40,106.03,0,4,0,88.44113253817596,0
2026-04-09,34,1,34,32.16,0,2,0,51.12714486864814,0
2026-04-09,34,2,33,32.16,0,2,0,75.92240900968442,0
2026-04-09,34,3,41,32.16,0,2,0,73.27339596396753,0
2026-04-09,35,1,57,169.41,0,6,0,38.26657066009137,0
2026-04-09,35,2,56,169.41,0,6,0,85.76776997266077,0
2026-04-09,35,3,44,169.41,0,6,0,69.25875928876326,0
2026-04-09,36,1,58,200.45,0,27,0,113.07767368393155,0
2026-04-09,36,2,52,200.45,0,27,0,135.67854220130866,0
2026-04-09,36,3,60,200.45,0,27,0,168.84340914110052,0
2026-04-09,37,1,51,142.96,0,24,0,34.3950932917398,0
2026-04-09,37,2,54,142.96,0,24,0,161.60631311827365,0
2026-04-09,37,3,56,142.96,0,24,0,90.51903226068217,0
2026-04-09,38,1,67,416.08,0,15,0,122.63244333372845,0
2026-04-09,38,2,82,416.08,0,15,0,67.33742467411894,0
2026-04-09,38,3,71,416.08,0,16,1,174.5690960300392,0
2026-04-09,39,1,51,184.81,0,8,0,150.4435008439221,0
2026-04-09,39,2,48,184.81,0,8,0,118.82602461221845,1
2026-04-09,39,3,57,184.81,0,8,0,89.16706945050649,0
2026-04-09,40,1,48,147.66,0,28,0,91.33563651819213,0
2026-04-09,40,2,51,147.66,0,28,0,130.42319606377933,0
2026-04-09,40,3,51,147.66,0,28,0,143.1074032868509,0
2026-04-09,41,1,69,275.92,0,10,0,85.26815586685217,0
2026-04-09,41,2,57,275.92,0,10,0,108.60992339477194,0
2026-04-09,41,3,69,275.92,0,10,0,168.67356692004816,0
2026-04-09,42,1,43,79.05,0,16,0,31.30471293537538,0
2026-04-09,42,2,51,79.05,0,16,0,28.45573330559357,0
2026-04-09,42,3,40,79.05,0,16,0,62.497509366493176,0
2026-04-09,43,1,79,403.08,0,16,0,100.57569670094509,0
2026-04-09,43,2,68,403.08,0,17,1,66.73329765129496,0
2026-04-09,43,3,76,403.08,0,16,0,106.35937244451335,0
2026-04-09,44,1,36,46.53,0,27,0,59.19183565751726,0
2026-04-09,44,2,43,46.53,0,27,0,56.476259789045564,0
2026-04-09,44,3,39,46.53,0,27,0,46.42509941261909,0
2026-04-09,45,1,82,493.57,0,11,0,233.45805503357394,0
2026-04-09,45,2,90,493.57,0,11,0,61.63247393590022,0
2026-04-09,45,3,78,493.57,0,11,0,39.433317135642426,0
2026-04-09,46,1,77,388.4,0,29,0,59.526645984986665,0
2026-04-09,46,2,76,388.4,0,29,0,116.86990893814317,0
2026-04-09,46,3,78,388.4,0,29,0,213.30201296078894,0
2026-04-09,47,1,48,107.37,0,14,0,84.13646416168282,0
2026-04-09,47,2,49,107.37,0,14,0,34.515943572640346,0
2026-04-09,47,3,41,107.37,0,14,0,69.60052676988538,0
2026-04-09,48,1,36,12.71,0,20,0,48.93443215329437,0
2026-04-09,48,2,33,12.71,0,20,0,82.72482943606236,1
2026-04-09,48,3,39,12.71,0,20,0,93.91475572139846,0
2026-04-09,49,1,73,409.58,0,8,0,44.40258528137086,0
2026-04-09,49,2,75,409.58,0,8,0,113.15676496739312,0
2026-04-09,49,3,82,409.58,0,8,0,101.52393713386657,0
2026-04-09,50,1,67,356.36,0,18,0,110.65704865579747,0
2026-04-09,50,2,70,356.36,0,24,6,105.63665549837036,0
2026-04-09,50,3,70,356.36,0,18,0,118.68237359873925,0
2026-04-10,1,1,73,394.74,0,4,0,122.93967735302077,0
2026-04-10,1,2,79,394.74,0,4,0,143.8964720965195,0
2026-04-10,1,3,65,394.74,0,4,0,182.02504758351043,0
2026-04-10,2,1,88,107.84,1,4,0,104.41267009044344,0
2026-04-10,2,2,43,107.84,0,9,5,58.13110253164214,0
2026-04-10,2,3,37,107.84,0,4,0,102.34711233908448,0
2026-04-10,3,1,49,261.97,0,2,0,65.23408817571391,0
2026-04-10,3,2,59,261.97,0,2,0,32.37380581521254,0
2026-04-10,3,3,52,261.97,0,2,0,77.38149920451873,0
2026-04-10,4,1,62,300.28,0,28,0,106.30566548307702,0
2026-04-10,4,2,62,300.28,0,28,0,172.23092792065268,0
2026-04-10,4,3,67,300.28,0,28,0,84.79628269703365,0
2026-04-10,5,1,35,32.76,0,6,0,20.225415269051027,0
2026-04-10,5,2,38,32.76,0,6,0,65.02151601607231,0
2026-04-10,5,3,36,32.76,0,6,0,106.64021534179668,0
2026-04-10,6,1,69,307.7,0,11,0,107.78216272603329,0
2026-04-10,6,2,64,307.7,0,11,0,112.80421364819122,0
2026-04-10,6,3,69,307.7,0,11,0,124.62857075699623,0
2026-04-10,7,1,38,93.56,0,8,0,94.7214480911875,0
2026-04-10,7,2,44,93.56,0,8,0,104.21767267896504,0
2026-04-10,7,3,48,93.56,0,8,0,61.02578696819683,0
2026-04-10,8,1,35,41.88,0,27,0,67.96587457561222,0
2026-04-10,8,2,47,41.88,0,27,0,66.36613254890159,0
2026-04-10,8,3,36,41.88,0,27,0,38.193695609518855,0
2026-04-10,9,1,87,474.95,0,10,0,82.48809717225228,0
2026-04-10,9,2,81,474.95,0,10,0,72.89414810941642,0
2026-04-10,9,3,78,474.95,0,10,0,136.68731776825433,0
2026-04-10,10,1,78,483.16,0,29,0,166.6587651265851,0
2026-04-10,10,2,84,483.16,0,29,0,248.33191159588125,0
2026-04-10,10,3,80,483.16,0,29,0,122.0607137050763,0
2026-04-10,11,1,72,406.11,0,8,0,177.8781890588443,0
2026-04-10,11,2,73,406.11,0,8,0,201.0483964743575,0
2026-04-10,11,3,78,406.11,0,8,0,137.47255921276644,0
2026-04-10,12,1,48,159.26,0,10,0,27.109351528639078,0
2026-04-10,12,2,52,159.26,0,10,0,113.14125310142457,0
2026-04-10,12,3,50,159.26,0,10,0,58.236391019509725,0
2026-04-10,13,1,38,57.86,0,9,0,101.18613226621939,0
2026-04-10,13,2,41,57.86,0,9,0,33.8474184716831,0
2026-04-10,13,3,37,57.86,0,9,0,102.896319481426,0
2026-04-10,14,1,72,345.27,0,13,0,92.34616023797506,0
2026-04-10,14,2,58,345.27,0,13,0,163.73233530391772,0
2026-04-10,14,3,79,345.27,0,18,5,212.02441232191043,0
2026-04-10,15,1,57,225.67,0,3,0,119.21204024236751,0
2026-04-10,15,2,65,225.67,0,3,0,166.6562285090132,0
2026-04-10,15,3,56,225.67,0,3,0,127.91624074186382,0
2026-04-10,16,1,42,69.8,0,2,0,84.01929370185151,0
2026-04-10,16,2,42,69.8,0,2,0,77.6585569430691,0
2026-04-10,16,3,43,69.8,0,2,0,88.01596086123405,0
2026-04-10,17,1,54,252.64,0,17,0,54.91542335494471,0
2026-04-10,17,2,55,252.64,0,17,0,46.902084431442525,0
2026-04-10,17,3,58,252.64,0,17,0,120.66776748632427,0
2026-04-10,18,1,32,26.85,0,24,0,95.93875844025456,0
2026-04-10,18,2,35,26.85,0,24,0,46.64696363293829,0
2026-04-10,18,3,26,26.85,0,24,0,55.37185682169641,0
2026-04-10,19,1,81,455.57,0,24,0,208.79445327365806,0
2026-04-10,19,2,90,455.57,0,24,0,214.5582540086001,0
2026-04-10,19,3,83,455.57,0,24,0,220.54007109118822,0
2026-04-10,20,1,53,136.8,0,25,0,155.20159902774427,0
2026-04-10,20,2,56,136.8,0,25,0,95.749030406602,0
2026-04-10,20,3,53,136.8,0,25,0,36.553031573881086,0
2026-04-10,21,1,68,334.64,0,6,0,114.2344333152484,0
2026-04-10,21,2,73,334.64,0,6,0,185.43409449261674,0
2026-04-10,21,3,64,334.64,0,6,0,54.40713317928627,0
2026-04-10,22,1,50,162.74,0,12,8,121.36419274568708,0
2026-04-10,22,2,48,162.74,0,4,0,58.256758747449275,0
2026-04-10,22,3,48,162.74,0,4,0,74.73427977781421,0
2026-04-10,23,1,53,264.83,0,13,0,83.58042575945245,0
2026-04-10,23,2,60,264.83,0,13,0,156.1986049559528,0
2026-04-10,23,3,68,264.83,0,13,0,139.42114420860807,0
2026-04-10,24,1,66,277.89,0,9,0,50.82376868328149,0
2026-04-10,24,2,62,277.89,0,9,0,110.23077279942841,0
2026-04-10,24,3,61,277.89,0,9,0,64.18018177370139,0
2026-04-10,25,1,41,100.58,0,23,0,73.45087312947592,0
2026-04-10,25,2,40,100.58,0,31,8,119.64502305410143,0
2026-04-10,25,3,45,100.58,0,23,0,112.41903224092049,1
2026-04-10,26,1,76,485.1,0,28,0,124.55621783690631,1
2026-04-10,26,2,83,485.1,0,28,0,56.275936548248964,0
2026-04-10,26,3,89,485.1,0,28,0,126.32807736314862,0
2026-04-10,27,1,69,389.82,0,4,0,195.29501605543297,0
2026-04-10,27,2,82,389.82,0,4,0,64.36772929056339,0
2026-04-10,27,3,72,389.82,0,4,0,124.09029627893192,0
2026-04-10,28,1,76,470.35,0,2,0,136.94508912237833,0
2026-04-10,28,2,85,470.35,0,2,0,101.63901138641943,0
2026-04-10,28,3,77,470.35,0,2,0,80.99632001467789,0
2026-04-10,29,1,75,448.47,0,4,0,51.25523680781139,0
2026-04-10,29,2,79,448.47,0,4,0,205.88731498916133,0
2026-04-10,29,3,83,448.47,0,4,0,64.99722023099037,0
2026-04-10,30,1,73,302.97,0,6,0,74.90363486385071,0
2026-04-10,30,2,68,302.97,0,15,9,80.05046738480227,0
2026-04-10,30,3,61,302.97,0,6,0,165.8707640441069,0
2026-04-10,31,1,74,461.72,0,16,0,58.19532252457235,0
2026-04-10,31,2,84,461.72,0,16,0,49.70330291509338,0
2026-04-10,31,3,84,461.72,0,16,0,149.3755121442774,0
2026-04-10,32,1,40,53.36,0,16,1,94.26207457661039,0
2026-04-10,32,2,37,53.36,0,15,0,65.19534176886113,0
2026-04-10,32,3,41,53.36,0,15,0,117.17374500570367,0
2026-04-10,33,1,48,106.03,0,4,0,35.84607808978558,0
2026-04-10,33,2,58,106.03,0,4,0,37.92499250069886,0
2026-04-10,33,3,41,106.03,0,4,0,85.48928501476398,0
2026-04-10,34,1,38,32.16,0,2,0,80.37875632363644,0
2026-04-10,34,2,44,32.16,0,2,0,98.70505330739388,0
2026-04-10,34,3,36,32.16,0,2,0,77.95948401566015,0
2026-04-10,35,1,49,169.41,0,6,0,124.23255697418777,0
2026-04-10,35,2,58,169.41,0,6,0,138.5442413019402,0
2026-04-10,35,3,46,169.41,0,6,0,122.58900075091721,0
2026-04-10,36,1,48,200.45,0,27,0,80.29815114523683,0
2026-04-10,36,2,50,200.45,0,27,0,110.19776709441619,1
2026-04-10,36,3,58,200.45,0,27,0,91.19736970030445,0
2026-04-10,37,1,56,142.96,0,24,0,92.89362184648736,0
2026-04-10,37,2,38,142.96,0,24,0,95.47171392181667,0
2026-04-10,37,3,50,142.96,0,24,0,80.9367361969048,0
2026-04-10,38,1,72,416.08,0,15,0,214.4882372419116,0
2026-04-10,38,2,77,416.08,0,15,0,39.55697320600919,0
2026-04-10,38,3,76,416.08,0,15,0,216.20665317405997,0
2026-04-10,39,1,49,184.81,0,8,0,25.06245119478561,0
2026-04-10,39,2,45,184.81,0,8,0,121.60337345588329,0
2026-04-10,39,3,59,184.81,0,8,0,154.63995865925992,0
2026-04-10,40,1,49,147.66,0,28,0,51.353160088469224,0
2026-04-10,40,2,46,147.66,0,28,0,89.83354965528194,0
2026-04-10,40,3,52,147.66,0,28,0,29.829312708790347,0
2026-04-10,41,1,69,275.92,0,10,0,114.52581795058488,0
2026-04-10,41,2,57,275.92,0,10,0,166.4615779508678,0
2026-04-10,41,3,63,275.92,0,10,0,105.26531967023554,0
2026-04-10,42,1,38,79.05,0,16,0,44.18857667240876,0
2026-04-10,42,2,45,79.05,0,16,0,123.6732955867486,0
2026-04-10,42,3,36,79.05,0,16,0,45.37720917814152,0
2026-04-10,43,1,74,403.08,0,16,0,134.23214334980045,0
2026-04-10,43,2,69,403.08,0,16,0,193.32694773502726,0
2026-04-10,43,3,73,403.08,0,16,0,96.78069067903984,0
2026-04-10,44,1,29,46.53,0,27,0,72.3473085159262,0
2026-04-10,44,2,37,46.53,0,27,0,87.75964040146071,0
2026-04-10,44,3,30,46.53,0,27,0,37.22418208192253,0
2026-04-10,45,1,89,493.57,0,11,0,250.70645140942372,0
2026-04-10,45,2,78,493.57,0,11,0,144.49101562782994,0
2026-04-10,45,3,87,493.57,0,11,0,218.9921714318863,0
2026-04-10,46,1,71,388.4,0,29,0,198.49020406182635,0
2026-04-10,46,2,72,388.4,0,29,0,53.57265683026863,1
2026-04-10,46,3,75,388.4,0,29,0,172.16602779773118,0
2026-04-10,47,1,39,107.37,0,15,1,95.47712830864457,0
2026-04-10,47,2,45,107.37,0,14,0,60.47708847477139,0
2026-04-10,47,3,90,107.37,1,14,0,264.27854725849784,0
2026-04-10,48,1,32,12.71,0,20,0,43.836694650913536,1
2026-04-10,48,2,36,12.71,0,20,0,44.91184930005186,0
2026-04-10,48,3,33,12.71,0,25,5,56.71588769527241,0
2026-04-10,49,1,81,409.58,0,8,0,167.62490669572236,0
2026-04-10,49,2,76,409.58,0,8,0,200.93025529254672,0
2026-04-10,49,3,71,409.58,0,8,0,131.5177337218722,0
2026-04-10,50,1,76,356.36,0,18,0,66.50245543811212,0
2026-04-10,50,2,63,356.36,0,18,0,112.5783360952422,1
2026-04-10,50,3,66,356.36,0,18,0,75.8118350523576,0
